[0m15:57:35.826770 [debug] [MainThread]: Sending event: {'category': 'dbt', 'action': 'invocation', 'label': 'start', 'context': [<snowplow_tracker.self_describing_json.SelfDescribingJson object at 0x0000022EAD74C7D0>, <snowplow_tracker.self_describing_json.SelfDescribingJson object at 0x0000022EAF110C20>, <snowplow_tracker.self_describing_json.SelfDescribingJson object at 0x0000022EAC62C680>]}


============================== 15:57:35.843289 | a46ecf94-68b8-4fc1-baca-9a505e906df6 ==============================
[0m15:57:35.843289 [info ] [MainThread]: Running with dbt=1.12.0
[0m15:57:35.844289 [debug] [MainThread]: running dbt with arguments {'static_parser': 'True', 'no_print': 'None', 'version_check': 'True', 'target_path': 'None', 'warn_error_options': 'WarnErrorOptionsV2(error=[], warn=[], silence=[])', 'maximum_seed_size_mib': '1', 'printer_width': '80', 'write_json': 'True', 'empty': 'None', 'log_cache_events': 'False', 'introspect': 'True', 'cache_selected_only': 'False', 'fail_fast': 'False', 'debug': 'False', 'log_format': 'default', 'partial_parse': 'True', 'send_anonymous_usage_stats': 'True', 'quiet': 'False', 'warn_error': 'None', 'profiles_dir': '.', 'use_colors': 'True', 'hints_enabled': 'True', 'invocation_command': 'dbt debug --profiles-dir .', 'use_experimental_parser': 'False', 'indirect_selection': 'eager', 'log_path': 'C:\\Users\\Steve\\OneDrive\\Desktop\\code\\pulse\\transform\\logs'}
[0m15:57:35.861821 [info ] [MainThread]: dbt version: 1.12.0
[0m15:57:35.862323 [info ] [MainThread]: python version: 3.12.13
[0m15:57:35.862323 [info ] [MainThread]: python path: C:\Users\Steve\OneDrive\Desktop\code\pulse\dbt_venv\Scripts\python.exe
[0m15:57:35.862822 [info ] [MainThread]: os info: Windows-11-10.0.26200-SP0
[0m15:57:35.904379 [error] [MainThread]: [[31mERROR[0m]: Encountered an error:
DLL load failed while importing _sqlite3: The specified module could not be found.
[0m15:57:35.906879 [error] [MainThread]: Traceback (most recent call last):
  File "C:\Users\Steve\OneDrive\Desktop\code\pulse\dbt_venv\Lib\site-packages\dbt\cli\requires.py", line 190, in wrapper
    result, success = func(*args, **kwargs)
                      ^^^^^^^^^^^^^^^^^^^^^
  File "C:\Users\Steve\OneDrive\Desktop\code\pulse\dbt_venv\Lib\site-packages\dbt\cli\requires.py", line 136, in wrapper
    return func(*args, **kwargs)
           ^^^^^^^^^^^^^^^^^^^^^
  File "C:\Users\Steve\OneDrive\Desktop\code\pulse\dbt_venv\Lib\site-packages\dbt\cli\main.py", line 439, in debug
    results = task.run()
              ^^^^^^^^^^
  File "C:\Users\Steve\OneDrive\Desktop\code\pulse\dbt_venv\Lib\site-packages\dbt\task\debug.py", line 114, in run
    load_profile_status: SubtaskStatus = self._load_profile()
                                         ^^^^^^^^^^^^^^^^^^^^
  File "C:\Users\Steve\OneDrive\Desktop\code\pulse\dbt_venv\Lib\site-packages\dbt\task\debug.py", line 205, in _load_profile
    profile: Profile = Profile.render(
                       ^^^^^^^^^^^^^^^
  File "C:\Users\Steve\OneDrive\Desktop\code\pulse\dbt_venv\Lib\site-packages\dbt\config\profile.py", line 404, in render
    return cls.from_raw_profiles(
           ^^^^^^^^^^^^^^^^^^^^^^
  File "C:\Users\Steve\OneDrive\Desktop\code\pulse\dbt_venv\Lib\site-packages\dbt\config\profile.py", line 370, in from_raw_profiles
    return cls.from_raw_profile_info(
           ^^^^^^^^^^^^^^^^^^^^^^^^^^
  File "C:\Users\Steve\OneDrive\Desktop\code\pulse\dbt_venv\Lib\site-packages\dbt\config\profile.py", line 326, in from_raw_profile_info
    credentials: Credentials = cls._credentials_from_profile(
                               ^^^^^^^^^^^^^^^^^^^^^^^^^^^^^^
  File "C:\Users\Steve\OneDrive\Desktop\code\pulse\dbt_venv\Lib\site-packages\dbt\config\profile.py", line 150, in _credentials_from_profile
    cls = load_plugin(typename)
          ^^^^^^^^^^^^^^^^^^^^^
  File "C:\Users\Steve\OneDrive\Desktop\code\pulse\dbt_venv\Lib\site-packages\dbt\adapters\factory.py", line 239, in load_plugin
    return FACTORY.load_plugin(name)
           ^^^^^^^^^^^^^^^^^^^^^^^^^
  File "C:\Users\Steve\OneDrive\Desktop\code\pulse\dbt_venv\Lib\site-packages\dbt\adapters\factory.py", line 68, in load_plugin
    mod: Any = import_module("." + name, "dbt.adapters")
               ^^^^^^^^^^^^^^^^^^^^^^^^^^^^^^^^^^^^^^^^^
  File "C:\Program Files\QGIS 3.44.11\apps\Python312\Lib\importlib\__init__.py", line 90, in import_module
    return _bootstrap._gcd_import(name[level:], package, level)
           ^^^^^^^^^^^^^^^^^^^^^^^^^^^^^^^^^^^^^^^^^^^^^^^^^^^^
  File "<frozen importlib._bootstrap>", line 1387, in _gcd_import
  File "<frozen importlib._bootstrap>", line 1360, in _find_and_load
  File "<frozen importlib._bootstrap>", line 1331, in _find_and_load_unlocked
  File "<frozen importlib._bootstrap>", line 935, in _load_unlocked
  File "<frozen importlib._bootstrap_external>", line 999, in exec_module
  File "<frozen importlib._bootstrap>", line 488, in _call_with_frames_removed
  File "C:\Users\Steve\OneDrive\Desktop\code\pulse\dbt_venv\Lib\site-packages\dbt\adapters\sqlite\__init__.py", line 1, in <module>
    from dbt.adapters.sqlite.connections import SQLiteConnectionManager
  File "C:\Users\Steve\OneDrive\Desktop\code\pulse\dbt_venv\Lib\site-packages\dbt\adapters\sqlite\connections.py", line 6, in <module>
    import sqlite3
  File "C:\Program Files\QGIS 3.44.11\apps\Python312\Lib\sqlite3\__init__.py", line 57, in <module>
    from sqlite3.dbapi2 import *
  File "C:\Program Files\QGIS 3.44.11\apps\Python312\Lib\sqlite3\dbapi2.py", line 27, in <module>
    from _sqlite3 import *
ImportError: DLL load failed while importing _sqlite3: The specified module could not be found.

[0m15:57:35.907891 [debug] [MainThread]: Command `dbt debug` failed at 15:57:35.907891 after 0.20 seconds
[0m15:57:35.907891 [debug] [MainThread]: Sending event: {'category': 'dbt', 'action': 'invocation', 'label': 'end', 'context': [<snowplow_tracker.self_describing_json.SelfDescribingJson object at 0x0000022EAD6D6120>, <snowplow_tracker.self_describing_json.SelfDescribingJson object at 0x0000022EAF110C20>, <snowplow_tracker.self_describing_json.SelfDescribingJson object at 0x0000022EAF110B90>]}
[0m15:57:35.908389 [debug] [MainThread]: Flushing usage events
[0m15:57:36.555582 [debug] [MainThread]: An error was encountered while trying to flush usage events
[0m21:17:01.586654 [debug] [MainThread]: Sending event: {'category': 'dbt', 'action': 'invocation', 'label': 'start', 'context': [<snowplow_tracker.self_describing_json.SelfDescribingJson object at 0x000001ED36AE0410>, <snowplow_tracker.self_describing_json.SelfDescribingJson object at 0x000001ED35D7C710>, <snowplow_tracker.self_describing_json.SelfDescribingJson object at 0x000001ED36AE0890>]}


============================== 21:17:01.609193 | 3acae8bc-810a-4c63-b6aa-1224d7a2f6b0 ==============================
[0m21:17:01.609193 [info ] [MainThread]: Running with dbt=1.12.0
[0m21:17:01.610194 [debug] [MainThread]: running dbt with arguments {'maximum_seed_size_mib': '1', 'no_print': 'None', 'version_check': 'True', 'target_path': 'None', 'warn_error_options': 'WarnErrorOptionsV2(error=[], warn=[], silence=[])', 'static_parser': 'True', 'printer_width': '80', 'write_json': 'True', 'empty': 'None', 'log_cache_events': 'False', 'introspect': 'True', 'cache_selected_only': 'False', 'log_format': 'default', 'debug': 'False', 'fail_fast': 'False', 'profiles_dir': '.', 'send_anonymous_usage_stats': 'True', 'quiet': 'False', 'warn_error': 'None', 'partial_parse': 'True', 'use_colors': 'True', 'hints_enabled': 'True', 'invocation_command': 'dbt debug --profiles-dir .', 'use_experimental_parser': 'False', 'indirect_selection': 'eager', 'log_path': 'C:\\Users\\Steve\\OneDrive\\Desktop\\code\\pulse\\transform\\logs'}
[0m21:17:01.636727 [info ] [MainThread]: dbt version: 1.12.0
[0m21:17:01.637734 [info ] [MainThread]: python version: 3.12.13
[0m21:17:01.638238 [info ] [MainThread]: python path: C:\Users\Steve\OneDrive\Desktop\code\pulse\dbt_venv\Scripts\python.exe
[0m21:17:01.638238 [info ] [MainThread]: os info: Windows-11-10.0.26200-SP0
[0m21:17:01.785923 [info ] [MainThread]: Using profiles dir at .
[0m21:17:01.786422 [info ] [MainThread]: Using profiles.yml file at .\profiles.yml
[0m21:17:01.786422 [info ] [MainThread]: Using dbt_project.yml file at C:\Users\Steve\OneDrive\Desktop\code\pulse\transform\dbt_project.yml
[0m21:17:01.787930 [info ] [MainThread]: adapter type: postgres
[0m21:17:01.788430 [info ] [MainThread]: adapter version: 1.11.0
[0m21:17:01.884050 [info ] [MainThread]: Configuration:
[0m21:17:01.884551 [info ] [MainThread]:   profiles.yml file [[32mOK found and valid[0m]
[0m21:17:01.885050 [info ] [MainThread]:   dbt_project.yml file [[32mOK found and valid[0m]
[0m21:17:01.885050 [info ] [MainThread]: Required dependencies:
[0m21:17:01.886050 [debug] [MainThread]: Executing "git --help"
[0m21:17:01.916584 [debug] [MainThread]: STDOUT: "b"usage: git [-v | --version] [-h | --help] [-C <path>] [-c <name>=<value>]\n           [--exec-path[=<path>]] [--html-path] [--man-path] [--info-path]\n           [-p | --paginate | -P | --no-pager] [--no-replace-objects] [--no-lazy-fetch]\n           [--no-optional-locks] [--no-advice] [--bare] [--git-dir=<path>]\n           [--work-tree=<path>] [--namespace=<name>] [--config-env=<name>=<envvar>]\n           <command> [<args>]\n\nThese are common Git commands used in various situations:\n\nstart a working area (see also: git help tutorial)\n   clone      Clone a repository into a new directory\n   init       Create an empty Git repository or reinitialize an existing one\n\nwork on the current change (see also: git help everyday)\n   add        Add file contents to the index\n   mv         Move or rename a file, a directory, or a symlink\n   restore    Restore working tree files\n   rm         Remove files from the working tree and from the index\n\nexamine the history and state (see also: git help revisions)\n   bisect     Use binary search to find the commit that introduced a bug\n   diff       Show changes between commits, commit and working tree, etc\n   grep       Print lines matching a pattern\n   log        Show commit logs\n   show       Show various types of objects\n   status     Show the working tree status\n\ngrow, mark and tweak your common history\n   backfill   Download missing objects in a partial clone\n   branch     List, create, or delete branches\n   commit     Record changes to the repository\n   history    EXPERIMENTAL: Rewrite history\n   merge      Join two or more development histories together\n   rebase     Reapply commits on top of another base tip\n   reset      Set `HEAD` or the index to a known state\n   switch     Switch branches\n   tag        Create, list, delete or verify tags\n\ncollaborate (see also: git help workflows)\n   fetch      Download objects and refs from another repository\n   pull       Fetch from and integrate with another repository or a local branch\n   push       Update remote refs along with associated objects\n\n'git help -a' and 'git help -g' list available subcommands and some\nconcept guides. See 'git help <command>' or 'git help <concept>'\nto read about a specific subcommand or concept.\nSee 'git help git' for an overview of the system.\n""
[0m21:17:01.916584 [debug] [MainThread]: STDERR: "b''"
[0m21:17:01.916584 [info ] [MainThread]:  - git [[32mOK found[0m]

[0m21:17:01.917588 [info ] [MainThread]: Connection:
[0m21:17:01.917588 [info ] [MainThread]:   host: localhost
[0m21:17:01.918096 [info ] [MainThread]:   port: 5432
[0m21:17:01.918096 [info ] [MainThread]:   user: postgres
[0m21:17:01.918096 [info ] [MainThread]:   database: pulse
[0m21:17:01.919100 [info ] [MainThread]:   schema: public
[0m21:17:01.919100 [info ] [MainThread]:   connect_timeout: 10
[0m21:17:01.920115 [info ] [MainThread]:   role: None
[0m21:17:01.920618 [info ] [MainThread]:   search_path: None
[0m21:17:01.920618 [info ] [MainThread]:   keepalives_idle: 0
[0m21:17:01.921118 [info ] [MainThread]:   sslmode: None
[0m21:17:01.921619 [info ] [MainThread]:   sslcert: None
[0m21:17:01.921619 [info ] [MainThread]:   sslkey: None
[0m21:17:01.922118 [info ] [MainThread]:   sslrootcert: None
[0m21:17:01.922118 [info ] [MainThread]:   application_name: dbt
[0m21:17:01.922619 [info ] [MainThread]:   autocommit: False
[0m21:17:01.923118 [info ] [MainThread]:   retries: 1
[0m21:17:01.923619 [info ] [MainThread]: Registered adapter: postgres=1.11.0
[0m21:17:02.256022 [debug] [MainThread]: Acquiring new postgres connection 'debug'
[0m21:17:03.566737 [debug] [MainThread]: Using postgres connection "debug"
[0m21:17:03.567741 [debug] [MainThread]: On debug: select 1 as id
[0m21:17:03.567741 [debug] [MainThread]: Opening a new connection, currently in state init
[0m21:17:03.598291 [debug] [MainThread]: SQL status: SELECT 1 in 0.030 seconds
[0m21:17:03.599290 [debug] [MainThread]: On debug: Close
[0m21:17:03.599792 [info ] [MainThread]:   Connection test: [[32mOK connection ok[0m]

[0m21:17:03.600289 [info ] [MainThread]: [32mAll checks passed![0m
[0m21:17:03.601289 [debug] [MainThread]: Command `dbt debug` succeeded at 21:17:03.600790 after 2.14 seconds
[0m21:17:03.601289 [debug] [MainThread]: Connection 'debug' was properly closed.
[0m21:17:03.601792 [debug] [MainThread]: Sending event: {'category': 'dbt', 'action': 'invocation', 'label': 'end', 'context': [<snowplow_tracker.self_describing_json.SelfDescribingJson object at 0x000001ED35D7C710>, <snowplow_tracker.self_describing_json.SelfDescribingJson object at 0x000001ED36330950>, <snowplow_tracker.self_describing_json.SelfDescribingJson object at 0x000001ED388A64E0>]}
[0m21:17:03.601792 [debug] [MainThread]: Flushing usage events
[0m21:17:04.153047 [debug] [MainThread]: An error was encountered while trying to flush usage events
[0m21:18:36.614196 [debug] [MainThread]: Sending event: {'category': 'dbt', 'action': 'invocation', 'label': 'start', 'context': [<snowplow_tracker.self_describing_json.SelfDescribingJson object at 0x00000192E8398440>, <snowplow_tracker.self_describing_json.SelfDescribingJson object at 0x00000192EB400830>, <snowplow_tracker.self_describing_json.SelfDescribingJson object at 0x00000192EB400710>]}


============================== 21:18:36.620715 | 53d0c8f4-ffba-40f7-bb4b-cd5ff327baaa ==============================
[0m21:18:36.620715 [info ] [MainThread]: Running with dbt=1.12.0
[0m21:18:36.621214 [debug] [MainThread]: running dbt with arguments {'maximum_seed_size_mib': '1', 'no_print': 'None', 'static_parser': 'True', 'warn_error_options': 'WarnErrorOptionsV2(error=[], warn=[], silence=[])', 'target_path': 'None', 'version_check': 'True', 'printer_width': '80', 'write_json': 'True', 'empty': 'False', 'log_cache_events': 'False', 'introspect': 'True', 'cache_selected_only': 'False', 'log_format': 'default', 'debug': 'False', 'fail_fast': 'False', 'profiles_dir': '.', 'send_anonymous_usage_stats': 'True', 'quiet': 'False', 'warn_error': 'None', 'partial_parse': 'True', 'indirect_selection': 'eager', 'hints_enabled': 'True', 'use_colors': 'True', 'use_experimental_parser': 'False', 'invocation_command': 'dbt build --profiles-dir .', 'log_path': 'C:\\Users\\Steve\\OneDrive\\Desktop\\code\\pulse\\transform\\logs'}
[0m21:18:36.777917 [debug] [MainThread]: Sending event: {'category': 'dbt', 'action': 'project_id', 'label': '53d0c8f4-ffba-40f7-bb4b-cd5ff327baaa', 'context': [<snowplow_tracker.self_describing_json.SelfDescribingJson object at 0x00000192ED10EF30>]}
[0m21:18:36.822481 [debug] [MainThread]: Sending event: {'category': 'dbt', 'action': 'adapter_info', 'label': '53d0c8f4-ffba-40f7-bb4b-cd5ff327baaa', 'context': [<snowplow_tracker.self_describing_json.SelfDescribingJson object at 0x00000192E8745B50>]}
[0m21:18:36.823985 [info ] [MainThread]: Registered adapter: postgres=1.11.0
[0m21:18:37.045281 [debug] [MainThread]: checksum: c88f2b38114df2604ccc177aea92f212ddffa831408be655762d132e6474640b, vars: {}, profile: pulse_transform_profile, target: dev, version: 1.12.0
[0m21:18:37.046281 [info ] [MainThread]: Unable to do partial parsing because saved manifest not found. Starting full parse.
[0m21:18:37.047782 [debug] [MainThread]: Sending event: {'category': 'dbt', 'action': 'partial_parser', 'label': '53d0c8f4-ffba-40f7-bb4b-cd5ff327baaa', 'context': [<snowplow_tracker.self_describing_json.SelfDescribingJson object at 0x00000192ED2C02C0>]}
[0m21:18:38.821729 [warn ] [MainThread]: [[33mWARNING[0m][MissingArgumentsPropertyInGenericTestDeprecation]: Deprecated
functionality
Found top-level arguments to test `accepted_values` defined on 'stg_weather' in
package 'pulse_transform' (models\schema.yml). Arguments to generic tests should
be nested under the `arguments` property.
[0m21:18:38.822229 [debug] [MainThread]: Sending event: {'category': 'dbt', 'action': 'deprecation', 'label': '53d0c8f4-ffba-40f7-bb4b-cd5ff327baaa', 'property_': 'warn', 'context': [<snowplow_tracker.self_describing_json.SelfDescribingJson object at 0x00000192ED8E6720>]}
[0m21:18:39.007028 [debug] [MainThread]: Sending event: {'category': 'dbt', 'action': 'load_project', 'label': '53d0c8f4-ffba-40f7-bb4b-cd5ff327baaa', 'context': [<snowplow_tracker.self_describing_json.SelfDescribingJson object at 0x00000192EDA38CE0>]}
[0m21:18:39.086113 [debug] [MainThread]: Wrote artifact WritableManifest to C:\Users\Steve\OneDrive\Desktop\code\pulse\transform\target\manifest.json
[0m21:18:39.089112 [debug] [MainThread]: Wrote artifact SemanticManifest to C:\Users\Steve\OneDrive\Desktop\code\pulse\transform\target\semantic_manifest.json
[0m21:18:39.121664 [debug] [MainThread]: Wrote artifact OsiDocument to C:\Users\Steve\OneDrive\Desktop\code\pulse\transform\target\osi_document.json
[0m21:18:39.164733 [debug] [MainThread]: Sending event: {'category': 'dbt', 'action': 'resource_counts', 'label': '53d0c8f4-ffba-40f7-bb4b-cd5ff327baaa', 'context': [<snowplow_tracker.self_describing_json.SelfDescribingJson object at 0x00000192EDB36660>]}
[0m21:18:39.165233 [info ] [MainThread]: Found 4 models, 19 data tests, 3 sources, 477 macros
[0m21:18:39.168232 [info ] [MainThread]: 
[0m21:18:39.168232 [info ] [MainThread]: Concurrency: 1 threads (target='dev')
[0m21:18:39.168732 [info ] [MainThread]: 
[0m21:18:39.169233 [debug] [MainThread]: Acquiring new postgres connection 'master'
[0m21:18:39.172248 [debug] [ThreadPool]: Acquiring new postgres connection 'list_pulse'
[0m21:18:39.238847 [debug] [ThreadPool]: Using postgres connection "list_pulse"
[0m21:18:39.239346 [debug] [ThreadPool]: On list_pulse: /* {"app": "dbt", "dbt_version": "1.12.0", "profile_name": "pulse_transform_profile", "target_name": "dev", "connection_name": "list_pulse"} */

    select distinct nspname from pg_namespace
  
[0m21:18:39.239346 [debug] [ThreadPool]: Opening a new connection, currently in state init
[0m21:18:39.273884 [debug] [ThreadPool]: SQL status: SELECT 4 in 0.034 seconds
[0m21:18:39.275387 [debug] [ThreadPool]: On list_pulse: Close
[0m21:18:39.276385 [debug] [ThreadPool]: Acquiring new postgres connection 'list_pulse_public'
[0m21:18:39.280391 [debug] [ThreadPool]: Using postgres connection "list_pulse_public"
[0m21:18:39.280894 [debug] [ThreadPool]: On list_pulse_public: /* {"app": "dbt", "dbt_version": "1.12.0", "profile_name": "pulse_transform_profile", "target_name": "dev", "connection_name": "list_pulse_public"} */
select
      'pulse' as database,
      tablename as name,
      schemaname as schema,
      'table' as type
    from pg_tables
    where schemaname ilike 'public'
    union all
    select
      'pulse' as database,
      viewname as name,
      schemaname as schema,
      'view' as type
    from pg_views
    where schemaname ilike 'public'
    union all
    select
      'pulse' as database,
      matviewname as name,
      schemaname as schema,
      'materialized_view' as type
    from pg_matviews
    where schemaname ilike 'public'
    union all
    select distinct
     'pulse' as database,
     proname as name,
     ns.nspname as schema,
     'function' as type
    from pg_proc
     join pg_namespace as ns on pronamespace = ns.oid
    where ns.nspname ilike 'public'
  
[0m21:18:39.280894 [debug] [ThreadPool]: Opening a new connection, currently in state init
[0m21:18:39.315943 [debug] [ThreadPool]: SQL status: SELECT 3 in 0.035 seconds
[0m21:18:39.317442 [debug] [ThreadPool]: On list_pulse_public: ROLLBACK
[0m21:18:39.317942 [debug] [ThreadPool]: On list_pulse_public: Close
[0m21:18:39.321452 [debug] [MainThread]: Using postgres connection "master"
[0m21:18:39.321952 [debug] [MainThread]: On master: /* {"app": "dbt", "dbt_version": "1.12.0", "profile_name": "pulse_transform_profile", "target_name": "dev", "connection_name": "master"} */
select distinct
        dependent_namespace.nspname as dependent_schema,
        dependent_class.relname as dependent_name,
        referenced_namespace.nspname as referenced_schema,
        referenced_class.relname as referenced_name

    -- Query for views: views are entries in pg_class with an entry in pg_rewrite, but we avoid
    -- a seq scan on pg_rewrite by leveraging the fact there is an "internal" row in pg_depend for
    -- the view...
    from pg_class as dependent_class
    join pg_namespace as dependent_namespace on dependent_namespace.oid = dependent_class.relnamespace
    join pg_depend as dependent_depend on dependent_depend.refobjid = dependent_class.oid
        and dependent_depend.classid = 'pg_rewrite'::regclass
        and dependent_depend.refclassid = 'pg_class'::regclass
        and dependent_depend.deptype = 'i'

    -- ... and via pg_depend (that has a row per column, hence the need for "distinct" above, and
    -- making sure to exclude the internal row to avoid a view appearing to depend on itself)...
    join pg_depend as joining_depend on joining_depend.objid = dependent_depend.objid
        and joining_depend.classid = 'pg_rewrite'::regclass
        and joining_depend.refclassid = 'pg_class'::regclass
        and joining_depend.refobjid != dependent_depend.refobjid

    -- ... we can find the tables they query from in pg_class, but excluding system tables. Note we
    -- don't need need to exclude _dependent_ system tables, because they only query from other
    -- system tables, and so are automatically excluded by excluding _referenced_ system tables
    join pg_class as referenced_class on referenced_class.oid = joining_depend.refobjid
    join pg_namespace as referenced_namespace on referenced_namespace.oid = referenced_class.relnamespace
        and referenced_namespace.nspname != 'information_schema'
        and referenced_namespace.nspname not like 'pg\_%'

    order by
        dependent_schema, dependent_name, referenced_schema, referenced_name;
[0m21:18:39.321952 [debug] [MainThread]: Opening a new connection, currently in state init
[0m21:18:39.358504 [debug] [MainThread]: SQL status: SELECT 0 in 0.037 seconds
[0m21:18:39.359504 [debug] [MainThread]: Sending event: {'category': 'dbt', 'action': 'runnable_timing', 'label': '53d0c8f4-ffba-40f7-bb4b-cd5ff327baaa', 'context': [<snowplow_tracker.self_describing_json.SelfDescribingJson object at 0x00000192EDA631A0>]}
[0m21:18:39.360509 [debug] [MainThread]: On master: ROLLBACK
[0m21:18:39.360509 [debug] [MainThread]: On master: COMMIT
[0m21:18:39.361013 [debug] [MainThread]: Using postgres connection "master"
[0m21:18:39.361013 [debug] [MainThread]: On master: COMMIT
[0m21:18:39.361513 [debug] [MainThread]: SQL status: COMMIT in 0.000 seconds
[0m21:18:39.361513 [debug] [MainThread]: On master: Close
[0m21:18:39.382541 [debug] [Thread-1 (]: Began running node model.pulse_transform.stg_crypto
[0m21:18:39.383042 [info ] [Thread-1 (]: 1 of 23 START sql table model public.stg_crypto ................................ [RUN]
[0m21:18:39.383541 [debug] [Thread-1 (]: Acquiring new postgres connection 'model.pulse_transform.stg_crypto'
[0m21:18:39.384546 [debug] [Thread-1 (]: Began compiling node model.pulse_transform.stg_crypto
[0m21:18:39.389053 [debug] [Thread-1 (]: Writing injected SQL for node "model.pulse_transform.stg_crypto"
[0m21:18:39.390559 [debug] [Thread-1 (]: Began executing node model.pulse_transform.stg_crypto
[0m21:18:39.417088 [debug] [Thread-1 (]: Writing runtime sql for node "model.pulse_transform.stg_crypto"
[0m21:18:39.418585 [debug] [Thread-1 (]: Using postgres connection "model.pulse_transform.stg_crypto"
[0m21:18:39.419084 [debug] [Thread-1 (]: On model.pulse_transform.stg_crypto: /* {"app": "dbt", "dbt_version": "1.12.0", "profile_name": "pulse_transform_profile", "target_name": "dev", "node_id": "model.pulse_transform.stg_crypto"} */

  
    

  create  table "pulse"."public"."stg_crypto__dbt_tmp"
  
  
    as
  
  (
    with source as (
    select
        id,
        source,
        raw_json,
        ingested_at,
        json_each(raw_json) as coin_entry
    from "pulse"."pulse"."raw_crypto"
)

select
    row_number() over (order by id, coin_entry.key) as id,
    source,
    coin_entry.key as coin,
    cast(json_extract(coin_entry.value, '$.usd') as float) as price_usd,
    ingested_at,
    raw_json
from source
  );
  
[0m21:18:39.419587 [debug] [Thread-1 (]: Opening a new connection, currently in state init
[0m21:18:39.447644 [debug] [Thread-1 (]: Postgres adapter: Postgres error: relation "pulse.raw_crypto" does not exist
LINE 19:     from "pulse"."pulse"."raw_crypto"
                  ^

[0m21:18:39.448144 [debug] [Thread-1 (]: On model.pulse_transform.stg_crypto: ROLLBACK
[0m21:18:39.448144 [debug] [Thread-1 (]: On model.pulse_transform.stg_crypto: Close
[0m21:18:39.517733 [debug] [Thread-1 (]: Database Error in model stg_crypto (models\stg_crypto.sql)
  relation "pulse.raw_crypto" does not exist
  LINE 19:     from "pulse"."pulse"."raw_crypto"
                    ^
  compiled code at target\run\pulse_transform\models\stg_crypto.sql
[0m21:18:39.519235 [debug] [Thread-1 (]: Sending event: {'category': 'dbt', 'action': 'run_model', 'label': '53d0c8f4-ffba-40f7-bb4b-cd5ff327baaa', 'context': [<snowplow_tracker.self_describing_json.SelfDescribingJson object at 0x00000192EDA9A060>]}
[0m21:18:39.519235 [error] [Thread-1 (]: 1 of 23 ERROR creating sql table model public.stg_crypto ....................... [[31mERROR[0m in 0.13s]
[0m21:18:39.520744 [debug] [Thread-1 (]: Finished running node model.pulse_transform.stg_crypto
[0m21:18:39.521244 [debug] [Thread-1 (]: Began running node model.pulse_transform.stg_sports
[0m21:18:39.521244 [debug] [Thread-4 (]: Marking all children of 'model.pulse_transform.stg_crypto' to be skipped because of status 'error'.  Reason: Database Error in model stg_crypto (models\stg_crypto.sql)
  relation "pulse.raw_crypto" does not exist
  LINE 19:     from "pulse"."pulse"."raw_crypto"
                    ^
  compiled code at target\run\pulse_transform\models\stg_crypto.sql.
[0m21:18:39.521746 [info ] [Thread-1 (]: 2 of 23 START sql table model public.stg_sports ................................ [RUN]
[0m21:18:39.522745 [debug] [Thread-1 (]: Re-using an available connection from the pool (formerly model.pulse_transform.stg_crypto, now model.pulse_transform.stg_sports)
[0m21:18:39.523245 [debug] [Thread-1 (]: Began compiling node model.pulse_transform.stg_sports
[0m21:18:39.524745 [debug] [Thread-1 (]: Writing injected SQL for node "model.pulse_transform.stg_sports"
[0m21:18:39.525245 [debug] [Thread-1 (]: Began executing node model.pulse_transform.stg_sports
[0m21:18:39.527758 [debug] [Thread-1 (]: Writing runtime sql for node "model.pulse_transform.stg_sports"
[0m21:18:39.528260 [debug] [Thread-1 (]: Using postgres connection "model.pulse_transform.stg_sports"
[0m21:18:39.528759 [debug] [Thread-1 (]: On model.pulse_transform.stg_sports: /* {"app": "dbt", "dbt_version": "1.12.0", "profile_name": "pulse_transform_profile", "target_name": "dev", "node_id": "model.pulse_transform.stg_sports"} */

  
    

  create  table "pulse"."public"."stg_sports__dbt_tmp"
  
  
    as
  
  (
    with source as (
    select
        id,
        source,
        raw_json,
        ingested_at,
        json_extract(raw_json, '$.events') as events_json,
        json_array_length(json_extract(raw_json, '$.events')) as events_count
    from "pulse"."pulse"."raw_sports"
),
indexed as (
    select
        id,
        source,
        raw_json,
        ingested_at,
        json_extract(events_json, '$[' || idx || ']') as event_obj
    from source
    join (select 0 as idx union all select 1 union all select 2 union all select 3 union all select 4 union all select 5 union all select 6 union all select 7 union all select 8 union all select 9) as idxs
    on idx < events_count
),
parsed as (
    select
        id,
        source,
        ingested_at,
        json_extract(event_obj, '$.date') as game_date,
        json_extract(event_obj, '$.competitions[0].competitors[0].team.abbreviation') as home_team,
        json_extract(event_obj, '$.competitions[0].competitors[0].score') as home_score,
        json_extract(event_obj, '$.competitions[0].competitors[1].team.abbreviation') as away_team,
        json_extract(event_obj, '$.competitions[0].competitors[1].score') as away_score
    from indexed
)
select
    id,
    source,
    trim(home_team) as home_team,
    trim(away_team) as away_team,
    cast(home_score as integer) as home_score,
    cast(away_score as integer) as away_score,
    game_date,
    ingested_at,
    raw_json
from parsed
  );
  
[0m21:18:39.529258 [debug] [Thread-1 (]: Opening a new connection, currently in state closed
[0m21:18:39.559301 [debug] [Thread-1 (]: Postgres adapter: Postgres error: relation "pulse.raw_sports" does not exist
LINE 20:     from "pulse"."pulse"."raw_sports"
                  ^

[0m21:18:39.559301 [debug] [Thread-1 (]: On model.pulse_transform.stg_sports: ROLLBACK
[0m21:18:39.560305 [debug] [Thread-1 (]: On model.pulse_transform.stg_sports: Close
[0m21:18:39.561809 [debug] [Thread-1 (]: Database Error in model stg_sports (models\stg_sports.sql)
  relation "pulse.raw_sports" does not exist
  LINE 20:     from "pulse"."pulse"."raw_sports"
                    ^
  compiled code at target\run\pulse_transform\models\stg_sports.sql
[0m21:18:39.562312 [debug] [Thread-1 (]: Sending event: {'category': 'dbt', 'action': 'run_model', 'label': '53d0c8f4-ffba-40f7-bb4b-cd5ff327baaa', 'context': [<snowplow_tracker.self_describing_json.SelfDescribingJson object at 0x00000192EDE60260>]}
[0m21:18:39.562812 [error] [Thread-1 (]: 2 of 23 ERROR creating sql table model public.stg_sports ....................... [[31mERROR[0m in 0.04s]
[0m21:18:39.563811 [debug] [Thread-1 (]: Finished running node model.pulse_transform.stg_sports
[0m21:18:39.563811 [debug] [Thread-1 (]: Began running node model.pulse_transform.stg_weather
[0m21:18:39.564310 [debug] [Thread-4 (]: Marking all children of 'model.pulse_transform.stg_sports' to be skipped because of status 'error'.  Reason: Database Error in model stg_sports (models\stg_sports.sql)
  relation "pulse.raw_sports" does not exist
  LINE 20:     from "pulse"."pulse"."raw_sports"
                    ^
  compiled code at target\run\pulse_transform\models\stg_sports.sql.
[0m21:18:39.564812 [info ] [Thread-1 (]: 3 of 23 START sql table model public.stg_weather ............................... [RUN]
[0m21:18:39.565310 [debug] [Thread-1 (]: Re-using an available connection from the pool (formerly model.pulse_transform.stg_sports, now model.pulse_transform.stg_weather)
[0m21:18:39.565310 [debug] [Thread-1 (]: Began compiling node model.pulse_transform.stg_weather
[0m21:18:39.567810 [debug] [Thread-1 (]: Writing injected SQL for node "model.pulse_transform.stg_weather"
[0m21:18:39.568812 [debug] [Thread-1 (]: Began executing node model.pulse_transform.stg_weather
[0m21:18:39.571326 [debug] [Thread-1 (]: Writing runtime sql for node "model.pulse_transform.stg_weather"
[0m21:18:39.571825 [debug] [Thread-1 (]: Using postgres connection "model.pulse_transform.stg_weather"
[0m21:18:39.572325 [debug] [Thread-1 (]: On model.pulse_transform.stg_weather: /* {"app": "dbt", "dbt_version": "1.12.0", "profile_name": "pulse_transform_profile", "target_name": "dev", "node_id": "model.pulse_transform.stg_weather"} */

  
    

  create  table "pulse"."public"."stg_weather__dbt_tmp"
  
  
    as
  
  (
    with source as (
    select
        id,
        source,
        json_extract(raw_json, '$.requested_city') as city,
        json_extract(raw_json, '$.current_weather.temperature') as temperature,
        json_extract(raw_json, '$.current_weather.weathercode') as weather_code,
        json_extract(raw_json, '$.requested_latitude') as latitude,
        json_extract(raw_json, '$.requested_longitude') as longitude,
        datetime(ingested_at) as ingested_at,
        raw_json
    from "pulse"."pulse"."raw_weather"
)

select
    id,
    source,
    city,
    cast(temperature as float) as temperature,
    case cast(weather_code as integer)
        when 0 then 'clear'
        when 1 then 'mainly_clear'
        when 2 then 'partly_cloudy'
        when 3 then 'overcast'
        when 45 then 'fog'
        when 48 then 'depositing_rime_fog'
        when 51 then 'drizzle_light'
        when 53 then 'drizzle_moderate'
        when 55 then 'drizzle_dense'
        when 56 then 'freezing_drizzle_light'
        when 57 then 'freezing_drizzle_dense'
        when 61 then 'rain_slight'
        when 63 then 'rain_moderate'
        when 65 then 'rain_heavy'
        when 66 then 'freezing_rain_light'
        when 67 then 'freezing_rain_heavy'
        when 71 then 'snow_fall_slight'
        when 73 then 'snow_fall_moderate'
        when 75 then 'snow_fall_heavy'
        when 77 then 'snow_grains'
        when 80 then 'rain_showers_slight'
        when 81 then 'rain_showers_moderate'
        when 82 then 'rain_showers_violent'
        when 85 then 'snow_showers_slight'
        when 86 then 'snow_showers_heavy'
        when 95 then 'thunderstorm_slight_or_moderate'
        when 96 then 'thunderstorm_hail_slight'
        when 99 then 'thunderstorm_hail_heavy'
        else 'unknown'
    end as condition,
    ingested_at,
    raw_json
from source
  );
  
[0m21:18:39.572325 [debug] [Thread-1 (]: Opening a new connection, currently in state closed
[0m21:18:39.603367 [debug] [Thread-1 (]: Postgres adapter: Postgres error: relation "pulse.raw_weather" does not exist
LINE 23:     from "pulse"."pulse"."raw_weather"
                  ^

[0m21:18:39.603869 [debug] [Thread-1 (]: On model.pulse_transform.stg_weather: ROLLBACK
[0m21:18:39.604871 [debug] [Thread-1 (]: On model.pulse_transform.stg_weather: Close
[0m21:18:39.606867 [debug] [Thread-1 (]: Database Error in model stg_weather (models\stg_weather.sql)
  relation "pulse.raw_weather" does not exist
  LINE 23:     from "pulse"."pulse"."raw_weather"
                    ^
  compiled code at target\run\pulse_transform\models\stg_weather.sql
[0m21:18:39.607370 [debug] [Thread-1 (]: Sending event: {'category': 'dbt', 'action': 'run_model', 'label': '53d0c8f4-ffba-40f7-bb4b-cd5ff327baaa', 'context': [<snowplow_tracker.self_describing_json.SelfDescribingJson object at 0x00000192EE005E20>]}
[0m21:18:39.607869 [error] [Thread-1 (]: 3 of 23 ERROR creating sql table model public.stg_weather ...................... [[31mERROR[0m in 0.04s]
[0m21:18:39.608367 [debug] [Thread-1 (]: Finished running node model.pulse_transform.stg_weather
[0m21:18:39.608867 [debug] [Thread-1 (]: Began running node test.pulse_transform.not_null_stg_crypto_coin.1a9a7af2fe
[0m21:18:39.608867 [debug] [Thread-4 (]: Marking all children of 'model.pulse_transform.stg_weather' to be skipped because of status 'error'.  Reason: Database Error in model stg_weather (models\stg_weather.sql)
  relation "pulse.raw_weather" does not exist
  LINE 23:     from "pulse"."pulse"."raw_weather"
                    ^
  compiled code at target\run\pulse_transform\models\stg_weather.sql.
[0m21:18:39.609367 [info ] [Thread-1 (]: 4 of 23 SKIP test not_null_stg_crypto_coin ..................................... [[33mSKIP[0m]
[0m21:18:39.609367 [debug] [Thread-1 (]: Finished running node test.pulse_transform.not_null_stg_crypto_coin.1a9a7af2fe
[0m21:18:39.609367 [debug] [Thread-1 (]: Began running node test.pulse_transform.not_null_stg_crypto_id.6ded0cac78
[0m21:18:39.610371 [debug] [Thread-4 (]: Marking all children of 'test.pulse_transform.not_null_stg_crypto_coin.1a9a7af2fe' to be skipped because of status 'skipped'. 
[0m21:18:39.610371 [info ] [Thread-1 (]: 5 of 23 SKIP test not_null_stg_crypto_id ....................................... [[33mSKIP[0m]
[0m21:18:39.610879 [debug] [Thread-1 (]: Finished running node test.pulse_transform.not_null_stg_crypto_id.6ded0cac78
[0m21:18:39.611375 [debug] [Thread-1 (]: Began running node test.pulse_transform.not_null_stg_crypto_price_usd.366c53d8e4
[0m21:18:39.611375 [debug] [Thread-4 (]: Marking all children of 'test.pulse_transform.not_null_stg_crypto_id.6ded0cac78' to be skipped because of status 'skipped'. 
[0m21:18:39.611375 [info ] [Thread-1 (]: 6 of 23 SKIP test not_null_stg_crypto_price_usd ................................ [[33mSKIP[0m]
[0m21:18:39.612379 [debug] [Thread-1 (]: Finished running node test.pulse_transform.not_null_stg_crypto_price_usd.366c53d8e4
[0m21:18:39.612379 [debug] [Thread-1 (]: Began running node test.pulse_transform.unique_stg_crypto_id.a906923065
[0m21:18:39.612885 [debug] [Thread-4 (]: Marking all children of 'test.pulse_transform.not_null_stg_crypto_price_usd.366c53d8e4' to be skipped because of status 'skipped'. 
[0m21:18:39.613384 [info ] [Thread-1 (]: 7 of 23 SKIP test unique_stg_crypto_id ......................................... [[33mSKIP[0m]
[0m21:18:39.613384 [debug] [Thread-1 (]: Finished running node test.pulse_transform.unique_stg_crypto_id.a906923065
[0m21:18:39.613884 [debug] [Thread-1 (]: Began running node test.pulse_transform.not_null_stg_sports_away_score.8a079e60bc
[0m21:18:39.614384 [debug] [Thread-4 (]: Marking all children of 'test.pulse_transform.unique_stg_crypto_id.a906923065' to be skipped because of status 'skipped'. 
[0m21:18:39.614384 [info ] [Thread-1 (]: 8 of 23 SKIP test not_null_stg_sports_away_score ............................... [[33mSKIP[0m]
[0m21:18:39.614885 [debug] [Thread-1 (]: Finished running node test.pulse_transform.not_null_stg_sports_away_score.8a079e60bc
[0m21:18:39.615386 [debug] [Thread-1 (]: Began running node test.pulse_transform.not_null_stg_sports_away_team.cfb7ffdcd4
[0m21:18:39.615386 [debug] [Thread-4 (]: Marking all children of 'test.pulse_transform.not_null_stg_sports_away_score.8a079e60bc' to be skipped because of status 'skipped'. 
[0m21:18:39.615883 [info ] [Thread-1 (]: 9 of 23 SKIP test not_null_stg_sports_away_team ................................ [[33mSKIP[0m]
[0m21:18:39.616384 [debug] [Thread-1 (]: Finished running node test.pulse_transform.not_null_stg_sports_away_team.cfb7ffdcd4
[0m21:18:39.616384 [debug] [Thread-1 (]: Began running node test.pulse_transform.not_null_stg_sports_game_date.7a0e7af6c4
[0m21:18:39.616883 [debug] [Thread-4 (]: Marking all children of 'test.pulse_transform.not_null_stg_sports_away_team.cfb7ffdcd4' to be skipped because of status 'skipped'. 
[0m21:18:39.617398 [info ] [Thread-1 (]: 10 of 23 SKIP test not_null_stg_sports_game_date ............................... [[33mSKIP[0m]
[0m21:18:39.617885 [debug] [Thread-1 (]: Finished running node test.pulse_transform.not_null_stg_sports_game_date.7a0e7af6c4
[0m21:18:39.617885 [debug] [Thread-1 (]: Began running node test.pulse_transform.not_null_stg_sports_home_score.e8726cdba9
[0m21:18:39.618384 [debug] [Thread-4 (]: Marking all children of 'test.pulse_transform.not_null_stg_sports_game_date.7a0e7af6c4' to be skipped because of status 'skipped'. 
[0m21:18:39.618384 [info ] [Thread-1 (]: 11 of 23 SKIP test not_null_stg_sports_home_score .............................. [[33mSKIP[0m]
[0m21:18:39.618884 [debug] [Thread-1 (]: Finished running node test.pulse_transform.not_null_stg_sports_home_score.e8726cdba9
[0m21:18:39.619383 [debug] [Thread-1 (]: Began running node test.pulse_transform.not_null_stg_sports_home_team.9d8def7714
[0m21:18:39.619383 [debug] [Thread-4 (]: Marking all children of 'test.pulse_transform.not_null_stg_sports_home_score.e8726cdba9' to be skipped because of status 'skipped'. 
[0m21:18:39.619383 [info ] [Thread-1 (]: 12 of 23 SKIP test not_null_stg_sports_home_team ............................... [[33mSKIP[0m]
[0m21:18:39.620388 [debug] [Thread-1 (]: Finished running node test.pulse_transform.not_null_stg_sports_home_team.9d8def7714
[0m21:18:39.620388 [debug] [Thread-1 (]: Began running node test.pulse_transform.not_null_stg_sports_id.a70dda288b
[0m21:18:39.620893 [debug] [Thread-4 (]: Marking all children of 'test.pulse_transform.not_null_stg_sports_home_team.9d8def7714' to be skipped because of status 'skipped'. 
[0m21:18:39.621394 [info ] [Thread-1 (]: 13 of 23 SKIP test not_null_stg_sports_id ...................................... [[33mSKIP[0m]
[0m21:18:39.621394 [debug] [Thread-1 (]: Finished running node test.pulse_transform.not_null_stg_sports_id.a70dda288b
[0m21:18:39.621893 [debug] [Thread-1 (]: Began running node test.pulse_transform.accepted_values_stg_weather_condition__clear__mainly_clear__partly_cloudy__overcast__fog__depositing_rime_fog__drizzle_light__drizzle_moderate__drizzle_dense__freezing_drizzle_light__freezing_drizzle_dense__rain_slight__rain_moderate__rain_heavy__freezing_rain_light__freezing_rain_heavy__snow_fall_slight__snow_fall_moderate__snow_fall_heavy__snow_grains__rain_showers_slight__rain_showers_moderate__rain_showers_violent__snow_showers_slight__snow_showers_heavy__thunderstorm_slight_or_moderate__thunderstorm_hail_slight__thunderstorm_hail_heavy__unknown.49df99636f
[0m21:18:39.622393 [debug] [Thread-4 (]: Marking all children of 'test.pulse_transform.not_null_stg_sports_id.a70dda288b' to be skipped because of status 'skipped'. 
[0m21:18:39.622393 [info ] [Thread-1 (]: 14 of 23 SKIP test accepted_values_stg_weather_condition__clear__mainly_clear__partly_cloudy__overcast__fog__depositing_rime_fog__drizzle_light__drizzle_moderate__drizzle_dense__freezing_drizzle_light__freezing_drizzle_dense__rain_slight__rain_moderate__rain_heavy__freezing_rain_light__freezing_rain_heavy__snow_fall_slight__snow_fall_moderate__snow_fall_heavy__snow_grains__rain_showers_slight__rain_showers_moderate__rain_showers_violent__snow_showers_slight__snow_showers_heavy__thunderstorm_slight_or_moderate__thunderstorm_hail_slight__thunderstorm_hail_heavy__unknown  [[33mSKIP[0m]
[0m21:18:39.622892 [debug] [Thread-1 (]: Finished running node test.pulse_transform.accepted_values_stg_weather_condition__clear__mainly_clear__partly_cloudy__overcast__fog__depositing_rime_fog__drizzle_light__drizzle_moderate__drizzle_dense__freezing_drizzle_light__freezing_drizzle_dense__rain_slight__rain_moderate__rain_heavy__freezing_rain_light__freezing_rain_heavy__snow_fall_slight__snow_fall_moderate__snow_fall_heavy__snow_grains__rain_showers_slight__rain_showers_moderate__rain_showers_violent__snow_showers_slight__snow_showers_heavy__thunderstorm_slight_or_moderate__thunderstorm_hail_slight__thunderstorm_hail_heavy__unknown.49df99636f
[0m21:18:39.623393 [debug] [Thread-1 (]: Began running node test.pulse_transform.not_null_stg_weather_city.c03e0c0127
[0m21:18:39.623393 [debug] [Thread-4 (]: Marking all children of 'test.pulse_transform.accepted_values_stg_weather_condition__clear__mainly_clear__partly_cloudy__overcast__fog__depositing_rime_fog__drizzle_light__drizzle_moderate__drizzle_dense__freezing_drizzle_light__freezing_drizzle_dense__rain_slight__rain_moderate__rain_heavy__freezing_rain_light__freezing_rain_heavy__snow_fall_slight__snow_fall_moderate__snow_fall_heavy__snow_grains__rain_showers_slight__rain_showers_moderate__rain_showers_violent__snow_showers_slight__snow_showers_heavy__thunderstorm_slight_or_moderate__thunderstorm_hail_slight__thunderstorm_hail_heavy__unknown.49df99636f' to be skipped because of status 'skipped'. 
[0m21:18:39.623894 [info ] [Thread-1 (]: 15 of 23 SKIP test not_null_stg_weather_city ................................... [[33mSKIP[0m]
[0m21:18:39.623894 [debug] [Thread-1 (]: Finished running node test.pulse_transform.not_null_stg_weather_city.c03e0c0127
[0m21:18:39.624393 [debug] [Thread-1 (]: Began running node test.pulse_transform.not_null_stg_weather_condition.0c9e947318
[0m21:18:39.624894 [debug] [Thread-4 (]: Marking all children of 'test.pulse_transform.not_null_stg_weather_city.c03e0c0127' to be skipped because of status 'skipped'. 
[0m21:18:39.624894 [info ] [Thread-1 (]: 16 of 23 SKIP test not_null_stg_weather_condition .............................. [[33mSKIP[0m]
[0m21:18:39.625393 [debug] [Thread-1 (]: Finished running node test.pulse_transform.not_null_stg_weather_condition.0c9e947318
[0m21:18:39.625393 [debug] [Thread-1 (]: Began running node test.pulse_transform.not_null_stg_weather_id.0e1828fa23
[0m21:18:39.625393 [debug] [Thread-4 (]: Marking all children of 'test.pulse_transform.not_null_stg_weather_condition.0c9e947318' to be skipped because of status 'skipped'. 
[0m21:18:39.626397 [info ] [Thread-1 (]: 17 of 23 SKIP test not_null_stg_weather_id ..................................... [[33mSKIP[0m]
[0m21:18:39.626903 [debug] [Thread-1 (]: Finished running node test.pulse_transform.not_null_stg_weather_id.0e1828fa23
[0m21:18:39.627401 [debug] [Thread-1 (]: Began running node test.pulse_transform.not_null_stg_weather_temperature.fe647a6746
[0m21:18:39.627401 [debug] [Thread-4 (]: Marking all children of 'test.pulse_transform.not_null_stg_weather_id.0e1828fa23' to be skipped because of status 'skipped'. 
[0m21:18:39.627902 [info ] [Thread-1 (]: 18 of 23 SKIP test not_null_stg_weather_temperature ............................ [[33mSKIP[0m]
[0m21:18:39.627902 [debug] [Thread-1 (]: Finished running node test.pulse_transform.not_null_stg_weather_temperature.fe647a6746
[0m21:18:39.628402 [debug] [Thread-1 (]: Began running node test.pulse_transform.unique_stg_weather_id.c42c665fbe
[0m21:18:39.628902 [debug] [Thread-4 (]: Marking all children of 'test.pulse_transform.not_null_stg_weather_temperature.fe647a6746' to be skipped because of status 'skipped'. 
[0m21:18:39.629402 [info ] [Thread-1 (]: 19 of 23 SKIP test unique_stg_weather_id ....................................... [[33mSKIP[0m]
[0m21:18:39.629402 [debug] [Thread-1 (]: Finished running node test.pulse_transform.unique_stg_weather_id.c42c665fbe
[0m21:18:39.629402 [debug] [Thread-4 (]: Marking all children of 'test.pulse_transform.unique_stg_weather_id.c42c665fbe' to be skipped because of status 'skipped'. 
[0m21:18:39.630406 [debug] [Thread-1 (]: Began running node model.pulse_transform.daily_summary
[0m21:18:39.630911 [info ] [Thread-1 (]: 20 of 23 SKIP relation public.daily_summary .................................... [[33mSKIP[0m]
[0m21:18:39.630911 [debug] [Thread-1 (]: Finished running node model.pulse_transform.daily_summary
[0m21:18:39.631411 [debug] [Thread-4 (]: Marking all children of 'model.pulse_transform.daily_summary' to be skipped because of status 'skipped'. 
[0m21:18:39.631911 [debug] [Thread-1 (]: Began running node test.pulse_transform.not_null_daily_summary_crypto_coin.2b3c1f82f7
[0m21:18:39.632410 [info ] [Thread-1 (]: 21 of 23 SKIP test not_null_daily_summary_crypto_coin .......................... [[33mSKIP[0m]
[0m21:18:39.632410 [debug] [Thread-1 (]: Finished running node test.pulse_transform.not_null_daily_summary_crypto_coin.2b3c1f82f7
[0m21:18:39.632911 [debug] [Thread-1 (]: Began running node test.pulse_transform.not_null_daily_summary_sports_game_date.d349270fc3
[0m21:18:39.633912 [debug] [Thread-4 (]: Marking all children of 'test.pulse_transform.not_null_daily_summary_crypto_coin.2b3c1f82f7' to be skipped because of status 'skipped'. 
[0m21:18:39.633412 [info ] [Thread-1 (]: 22 of 23 SKIP test not_null_daily_summary_sports_game_date ..................... [[33mSKIP[0m]
[0m21:18:39.634412 [debug] [Thread-1 (]: Finished running node test.pulse_transform.not_null_daily_summary_sports_game_date.d349270fc3
[0m21:18:39.634412 [debug] [Thread-1 (]: Began running node test.pulse_transform.not_null_daily_summary_weather_city.efc8b36fcc
[0m21:18:39.634912 [debug] [Thread-4 (]: Marking all children of 'test.pulse_transform.not_null_daily_summary_sports_game_date.d349270fc3' to be skipped because of status 'skipped'. 
[0m21:18:39.634912 [info ] [Thread-1 (]: 23 of 23 SKIP test not_null_daily_summary_weather_city ......................... [[33mSKIP[0m]
[0m21:18:39.635412 [debug] [Thread-1 (]: Finished running node test.pulse_transform.not_null_daily_summary_weather_city.efc8b36fcc
[0m21:18:39.635911 [debug] [Thread-4 (]: Marking all children of 'test.pulse_transform.not_null_daily_summary_weather_city.efc8b36fcc' to be skipped because of status 'skipped'. 
[0m21:18:39.636911 [debug] [MainThread]: On master: COMMIT
[0m21:18:39.636911 [debug] [MainThread]: Using postgres connection "master"
[0m21:18:39.637412 [debug] [MainThread]: On master: COMMIT
[0m21:18:39.637412 [debug] [MainThread]: Opening a new connection, currently in state closed
[0m21:18:39.665440 [debug] [MainThread]: SQL status: COMMIT in 0.028 seconds
[0m21:18:39.665939 [debug] [MainThread]: On master: Close
[0m21:18:39.666442 [debug] [MainThread]: Connection 'master' was properly closed.
[0m21:18:39.666952 [debug] [MainThread]: Connection 'list_pulse' was properly closed.
[0m21:18:39.667441 [debug] [MainThread]: Connection 'list_pulse_public' was properly closed.
[0m21:18:39.667441 [debug] [MainThread]: Connection 'model.pulse_transform.stg_weather' was properly closed.
[0m21:18:39.667941 [info ] [MainThread]: 
[0m21:18:39.668439 [info ] [MainThread]: Finished running 4 table models, 19 data tests in 0 hours 0 minutes and 0.50 seconds (0.50s).
[0m21:18:39.669440 [debug] [MainThread]: Command end result
[0m21:18:39.701989 [debug] [MainThread]: Wrote artifact WritableManifest to C:\Users\Steve\OneDrive\Desktop\code\pulse\transform\target\manifest.json
[0m21:18:39.704988 [debug] [MainThread]: Wrote artifact SemanticManifest to C:\Users\Steve\OneDrive\Desktop\code\pulse\transform\target\semantic_manifest.json
[0m21:18:39.707990 [debug] [MainThread]: Wrote artifact OsiDocument to C:\Users\Steve\OneDrive\Desktop\code\pulse\transform\target\osi_document.json
[0m21:18:39.714501 [debug] [MainThread]: Wrote artifact RunExecutionResult to C:\Users\Steve\OneDrive\Desktop\code\pulse\transform\target\run_results.json
[0m21:18:39.715002 [info ] [MainThread]: 
[0m21:18:39.715002 [info ] [MainThread]: [31mCompleted with 3 errors, 0 partial successes, and 0 warnings:[0m
[0m21:18:39.715501 [info ] [MainThread]: 
[0m21:18:39.716001 [error] [MainThread]: [[31mERROR[0m]: in model stg_crypto (models\stg_crypto.sql)
[0m21:18:39.716502 [error] [MainThread]:   Database Error in model stg_crypto (models\stg_crypto.sql)
  relation "pulse.raw_crypto" does not exist
  LINE 19:     from "pulse"."pulse"."raw_crypto"
                    ^
  compiled code at target\run\pulse_transform\models\stg_crypto.sql
[0m21:18:39.717004 [info ] [MainThread]: 
[0m21:18:39.717502 [info ] [MainThread]:   compiled code at target\compiled\pulse_transform\models\stg_crypto.sql
[0m21:18:39.717502 [info ] [MainThread]: 
[0m21:18:39.718003 [error] [MainThread]: [[31mERROR[0m]: in model stg_sports (models\stg_sports.sql)
[0m21:18:39.718501 [error] [MainThread]:   Database Error in model stg_sports (models\stg_sports.sql)
  relation "pulse.raw_sports" does not exist
  LINE 20:     from "pulse"."pulse"."raw_sports"
                    ^
  compiled code at target\run\pulse_transform\models\stg_sports.sql
[0m21:18:39.718501 [info ] [MainThread]: 
[0m21:18:39.719001 [info ] [MainThread]:   compiled code at target\compiled\pulse_transform\models\stg_sports.sql
[0m21:18:39.719001 [info ] [MainThread]: 
[0m21:18:39.719502 [error] [MainThread]: [[31mERROR[0m]: in model stg_weather (models\stg_weather.sql)
[0m21:18:39.719502 [error] [MainThread]:   Database Error in model stg_weather (models\stg_weather.sql)
  relation "pulse.raw_weather" does not exist
  LINE 23:     from "pulse"."pulse"."raw_weather"
                    ^
  compiled code at target\run\pulse_transform\models\stg_weather.sql
[0m21:18:39.719502 [info ] [MainThread]: 
[0m21:18:39.720506 [info ] [MainThread]:   compiled code at target\compiled\pulse_transform\models\stg_weather.sql
[0m21:18:39.721012 [info ] [MainThread]: 
[0m21:18:39.721512 [info ] [MainThread]: Done. PASS=0 WARN=0 ERROR=3 SKIP=20 NO-OP=0 REUSED=0 TOTAL=23
[0m21:18:39.722012 [warn ] [MainThread]: [[33mWARNING[0m][DeprecationsSummary]: Deprecated functionality
Summary of encountered deprecations:
- MissingArgumentsPropertyInGenericTestDeprecation: 1 occurrence
To see all deprecation instances instead of just the first occurrence of each,
run command again with the `--show-all-deprecations` flag. You may also need to
run with `--no-partial-parse` as some deprecations are only encountered during
parsing.
[0m21:18:39.722511 [debug] [MainThread]: Command `dbt build` failed at 21:18:39.722511 after 3.21 seconds
[0m21:18:39.723013 [debug] [MainThread]: Sending event: {'category': 'dbt', 'action': 'invocation', 'label': 'end', 'context': [<snowplow_tracker.self_describing_json.SelfDescribingJson object at 0x00000192ECF0F3E0>, <snowplow_tracker.self_describing_json.SelfDescribingJson object at 0x00000192EAC52BA0>, <snowplow_tracker.self_describing_json.SelfDescribingJson object at 0x00000192EDF104A0>]}
[0m21:18:39.723013 [debug] [MainThread]: Flushing usage events
[0m21:18:40.258212 [debug] [MainThread]: An error was encountered while trying to flush usage events
[0m21:20:07.557390 [debug] [MainThread]: Sending event: {'category': 'dbt', 'action': 'invocation', 'label': 'start', 'context': [<snowplow_tracker.self_describing_json.SelfDescribingJson object at 0x000002BB02C57BF0>, <snowplow_tracker.self_describing_json.SelfDescribingJson object at 0x000002BB02C562D0>, <snowplow_tracker.self_describing_json.SelfDescribingJson object at 0x000002BB02FA3EC0>]}


============================== 21:20:07.563906 | ec9eea6a-7855-4479-be59-dd0bb723d523 ==============================
[0m21:20:07.563906 [info ] [MainThread]: Running with dbt=1.12.0
[0m21:20:07.564408 [debug] [MainThread]: running dbt with arguments {'static_parser': 'True', 'no_print': 'None', 'maximum_seed_size_mib': '1', 'warn_error_options': 'WarnErrorOptionsV2(error=[], warn=[], silence=[])', 'version_check': 'True', 'target_path': 'None', 'printer_width': '80', 'write_json': 'True', 'empty': 'False', 'log_cache_events': 'False', 'introspect': 'True', 'cache_selected_only': 'False', 'log_format': 'default', 'debug': 'False', 'fail_fast': 'False', 'partial_parse': 'False', 'send_anonymous_usage_stats': 'True', 'quiet': 'False', 'warn_error': 'None', 'profiles_dir': '.', 'indirect_selection': 'eager', 'hints_enabled': 'True', 'use_colors': 'True', 'use_experimental_parser': 'False', 'invocation_command': 'dbt build --profiles-dir . --no-partial-parse', 'log_path': 'C:\\Users\\Steve\\OneDrive\\Desktop\\code\\pulse\\transform\\logs'}
[0m21:20:07.712080 [debug] [MainThread]: Sending event: {'category': 'dbt', 'action': 'project_id', 'label': 'ec9eea6a-7855-4479-be59-dd0bb723d523', 'context': [<snowplow_tracker.self_describing_json.SelfDescribingJson object at 0x000002BB051EF710>]}
[0m21:20:07.758151 [debug] [MainThread]: Sending event: {'category': 'dbt', 'action': 'adapter_info', 'label': 'ec9eea6a-7855-4479-be59-dd0bb723d523', 'context': [<snowplow_tracker.self_describing_json.SelfDescribingJson object at 0x000002BB026B6180>]}
[0m21:20:07.759651 [info ] [MainThread]: Registered adapter: postgres=1.11.0
[0m21:20:07.950933 [debug] [MainThread]: checksum: c88f2b38114df2604ccc177aea92f212ddffa831408be655762d132e6474640b, vars: {}, profile: pulse_transform_profile, target: dev, version: 1.12.0
[0m21:20:07.951439 [debug] [MainThread]: Partial parsing not enabled
[0m21:20:08.775034 [warn ] [MainThread]: [[33mWARNING[0m][MissingArgumentsPropertyInGenericTestDeprecation]: Deprecated
functionality
Found top-level arguments to test `accepted_values` defined on 'stg_weather' in
package 'pulse_transform' (models\schema.yml). Arguments to generic tests should
be nested under the `arguments` property.
[0m21:20:08.776036 [debug] [MainThread]: Sending event: {'category': 'dbt', 'action': 'deprecation', 'label': 'ec9eea6a-7855-4479-be59-dd0bb723d523', 'property_': 'warn', 'context': [<snowplow_tracker.self_describing_json.SelfDescribingJson object at 0x000002BB059920F0>]}
[0m21:20:08.957293 [debug] [MainThread]: Sending event: {'category': 'dbt', 'action': 'load_project', 'label': 'ec9eea6a-7855-4479-be59-dd0bb723d523', 'context': [<snowplow_tracker.self_describing_json.SelfDescribingJson object at 0x000002BB05AA18B0>]}
[0m21:20:09.040396 [debug] [MainThread]: Wrote artifact WritableManifest to C:\Users\Steve\OneDrive\Desktop\code\pulse\transform\target\manifest.json
[0m21:20:09.043914 [debug] [MainThread]: Wrote artifact SemanticManifest to C:\Users\Steve\OneDrive\Desktop\code\pulse\transform\target\semantic_manifest.json
[0m21:20:09.065935 [debug] [MainThread]: Wrote artifact OsiDocument to C:\Users\Steve\OneDrive\Desktop\code\pulse\transform\target\osi_document.json
[0m21:20:09.093457 [debug] [MainThread]: Sending event: {'category': 'dbt', 'action': 'resource_counts', 'label': 'ec9eea6a-7855-4479-be59-dd0bb723d523', 'context': [<snowplow_tracker.self_describing_json.SelfDescribingJson object at 0x000002BB05BE04A0>]}
[0m21:20:09.093959 [info ] [MainThread]: Found 4 models, 19 data tests, 3 sources, 477 macros
[0m21:20:09.095956 [info ] [MainThread]: 
[0m21:20:09.096457 [info ] [MainThread]: Concurrency: 1 threads (target='dev')
[0m21:20:09.096958 [info ] [MainThread]: 
[0m21:20:09.097457 [debug] [MainThread]: Acquiring new postgres connection 'master'
[0m21:20:09.099956 [debug] [ThreadPool]: Acquiring new postgres connection 'list_pulse'
[0m21:20:09.162043 [debug] [ThreadPool]: Using postgres connection "list_pulse"
[0m21:20:09.163046 [debug] [ThreadPool]: On list_pulse: /* {"app": "dbt", "dbt_version": "1.12.0", "profile_name": "pulse_transform_profile", "target_name": "dev", "connection_name": "list_pulse"} */

    select distinct nspname from pg_namespace
  
[0m21:20:09.163046 [debug] [ThreadPool]: Opening a new connection, currently in state init
[0m21:20:09.196092 [debug] [ThreadPool]: SQL status: SELECT 4 in 0.033 seconds
[0m21:20:09.197592 [debug] [ThreadPool]: On list_pulse: Close
[0m21:20:09.198092 [debug] [ThreadPool]: Re-using an available connection from the pool (formerly list_pulse, now create_pulse_public_public)
[0m21:20:09.198592 [debug] [ThreadPool]: Creating schema "database: "pulse"
schema: "public_public"
"
[0m21:20:09.202091 [debug] [ThreadPool]: Using postgres connection "create_pulse_public_public"
[0m21:20:09.202091 [debug] [ThreadPool]: On create_pulse_public_public: /* {"app": "dbt", "dbt_version": "1.12.0", "profile_name": "pulse_transform_profile", "target_name": "dev", "connection_name": "create_pulse_public_public"} */
create schema if not exists "public_public"
[0m21:20:09.202091 [debug] [ThreadPool]: Opening a new connection, currently in state closed
[0m21:20:09.237135 [debug] [ThreadPool]: SQL status: CREATE SCHEMA in 0.035 seconds
[0m21:20:09.238137 [debug] [ThreadPool]: On create_pulse_public_public: COMMIT
[0m21:20:09.238635 [debug] [ThreadPool]: Using postgres connection "create_pulse_public_public"
[0m21:20:09.238635 [debug] [ThreadPool]: On create_pulse_public_public: COMMIT
[0m21:20:09.239634 [debug] [ThreadPool]: SQL status: COMMIT in 0.001 seconds
[0m21:20:09.239634 [debug] [ThreadPool]: On create_pulse_public_public: Close
[0m21:20:09.240636 [debug] [ThreadPool]: Acquiring new postgres connection 'list_pulse_public_public'
[0m21:20:09.245654 [debug] [ThreadPool]: Using postgres connection "list_pulse_public_public"
[0m21:20:09.245654 [debug] [ThreadPool]: On list_pulse_public_public: /* {"app": "dbt", "dbt_version": "1.12.0", "profile_name": "pulse_transform_profile", "target_name": "dev", "connection_name": "list_pulse_public_public"} */
select
      'pulse' as database,
      tablename as name,
      schemaname as schema,
      'table' as type
    from pg_tables
    where schemaname ilike 'public_public'
    union all
    select
      'pulse' as database,
      viewname as name,
      schemaname as schema,
      'view' as type
    from pg_views
    where schemaname ilike 'public_public'
    union all
    select
      'pulse' as database,
      matviewname as name,
      schemaname as schema,
      'materialized_view' as type
    from pg_matviews
    where schemaname ilike 'public_public'
    union all
    select distinct
     'pulse' as database,
     proname as name,
     ns.nspname as schema,
     'function' as type
    from pg_proc
     join pg_namespace as ns on pronamespace = ns.oid
    where ns.nspname ilike 'public_public'
  
[0m21:20:09.246154 [debug] [ThreadPool]: Opening a new connection, currently in state init
[0m21:20:09.277188 [debug] [ThreadPool]: SQL status: SELECT 0 in 0.031 seconds
[0m21:20:09.278688 [debug] [ThreadPool]: On list_pulse_public_public: ROLLBACK
[0m21:20:09.278688 [debug] [ThreadPool]: On list_pulse_public_public: Close
[0m21:20:09.282189 [debug] [MainThread]: Using postgres connection "master"
[0m21:20:09.282189 [debug] [MainThread]: On master: /* {"app": "dbt", "dbt_version": "1.12.0", "profile_name": "pulse_transform_profile", "target_name": "dev", "connection_name": "master"} */
select distinct
        dependent_namespace.nspname as dependent_schema,
        dependent_class.relname as dependent_name,
        referenced_namespace.nspname as referenced_schema,
        referenced_class.relname as referenced_name

    -- Query for views: views are entries in pg_class with an entry in pg_rewrite, but we avoid
    -- a seq scan on pg_rewrite by leveraging the fact there is an "internal" row in pg_depend for
    -- the view...
    from pg_class as dependent_class
    join pg_namespace as dependent_namespace on dependent_namespace.oid = dependent_class.relnamespace
    join pg_depend as dependent_depend on dependent_depend.refobjid = dependent_class.oid
        and dependent_depend.classid = 'pg_rewrite'::regclass
        and dependent_depend.refclassid = 'pg_class'::regclass
        and dependent_depend.deptype = 'i'

    -- ... and via pg_depend (that has a row per column, hence the need for "distinct" above, and
    -- making sure to exclude the internal row to avoid a view appearing to depend on itself)...
    join pg_depend as joining_depend on joining_depend.objid = dependent_depend.objid
        and joining_depend.classid = 'pg_rewrite'::regclass
        and joining_depend.refclassid = 'pg_class'::regclass
        and joining_depend.refobjid != dependent_depend.refobjid

    -- ... we can find the tables they query from in pg_class, but excluding system tables. Note we
    -- don't need need to exclude _dependent_ system tables, because they only query from other
    -- system tables, and so are automatically excluded by excluding _referenced_ system tables
    join pg_class as referenced_class on referenced_class.oid = joining_depend.refobjid
    join pg_namespace as referenced_namespace on referenced_namespace.oid = referenced_class.relnamespace
        and referenced_namespace.nspname != 'information_schema'
        and referenced_namespace.nspname not like 'pg\_%'

    order by
        dependent_schema, dependent_name, referenced_schema, referenced_name;
[0m21:20:09.282189 [debug] [MainThread]: Opening a new connection, currently in state init
[0m21:20:09.311220 [debug] [MainThread]: SQL status: SELECT 0 in 0.028 seconds
[0m21:20:09.311721 [debug] [MainThread]: Sending event: {'category': 'dbt', 'action': 'runnable_timing', 'label': 'ec9eea6a-7855-4479-be59-dd0bb723d523', 'context': [<snowplow_tracker.self_describing_json.SelfDescribingJson object at 0x000002BB05142570>]}
[0m21:20:09.311721 [debug] [MainThread]: On master: ROLLBACK
[0m21:20:09.312726 [debug] [MainThread]: On master: COMMIT
[0m21:20:09.312726 [debug] [MainThread]: Using postgres connection "master"
[0m21:20:09.313233 [debug] [MainThread]: On master: COMMIT
[0m21:20:09.313734 [debug] [MainThread]: SQL status: COMMIT in 0.000 seconds
[0m21:20:09.313734 [debug] [MainThread]: On master: Close
[0m21:20:09.317736 [debug] [Thread-1 (]: Began running node model.pulse_transform.stg_crypto
[0m21:20:09.318242 [info ] [Thread-1 (]: 1 of 23 START sql table model public_public.stg_crypto ......................... [RUN]
[0m21:20:09.318739 [debug] [Thread-1 (]: Acquiring new postgres connection 'model.pulse_transform.stg_crypto'
[0m21:20:09.319244 [debug] [Thread-1 (]: Began compiling node model.pulse_transform.stg_crypto
[0m21:20:09.322748 [debug] [Thread-1 (]: Writing injected SQL for node "model.pulse_transform.stg_crypto"
[0m21:20:09.323256 [debug] [Thread-1 (]: Began executing node model.pulse_transform.stg_crypto
[0m21:20:09.346131 [debug] [Thread-1 (]: Writing runtime sql for node "model.pulse_transform.stg_crypto"
[0m21:20:09.347129 [debug] [Thread-1 (]: Using postgres connection "model.pulse_transform.stg_crypto"
[0m21:20:09.347630 [debug] [Thread-1 (]: On model.pulse_transform.stg_crypto: /* {"app": "dbt", "dbt_version": "1.12.0", "profile_name": "pulse_transform_profile", "target_name": "dev", "node_id": "model.pulse_transform.stg_crypto"} */

  
    

  create  table "pulse"."public_public"."stg_crypto__dbt_tmp"
  
  
    as
  
  (
    with source as (
    select
        id,
        source,
        raw_json,
        ingested_at,
        json_each(raw_json) as coin_entry
    from "pulse"."public"."raw_crypto"
)

select
    row_number() over (order by id, coin_entry.key) as id,
    source,
    coin_entry.key as coin,
    cast(json_extract(coin_entry.value, '$.usd') as float) as price_usd,
    ingested_at,
    raw_json
from source
  );
  
[0m21:20:09.347630 [debug] [Thread-1 (]: Opening a new connection, currently in state init
[0m21:20:09.478468 [debug] [Thread-1 (]: Postgres adapter: Postgres error: function json_each(text) does not exist
LINE 18:         json_each(raw_json) as coin_entry
                 ^
HINT:  No function matches the given name and argument types. You might need to add explicit type casts.

[0m21:20:09.478968 [debug] [Thread-1 (]: On model.pulse_transform.stg_crypto: ROLLBACK
[0m21:20:09.478968 [debug] [Thread-1 (]: On model.pulse_transform.stg_crypto: Close
[0m21:20:09.483978 [debug] [Thread-1 (]: Database Error in model stg_crypto (models\stg_crypto.sql)
  function json_each(text) does not exist
  LINE 18:         json_each(raw_json) as coin_entry
                   ^
  HINT:  No function matches the given name and argument types. You might need to add explicit type casts.
  compiled code at target\run\pulse_transform\models\stg_crypto.sql
[0m21:20:09.485481 [debug] [Thread-1 (]: Sending event: {'category': 'dbt', 'action': 'run_model', 'label': 'ec9eea6a-7855-4479-be59-dd0bb723d523', 'context': [<snowplow_tracker.self_describing_json.SelfDescribingJson object at 0x000002BB059BB920>]}
[0m21:20:09.485982 [error] [Thread-1 (]: 1 of 23 ERROR creating sql table model public_public.stg_crypto ................ [[31mERROR[0m in 0.17s]
[0m21:20:09.486481 [debug] [Thread-1 (]: Finished running node model.pulse_transform.stg_crypto
[0m21:20:09.486981 [debug] [Thread-1 (]: Began running node model.pulse_transform.stg_sports
[0m21:20:09.487480 [debug] [Thread-4 (]: Marking all children of 'model.pulse_transform.stg_crypto' to be skipped because of status 'error'.  Reason: Database Error in model stg_crypto (models\stg_crypto.sql)
  function json_each(text) does not exist
  LINE 18:         json_each(raw_json) as coin_entry
                   ^
  HINT:  No function matches the given name and argument types. You might need to add explicit type casts.
  compiled code at target\run\pulse_transform\models\stg_crypto.sql.
[0m21:20:09.487480 [info ] [Thread-1 (]: 2 of 23 START sql table model public_public.stg_sports ......................... [RUN]
[0m21:20:09.488480 [debug] [Thread-1 (]: Re-using an available connection from the pool (formerly model.pulse_transform.stg_crypto, now model.pulse_transform.stg_sports)
[0m21:20:09.488981 [debug] [Thread-1 (]: Began compiling node model.pulse_transform.stg_sports
[0m21:20:09.490980 [debug] [Thread-1 (]: Writing injected SQL for node "model.pulse_transform.stg_sports"
[0m21:20:09.491479 [debug] [Thread-1 (]: Began executing node model.pulse_transform.stg_sports
[0m21:20:09.494492 [debug] [Thread-1 (]: Writing runtime sql for node "model.pulse_transform.stg_sports"
[0m21:20:09.495492 [debug] [Thread-1 (]: Using postgres connection "model.pulse_transform.stg_sports"
[0m21:20:09.495492 [debug] [Thread-1 (]: On model.pulse_transform.stg_sports: /* {"app": "dbt", "dbt_version": "1.12.0", "profile_name": "pulse_transform_profile", "target_name": "dev", "node_id": "model.pulse_transform.stg_sports"} */

  
    

  create  table "pulse"."public_public"."stg_sports__dbt_tmp"
  
  
    as
  
  (
    with source as (
    select
        id,
        source,
        raw_json,
        ingested_at,
        json_extract(raw_json, '$.events') as events_json,
        json_array_length(json_extract(raw_json, '$.events')) as events_count
    from "pulse"."public"."raw_sports"
),
indexed as (
    select
        id,
        source,
        raw_json,
        ingested_at,
        json_extract(events_json, '$[' || idx || ']') as event_obj
    from source
    join (select 0 as idx union all select 1 union all select 2 union all select 3 union all select 4 union all select 5 union all select 6 union all select 7 union all select 8 union all select 9) as idxs
    on idx < events_count
),
parsed as (
    select
        id,
        source,
        ingested_at,
        json_extract(event_obj, '$.date') as game_date,
        json_extract(event_obj, '$.competitions[0].competitors[0].team.abbreviation') as home_team,
        json_extract(event_obj, '$.competitions[0].competitors[0].score') as home_score,
        json_extract(event_obj, '$.competitions[0].competitors[1].team.abbreviation') as away_team,
        json_extract(event_obj, '$.competitions[0].competitors[1].score') as away_score
    from indexed
)
select
    id,
    source,
    trim(home_team) as home_team,
    trim(away_team) as away_team,
    cast(home_score as integer) as home_score,
    cast(away_score as integer) as away_score,
    game_date,
    ingested_at,
    raw_json
from parsed
  );
  
[0m21:20:09.495992 [debug] [Thread-1 (]: Opening a new connection, currently in state closed
[0m21:20:09.523531 [debug] [Thread-1 (]: Postgres adapter: Postgres error: function json_extract(text, unknown) does not exist
LINE 18:         json_extract(raw_json, '$.events') as events_json,
                 ^
HINT:  No function matches the given name and argument types. You might need to add explicit type casts.

[0m21:20:09.524029 [debug] [Thread-1 (]: On model.pulse_transform.stg_sports: ROLLBACK
[0m21:20:09.524531 [debug] [Thread-1 (]: On model.pulse_transform.stg_sports: Close
[0m21:20:09.526530 [debug] [Thread-1 (]: Database Error in model stg_sports (models\stg_sports.sql)
  function json_extract(text, unknown) does not exist
  LINE 18:         json_extract(raw_json, '$.events') as events_json,
                   ^
  HINT:  No function matches the given name and argument types. You might need to add explicit type casts.
  compiled code at target\run\pulse_transform\models\stg_sports.sql
[0m21:20:09.527032 [debug] [Thread-1 (]: Sending event: {'category': 'dbt', 'action': 'run_model', 'label': 'ec9eea6a-7855-4479-be59-dd0bb723d523', 'context': [<snowplow_tracker.self_describing_json.SelfDescribingJson object at 0x000002BB05B246E0>]}
[0m21:20:09.527529 [error] [Thread-1 (]: 2 of 23 ERROR creating sql table model public_public.stg_sports ................ [[31mERROR[0m in 0.04s]
[0m21:20:09.528030 [debug] [Thread-1 (]: Finished running node model.pulse_transform.stg_sports
[0m21:20:09.528030 [debug] [Thread-1 (]: Began running node model.pulse_transform.stg_weather
[0m21:20:09.528531 [debug] [Thread-4 (]: Marking all children of 'model.pulse_transform.stg_sports' to be skipped because of status 'error'.  Reason: Database Error in model stg_sports (models\stg_sports.sql)
  function json_extract(text, unknown) does not exist
  LINE 18:         json_extract(raw_json, '$.events') as events_json,
                   ^
  HINT:  No function matches the given name and argument types. You might need to add explicit type casts.
  compiled code at target\run\pulse_transform\models\stg_sports.sql.
[0m21:20:09.529029 [info ] [Thread-1 (]: 3 of 23 START sql table model public_public.stg_weather ........................ [RUN]
[0m21:20:09.529529 [debug] [Thread-1 (]: Re-using an available connection from the pool (formerly model.pulse_transform.stg_sports, now model.pulse_transform.stg_weather)
[0m21:20:09.530029 [debug] [Thread-1 (]: Began compiling node model.pulse_transform.stg_weather
[0m21:20:09.531528 [debug] [Thread-1 (]: Writing injected SQL for node "model.pulse_transform.stg_weather"
[0m21:20:09.532029 [debug] [Thread-1 (]: Began executing node model.pulse_transform.stg_weather
[0m21:20:09.534047 [debug] [Thread-1 (]: Writing runtime sql for node "model.pulse_transform.stg_weather"
[0m21:20:09.534551 [debug] [Thread-1 (]: Using postgres connection "model.pulse_transform.stg_weather"
[0m21:20:09.535053 [debug] [Thread-1 (]: On model.pulse_transform.stg_weather: /* {"app": "dbt", "dbt_version": "1.12.0", "profile_name": "pulse_transform_profile", "target_name": "dev", "node_id": "model.pulse_transform.stg_weather"} */

  
    

  create  table "pulse"."public_public"."stg_weather__dbt_tmp"
  
  
    as
  
  (
    with source as (
    select
        id,
        source,
        json_extract(raw_json, '$.requested_city') as city,
        json_extract(raw_json, '$.current_weather.temperature') as temperature,
        json_extract(raw_json, '$.current_weather.weathercode') as weather_code,
        json_extract(raw_json, '$.requested_latitude') as latitude,
        json_extract(raw_json, '$.requested_longitude') as longitude,
        datetime(ingested_at) as ingested_at,
        raw_json
    from "pulse"."public"."raw_weather"
)

select
    id,
    source,
    city,
    cast(temperature as float) as temperature,
    case cast(weather_code as integer)
        when 0 then 'clear'
        when 1 then 'mainly_clear'
        when 2 then 'partly_cloudy'
        when 3 then 'overcast'
        when 45 then 'fog'
        when 48 then 'depositing_rime_fog'
        when 51 then 'drizzle_light'
        when 53 then 'drizzle_moderate'
        when 55 then 'drizzle_dense'
        when 56 then 'freezing_drizzle_light'
        when 57 then 'freezing_drizzle_dense'
        when 61 then 'rain_slight'
        when 63 then 'rain_moderate'
        when 65 then 'rain_heavy'
        when 66 then 'freezing_rain_light'
        when 67 then 'freezing_rain_heavy'
        when 71 then 'snow_fall_slight'
        when 73 then 'snow_fall_moderate'
        when 75 then 'snow_fall_heavy'
        when 77 then 'snow_grains'
        when 80 then 'rain_showers_slight'
        when 81 then 'rain_showers_moderate'
        when 82 then 'rain_showers_violent'
        when 85 then 'snow_showers_slight'
        when 86 then 'snow_showers_heavy'
        when 95 then 'thunderstorm_slight_or_moderate'
        when 96 then 'thunderstorm_hail_slight'
        when 99 then 'thunderstorm_hail_heavy'
        else 'unknown'
    end as condition,
    ingested_at,
    raw_json
from source
  );
  
[0m21:20:09.535053 [debug] [Thread-1 (]: Opening a new connection, currently in state closed
[0m21:20:09.561688 [debug] [Thread-1 (]: Postgres adapter: Postgres error: function json_extract(text, unknown) does not exist
LINE 16:         json_extract(raw_json, '$.requested_city') as city,
                 ^
HINT:  No function matches the given name and argument types. You might need to add explicit type casts.

[0m21:20:09.562188 [debug] [Thread-1 (]: On model.pulse_transform.stg_weather: ROLLBACK
[0m21:20:09.562188 [debug] [Thread-1 (]: On model.pulse_transform.stg_weather: Close
[0m21:20:09.564197 [debug] [Thread-1 (]: Database Error in model stg_weather (models\stg_weather.sql)
  function json_extract(text, unknown) does not exist
  LINE 16:         json_extract(raw_json, '$.requested_city') as city,
                   ^
  HINT:  No function matches the given name and argument types. You might need to add explicit type casts.
  compiled code at target\run\pulse_transform\models\stg_weather.sql
[0m21:20:09.564701 [debug] [Thread-1 (]: Sending event: {'category': 'dbt', 'action': 'run_model', 'label': 'ec9eea6a-7855-4479-be59-dd0bb723d523', 'context': [<snowplow_tracker.self_describing_json.SelfDescribingJson object at 0x000002BB060B8920>]}
[0m21:20:09.565201 [error] [Thread-1 (]: 3 of 23 ERROR creating sql table model public_public.stg_weather ............... [[31mERROR[0m in 0.04s]
[0m21:20:09.565701 [debug] [Thread-1 (]: Finished running node model.pulse_transform.stg_weather
[0m21:20:09.566201 [debug] [Thread-1 (]: Began running node test.pulse_transform.not_null_stg_crypto_coin.1a9a7af2fe
[0m21:20:09.566201 [debug] [Thread-4 (]: Marking all children of 'model.pulse_transform.stg_weather' to be skipped because of status 'error'.  Reason: Database Error in model stg_weather (models\stg_weather.sql)
  function json_extract(text, unknown) does not exist
  LINE 16:         json_extract(raw_json, '$.requested_city') as city,
                   ^
  HINT:  No function matches the given name and argument types. You might need to add explicit type casts.
  compiled code at target\run\pulse_transform\models\stg_weather.sql.
[0m21:20:09.566701 [info ] [Thread-1 (]: 4 of 23 SKIP test not_null_stg_crypto_coin ..................................... [[33mSKIP[0m]
[0m21:20:09.567203 [debug] [Thread-1 (]: Finished running node test.pulse_transform.not_null_stg_crypto_coin.1a9a7af2fe
[0m21:20:09.567705 [debug] [Thread-1 (]: Began running node test.pulse_transform.not_null_stg_crypto_id.6ded0cac78
[0m21:20:09.568201 [debug] [Thread-4 (]: Marking all children of 'test.pulse_transform.not_null_stg_crypto_coin.1a9a7af2fe' to be skipped because of status 'skipped'. 
[0m21:20:09.568201 [info ] [Thread-1 (]: 5 of 23 SKIP test not_null_stg_crypto_id ....................................... [[33mSKIP[0m]
[0m21:20:09.568701 [debug] [Thread-1 (]: Finished running node test.pulse_transform.not_null_stg_crypto_id.6ded0cac78
[0m21:20:09.569201 [debug] [Thread-1 (]: Began running node test.pulse_transform.not_null_stg_crypto_price_usd.366c53d8e4
[0m21:20:09.569201 [debug] [Thread-4 (]: Marking all children of 'test.pulse_transform.not_null_stg_crypto_id.6ded0cac78' to be skipped because of status 'skipped'. 
[0m21:20:09.569701 [info ] [Thread-1 (]: 6 of 23 SKIP test not_null_stg_crypto_price_usd ................................ [[33mSKIP[0m]
[0m21:20:09.570201 [debug] [Thread-1 (]: Finished running node test.pulse_transform.not_null_stg_crypto_price_usd.366c53d8e4
[0m21:20:09.570201 [debug] [Thread-1 (]: Began running node test.pulse_transform.unique_stg_crypto_id.a906923065
[0m21:20:09.570201 [debug] [Thread-4 (]: Marking all children of 'test.pulse_transform.not_null_stg_crypto_price_usd.366c53d8e4' to be skipped because of status 'skipped'. 
[0m21:20:09.570201 [info ] [Thread-1 (]: 7 of 23 SKIP test unique_stg_crypto_id ......................................... [[33mSKIP[0m]
[0m21:20:09.571203 [debug] [Thread-1 (]: Finished running node test.pulse_transform.unique_stg_crypto_id.a906923065
[0m21:20:09.571710 [debug] [Thread-1 (]: Began running node test.pulse_transform.not_null_stg_sports_away_score.8a079e60bc
[0m21:20:09.571710 [debug] [Thread-4 (]: Marking all children of 'test.pulse_transform.unique_stg_crypto_id.a906923065' to be skipped because of status 'skipped'. 
[0m21:20:09.571710 [info ] [Thread-1 (]: 8 of 23 SKIP test not_null_stg_sports_away_score ............................... [[33mSKIP[0m]
[0m21:20:09.572713 [debug] [Thread-1 (]: Finished running node test.pulse_transform.not_null_stg_sports_away_score.8a079e60bc
[0m21:20:09.572713 [debug] [Thread-1 (]: Began running node test.pulse_transform.not_null_stg_sports_away_team.cfb7ffdcd4
[0m21:20:09.573218 [debug] [Thread-4 (]: Marking all children of 'test.pulse_transform.not_null_stg_sports_away_score.8a079e60bc' to be skipped because of status 'skipped'. 
[0m21:20:09.573218 [info ] [Thread-1 (]: 9 of 23 SKIP test not_null_stg_sports_away_team ................................ [[33mSKIP[0m]
[0m21:20:09.573718 [debug] [Thread-1 (]: Finished running node test.pulse_transform.not_null_stg_sports_away_team.cfb7ffdcd4
[0m21:20:09.573718 [debug] [Thread-1 (]: Began running node test.pulse_transform.not_null_stg_sports_game_date.7a0e7af6c4
[0m21:20:09.574217 [debug] [Thread-4 (]: Marking all children of 'test.pulse_transform.not_null_stg_sports_away_team.cfb7ffdcd4' to be skipped because of status 'skipped'. 
[0m21:20:09.574217 [info ] [Thread-1 (]: 10 of 23 SKIP test not_null_stg_sports_game_date ............................... [[33mSKIP[0m]
[0m21:20:09.574718 [debug] [Thread-1 (]: Finished running node test.pulse_transform.not_null_stg_sports_game_date.7a0e7af6c4
[0m21:20:09.574718 [debug] [Thread-1 (]: Began running node test.pulse_transform.not_null_stg_sports_home_score.e8726cdba9
[0m21:20:09.575217 [debug] [Thread-4 (]: Marking all children of 'test.pulse_transform.not_null_stg_sports_game_date.7a0e7af6c4' to be skipped because of status 'skipped'. 
[0m21:20:09.575217 [info ] [Thread-1 (]: 11 of 23 SKIP test not_null_stg_sports_home_score .............................. [[33mSKIP[0m]
[0m21:20:09.575719 [debug] [Thread-1 (]: Finished running node test.pulse_transform.not_null_stg_sports_home_score.e8726cdba9
[0m21:20:09.576220 [debug] [Thread-1 (]: Began running node test.pulse_transform.not_null_stg_sports_home_team.9d8def7714
[0m21:20:09.576220 [debug] [Thread-4 (]: Marking all children of 'test.pulse_transform.not_null_stg_sports_home_score.e8726cdba9' to be skipped because of status 'skipped'. 
[0m21:20:09.576721 [info ] [Thread-1 (]: 12 of 23 SKIP test not_null_stg_sports_home_team ............................... [[33mSKIP[0m]
[0m21:20:09.577219 [debug] [Thread-1 (]: Finished running node test.pulse_transform.not_null_stg_sports_home_team.9d8def7714
[0m21:20:09.577219 [debug] [Thread-1 (]: Began running node test.pulse_transform.not_null_stg_sports_id.a70dda288b
[0m21:20:09.577718 [debug] [Thread-4 (]: Marking all children of 'test.pulse_transform.not_null_stg_sports_home_team.9d8def7714' to be skipped because of status 'skipped'. 
[0m21:20:09.577718 [info ] [Thread-1 (]: 13 of 23 SKIP test not_null_stg_sports_id ...................................... [[33mSKIP[0m]
[0m21:20:09.578218 [debug] [Thread-1 (]: Finished running node test.pulse_transform.not_null_stg_sports_id.a70dda288b
[0m21:20:09.578218 [debug] [Thread-1 (]: Began running node test.pulse_transform.accepted_values_stg_weather_condition__clear__mainly_clear__partly_cloudy__overcast__fog__depositing_rime_fog__drizzle_light__drizzle_moderate__drizzle_dense__freezing_drizzle_light__freezing_drizzle_dense__rain_slight__rain_moderate__rain_heavy__freezing_rain_light__freezing_rain_heavy__snow_fall_slight__snow_fall_moderate__snow_fall_heavy__snow_grains__rain_showers_slight__rain_showers_moderate__rain_showers_violent__snow_showers_slight__snow_showers_heavy__thunderstorm_slight_or_moderate__thunderstorm_hail_slight__thunderstorm_hail_heavy__unknown.49df99636f
[0m21:20:09.578718 [debug] [Thread-4 (]: Marking all children of 'test.pulse_transform.not_null_stg_sports_id.a70dda288b' to be skipped because of status 'skipped'. 
[0m21:20:09.578718 [info ] [Thread-1 (]: 14 of 23 SKIP test accepted_values_stg_weather_condition__clear__mainly_clear__partly_cloudy__overcast__fog__depositing_rime_fog__drizzle_light__drizzle_moderate__drizzle_dense__freezing_drizzle_light__freezing_drizzle_dense__rain_slight__rain_moderate__rain_heavy__freezing_rain_light__freezing_rain_heavy__snow_fall_slight__snow_fall_moderate__snow_fall_heavy__snow_grains__rain_showers_slight__rain_showers_moderate__rain_showers_violent__snow_showers_slight__snow_showers_heavy__thunderstorm_slight_or_moderate__thunderstorm_hail_slight__thunderstorm_hail_heavy__unknown  [[33mSKIP[0m]
[0m21:20:09.579217 [debug] [Thread-1 (]: Finished running node test.pulse_transform.accepted_values_stg_weather_condition__clear__mainly_clear__partly_cloudy__overcast__fog__depositing_rime_fog__drizzle_light__drizzle_moderate__drizzle_dense__freezing_drizzle_light__freezing_drizzle_dense__rain_slight__rain_moderate__rain_heavy__freezing_rain_light__freezing_rain_heavy__snow_fall_slight__snow_fall_moderate__snow_fall_heavy__snow_grains__rain_showers_slight__rain_showers_moderate__rain_showers_violent__snow_showers_slight__snow_showers_heavy__thunderstorm_slight_or_moderate__thunderstorm_hail_slight__thunderstorm_hail_heavy__unknown.49df99636f
[0m21:20:09.579217 [debug] [Thread-1 (]: Began running node test.pulse_transform.not_null_stg_weather_city.c03e0c0127
[0m21:20:09.579718 [debug] [Thread-4 (]: Marking all children of 'test.pulse_transform.accepted_values_stg_weather_condition__clear__mainly_clear__partly_cloudy__overcast__fog__depositing_rime_fog__drizzle_light__drizzle_moderate__drizzle_dense__freezing_drizzle_light__freezing_drizzle_dense__rain_slight__rain_moderate__rain_heavy__freezing_rain_light__freezing_rain_heavy__snow_fall_slight__snow_fall_moderate__snow_fall_heavy__snow_grains__rain_showers_slight__rain_showers_moderate__rain_showers_violent__snow_showers_slight__snow_showers_heavy__thunderstorm_slight_or_moderate__thunderstorm_hail_slight__thunderstorm_hail_heavy__unknown.49df99636f' to be skipped because of status 'skipped'. 
[0m21:20:09.580217 [info ] [Thread-1 (]: 15 of 23 SKIP test not_null_stg_weather_city ................................... [[33mSKIP[0m]
[0m21:20:09.580719 [debug] [Thread-1 (]: Finished running node test.pulse_transform.not_null_stg_weather_city.c03e0c0127
[0m21:20:09.580719 [debug] [Thread-1 (]: Began running node test.pulse_transform.not_null_stg_weather_condition.0c9e947318
[0m21:20:09.581217 [debug] [Thread-4 (]: Marking all children of 'test.pulse_transform.not_null_stg_weather_city.c03e0c0127' to be skipped because of status 'skipped'. 
[0m21:20:09.581217 [info ] [Thread-1 (]: 16 of 23 SKIP test not_null_stg_weather_condition .............................. [[33mSKIP[0m]
[0m21:20:09.581721 [debug] [Thread-1 (]: Finished running node test.pulse_transform.not_null_stg_weather_condition.0c9e947318
[0m21:20:09.581721 [debug] [Thread-1 (]: Began running node test.pulse_transform.not_null_stg_weather_id.0e1828fa23
[0m21:20:09.581721 [debug] [Thread-4 (]: Marking all children of 'test.pulse_transform.not_null_stg_weather_condition.0c9e947318' to be skipped because of status 'skipped'. 
[0m21:20:09.581721 [info ] [Thread-1 (]: 17 of 23 SKIP test not_null_stg_weather_id ..................................... [[33mSKIP[0m]
[0m21:20:09.582725 [debug] [Thread-1 (]: Finished running node test.pulse_transform.not_null_stg_weather_id.0e1828fa23
[0m21:20:09.582725 [debug] [Thread-1 (]: Began running node test.pulse_transform.not_null_stg_weather_temperature.fe647a6746
[0m21:20:09.583233 [debug] [Thread-4 (]: Marking all children of 'test.pulse_transform.not_null_stg_weather_id.0e1828fa23' to be skipped because of status 'skipped'. 
[0m21:20:09.583730 [info ] [Thread-1 (]: 18 of 23 SKIP test not_null_stg_weather_temperature ............................ [[33mSKIP[0m]
[0m21:20:09.583730 [debug] [Thread-1 (]: Finished running node test.pulse_transform.not_null_stg_weather_temperature.fe647a6746
[0m21:20:09.584231 [debug] [Thread-1 (]: Began running node test.pulse_transform.unique_stg_weather_id.c42c665fbe
[0m21:20:09.584734 [debug] [Thread-4 (]: Marking all children of 'test.pulse_transform.not_null_stg_weather_temperature.fe647a6746' to be skipped because of status 'skipped'. 
[0m21:20:09.584231 [info ] [Thread-1 (]: 19 of 23 SKIP test unique_stg_weather_id ....................................... [[33mSKIP[0m]
[0m21:20:09.584734 [debug] [Thread-1 (]: Finished running node test.pulse_transform.unique_stg_weather_id.c42c665fbe
[0m21:20:09.585234 [debug] [Thread-4 (]: Marking all children of 'test.pulse_transform.unique_stg_weather_id.c42c665fbe' to be skipped because of status 'skipped'. 
[0m21:20:09.585733 [debug] [Thread-1 (]: Began running node model.pulse_transform.daily_summary
[0m21:20:09.585733 [info ] [Thread-1 (]: 20 of 23 SKIP relation public_public.daily_summary ............................. [[33mSKIP[0m]
[0m21:20:09.586233 [debug] [Thread-1 (]: Finished running node model.pulse_transform.daily_summary
[0m21:20:09.586233 [debug] [Thread-4 (]: Marking all children of 'model.pulse_transform.daily_summary' to be skipped because of status 'skipped'. 
[0m21:20:09.586734 [debug] [Thread-1 (]: Began running node test.pulse_transform.not_null_daily_summary_crypto_coin.2b3c1f82f7
[0m21:20:09.587234 [info ] [Thread-1 (]: 21 of 23 SKIP test not_null_daily_summary_crypto_coin .......................... [[33mSKIP[0m]
[0m21:20:09.587234 [debug] [Thread-1 (]: Finished running node test.pulse_transform.not_null_daily_summary_crypto_coin.2b3c1f82f7
[0m21:20:09.587735 [debug] [Thread-1 (]: Began running node test.pulse_transform.not_null_daily_summary_sports_game_date.d349270fc3
[0m21:20:09.587735 [debug] [Thread-4 (]: Marking all children of 'test.pulse_transform.not_null_daily_summary_crypto_coin.2b3c1f82f7' to be skipped because of status 'skipped'. 
[0m21:20:09.588234 [info ] [Thread-1 (]: 22 of 23 SKIP test not_null_daily_summary_sports_game_date ..................... [[33mSKIP[0m]
[0m21:20:09.588735 [debug] [Thread-1 (]: Finished running node test.pulse_transform.not_null_daily_summary_sports_game_date.d349270fc3
[0m21:20:09.588735 [debug] [Thread-1 (]: Began running node test.pulse_transform.not_null_daily_summary_weather_city.efc8b36fcc
[0m21:20:09.589234 [debug] [Thread-4 (]: Marking all children of 'test.pulse_transform.not_null_daily_summary_sports_game_date.d349270fc3' to be skipped because of status 'skipped'. 
[0m21:20:09.589234 [info ] [Thread-1 (]: 23 of 23 SKIP test not_null_daily_summary_weather_city ......................... [[33mSKIP[0m]
[0m21:20:09.589734 [debug] [Thread-1 (]: Finished running node test.pulse_transform.not_null_daily_summary_weather_city.efc8b36fcc
[0m21:20:09.590235 [debug] [Thread-4 (]: Marking all children of 'test.pulse_transform.not_null_daily_summary_weather_city.efc8b36fcc' to be skipped because of status 'skipped'. 
[0m21:20:09.590735 [debug] [MainThread]: On master: COMMIT
[0m21:20:09.591234 [debug] [MainThread]: Using postgres connection "master"
[0m21:20:09.591735 [debug] [MainThread]: On master: COMMIT
[0m21:20:09.591735 [debug] [MainThread]: Opening a new connection, currently in state closed
[0m21:20:09.617771 [debug] [MainThread]: SQL status: COMMIT in 0.026 seconds
[0m21:20:09.618270 [debug] [MainThread]: On master: Close
[0m21:20:09.618270 [debug] [MainThread]: Connection 'master' was properly closed.
[0m21:20:09.618771 [debug] [MainThread]: Connection 'create_pulse_public_public' was properly closed.
[0m21:20:09.618771 [debug] [MainThread]: Connection 'list_pulse_public_public' was properly closed.
[0m21:20:09.618771 [debug] [MainThread]: Connection 'model.pulse_transform.stg_weather' was properly closed.
[0m21:20:09.619270 [info ] [MainThread]: 
[0m21:20:09.619771 [info ] [MainThread]: Finished running 4 table models, 19 data tests in 0 hours 0 minutes and 0.52 seconds (0.52s).
[0m21:20:09.620770 [debug] [MainThread]: Command end result
[0m21:20:09.645301 [debug] [MainThread]: Wrote artifact WritableManifest to C:\Users\Steve\OneDrive\Desktop\code\pulse\transform\target\manifest.json
[0m21:20:09.648300 [debug] [MainThread]: Wrote artifact SemanticManifest to C:\Users\Steve\OneDrive\Desktop\code\pulse\transform\target\semantic_manifest.json
[0m21:20:09.651311 [debug] [MainThread]: Wrote artifact OsiDocument to C:\Users\Steve\OneDrive\Desktop\code\pulse\transform\target\osi_document.json
[0m21:20:09.656319 [debug] [MainThread]: Wrote artifact RunExecutionResult to C:\Users\Steve\OneDrive\Desktop\code\pulse\transform\target\run_results.json
[0m21:20:09.656818 [info ] [MainThread]: 
[0m21:20:09.656818 [info ] [MainThread]: [31mCompleted with 3 errors, 0 partial successes, and 0 warnings:[0m
[0m21:20:09.657318 [info ] [MainThread]: 
[0m21:20:09.657318 [error] [MainThread]: [[31mERROR[0m]: in model stg_crypto (models\stg_crypto.sql)
[0m21:20:09.657818 [error] [MainThread]:   Database Error in model stg_crypto (models\stg_crypto.sql)
  function json_each(text) does not exist
  LINE 18:         json_each(raw_json) as coin_entry
                   ^
  HINT:  No function matches the given name and argument types. You might need to add explicit type casts.
  compiled code at target\run\pulse_transform\models\stg_crypto.sql
[0m21:20:09.658321 [info ] [MainThread]: 
[0m21:20:09.658321 [info ] [MainThread]:   compiled code at target\compiled\pulse_transform\models\stg_crypto.sql
[0m21:20:09.658818 [info ] [MainThread]: 
[0m21:20:09.659320 [error] [MainThread]: [[31mERROR[0m]: in model stg_sports (models\stg_sports.sql)
[0m21:20:09.659821 [error] [MainThread]:   Database Error in model stg_sports (models\stg_sports.sql)
  function json_extract(text, unknown) does not exist
  LINE 18:         json_extract(raw_json, '$.events') as events_json,
                   ^
  HINT:  No function matches the given name and argument types. You might need to add explicit type casts.
  compiled code at target\run\pulse_transform\models\stg_sports.sql
[0m21:20:09.660320 [info ] [MainThread]: 
[0m21:20:09.660320 [info ] [MainThread]:   compiled code at target\compiled\pulse_transform\models\stg_sports.sql
[0m21:20:09.660819 [info ] [MainThread]: 
[0m21:20:09.660819 [error] [MainThread]: [[31mERROR[0m]: in model stg_weather (models\stg_weather.sql)
[0m21:20:09.661318 [error] [MainThread]:   Database Error in model stg_weather (models\stg_weather.sql)
  function json_extract(text, unknown) does not exist
  LINE 16:         json_extract(raw_json, '$.requested_city') as city,
                   ^
  HINT:  No function matches the given name and argument types. You might need to add explicit type casts.
  compiled code at target\run\pulse_transform\models\stg_weather.sql
[0m21:20:09.661318 [info ] [MainThread]: 
[0m21:20:09.661819 [info ] [MainThread]:   compiled code at target\compiled\pulse_transform\models\stg_weather.sql
[0m21:20:09.661819 [info ] [MainThread]: 
[0m21:20:09.661819 [info ] [MainThread]: Done. PASS=0 WARN=0 ERROR=3 SKIP=20 NO-OP=0 REUSED=0 TOTAL=23
[0m21:20:09.661819 [warn ] [MainThread]: [[33mWARNING[0m][DeprecationsSummary]: Deprecated functionality
Summary of encountered deprecations:
- MissingArgumentsPropertyInGenericTestDeprecation: 1 occurrence
To see all deprecation instances instead of just the first occurrence of each,
run command again with the `--show-all-deprecations` flag. You may also need to
run with `--no-partial-parse` as some deprecations are only encountered during
parsing.
[0m21:20:09.663329 [debug] [MainThread]: Command `dbt build` failed at 21:20:09.663329 after 2.22 seconds
[0m21:20:09.663829 [debug] [MainThread]: Sending event: {'category': 'dbt', 'action': 'invocation', 'label': 'end', 'context': [<snowplow_tracker.self_describing_json.SelfDescribingJson object at 0x000002BB04F4A780>, <snowplow_tracker.self_describing_json.SelfDescribingJson object at 0x000002BB0322D820>, <snowplow_tracker.self_describing_json.SelfDescribingJson object at 0x000002BB05853680>]}
[0m21:20:09.664328 [debug] [MainThread]: Flushing usage events
[0m21:20:10.178429 [debug] [MainThread]: An error was encountered while trying to flush usage events
[0m21:23:58.498237 [debug] [MainThread]: Sending event: {'category': 'dbt', 'action': 'invocation', 'label': 'start', 'context': [<snowplow_tracker.self_describing_json.SelfDescribingJson object at 0x000002414D501760>, <snowplow_tracker.self_describing_json.SelfDescribingJson object at 0x000002414B7C2A80>, <snowplow_tracker.self_describing_json.SelfDescribingJson object at 0x000002414BB162D0>]}


============================== 21:23:58.503753 | 23584991-db67-439d-90d4-d4d4e3a39ffd ==============================
[0m21:23:58.503753 [info ] [MainThread]: Running with dbt=1.12.0
[0m21:23:58.504253 [debug] [MainThread]: running dbt with arguments {'static_parser': 'True', 'no_print': 'None', 'version_check': 'True', 'target_path': 'None', 'maximum_seed_size_mib': '1', 'warn_error_options': 'WarnErrorOptionsV2(error=[], warn=[], silence=[])', 'printer_width': '80', 'write_json': 'True', 'empty': 'False', 'log_cache_events': 'False', 'introspect': 'True', 'cache_selected_only': 'False', 'fail_fast': 'False', 'debug': 'False', 'log_format': 'default', 'partial_parse': 'False', 'send_anonymous_usage_stats': 'True', 'quiet': 'False', 'warn_error': 'None', 'profiles_dir': '.', 'indirect_selection': 'eager', 'hints_enabled': 'True', 'use_colors': 'True', 'use_experimental_parser': 'False', 'invocation_command': 'dbt build --profiles-dir . --no-partial-parse', 'log_path': 'C:\\Users\\Steve\\OneDrive\\Desktop\\code\\pulse\\transform\\logs'}
[0m21:23:58.642393 [debug] [MainThread]: Sending event: {'category': 'dbt', 'action': 'project_id', 'label': '23584991-db67-439d-90d4-d4d4e3a39ffd', 'context': [<snowplow_tracker.self_describing_json.SelfDescribingJson object at 0x000002414D6992E0>]}
[0m21:23:58.697974 [debug] [MainThread]: Sending event: {'category': 'dbt', 'action': 'adapter_info', 'label': '23584991-db67-439d-90d4-d4d4e3a39ffd', 'context': [<snowplow_tracker.self_describing_json.SelfDescribingJson object at 0x0000024148ED5A60>]}
[0m21:23:58.699478 [info ] [MainThread]: Registered adapter: postgres=1.11.0
[0m21:23:58.885705 [debug] [MainThread]: checksum: c88f2b38114df2604ccc177aea92f212ddffa831408be655762d132e6474640b, vars: {}, profile: pulse_transform_profile, target: dev, version: 1.12.0
[0m21:23:58.886205 [debug] [MainThread]: Partial parsing not enabled
[0m21:23:59.847574 [warn ] [MainThread]: [[33mWARNING[0m][MissingArgumentsPropertyInGenericTestDeprecation]: Deprecated
functionality
Found top-level arguments to test `accepted_values` defined on 'stg_weather' in
package 'pulse_transform' (models\schema.yml). Arguments to generic tests should
be nested under the `arguments` property.
[0m21:23:59.848072 [debug] [MainThread]: Sending event: {'category': 'dbt', 'action': 'deprecation', 'label': '23584991-db67-439d-90d4-d4d4e3a39ffd', 'property_': 'warn', 'context': [<snowplow_tracker.self_describing_json.SelfDescribingJson object at 0x000002414E036120>]}
[0m21:24:00.067841 [debug] [MainThread]: Sending event: {'category': 'dbt', 'action': 'load_project', 'label': '23584991-db67-439d-90d4-d4d4e3a39ffd', 'context': [<snowplow_tracker.self_describing_json.SelfDescribingJson object at 0x000002414DE5C2C0>]}
[0m21:24:00.157953 [debug] [MainThread]: Wrote artifact WritableManifest to C:\Users\Steve\OneDrive\Desktop\code\pulse\transform\target\manifest.json
[0m21:24:00.161462 [debug] [MainThread]: Wrote artifact SemanticManifest to C:\Users\Steve\OneDrive\Desktop\code\pulse\transform\target\semantic_manifest.json
[0m21:24:00.185484 [debug] [MainThread]: Wrote artifact OsiDocument to C:\Users\Steve\OneDrive\Desktop\code\pulse\transform\target\osi_document.json
[0m21:24:00.216020 [debug] [MainThread]: Sending event: {'category': 'dbt', 'action': 'resource_counts', 'label': '23584991-db67-439d-90d4-d4d4e3a39ffd', 'context': [<snowplow_tracker.self_describing_json.SelfDescribingJson object at 0x000002414DE5C2C0>]}
[0m21:24:00.216516 [info ] [MainThread]: Found 4 models, 19 data tests, 3 sources, 477 macros
[0m21:24:00.218517 [info ] [MainThread]: 
[0m21:24:00.218517 [info ] [MainThread]: Concurrency: 1 threads (target='dev')
[0m21:24:00.219522 [info ] [MainThread]: 
[0m21:24:00.220028 [debug] [MainThread]: Acquiring new postgres connection 'master'
[0m21:24:00.223529 [debug] [ThreadPool]: Acquiring new postgres connection 'list_pulse'
[0m21:24:00.292615 [debug] [ThreadPool]: Using postgres connection "list_pulse"
[0m21:24:00.293114 [debug] [ThreadPool]: On list_pulse: /* {"app": "dbt", "dbt_version": "1.12.0", "profile_name": "pulse_transform_profile", "target_name": "dev", "connection_name": "list_pulse"} */

    select distinct nspname from pg_namespace
  
[0m21:24:00.293114 [debug] [ThreadPool]: Opening a new connection, currently in state init
[0m21:24:00.328655 [debug] [ThreadPool]: SQL status: SELECT 5 in 0.035 seconds
[0m21:24:00.330164 [debug] [ThreadPool]: On list_pulse: Close
[0m21:24:00.331166 [debug] [ThreadPool]: Acquiring new postgres connection 'list_pulse_public_public'
[0m21:24:00.335683 [debug] [ThreadPool]: Using postgres connection "list_pulse_public_public"
[0m21:24:00.336183 [debug] [ThreadPool]: On list_pulse_public_public: /* {"app": "dbt", "dbt_version": "1.12.0", "profile_name": "pulse_transform_profile", "target_name": "dev", "connection_name": "list_pulse_public_public"} */
select
      'pulse' as database,
      tablename as name,
      schemaname as schema,
      'table' as type
    from pg_tables
    where schemaname ilike 'public_public'
    union all
    select
      'pulse' as database,
      viewname as name,
      schemaname as schema,
      'view' as type
    from pg_views
    where schemaname ilike 'public_public'
    union all
    select
      'pulse' as database,
      matviewname as name,
      schemaname as schema,
      'materialized_view' as type
    from pg_matviews
    where schemaname ilike 'public_public'
    union all
    select distinct
     'pulse' as database,
     proname as name,
     ns.nspname as schema,
     'function' as type
    from pg_proc
     join pg_namespace as ns on pronamespace = ns.oid
    where ns.nspname ilike 'public_public'
  
[0m21:24:00.336684 [debug] [ThreadPool]: Opening a new connection, currently in state init
[0m21:24:00.384742 [debug] [ThreadPool]: SQL status: SELECT 0 in 0.048 seconds
[0m21:24:00.386247 [debug] [ThreadPool]: On list_pulse_public_public: ROLLBACK
[0m21:24:00.386747 [debug] [ThreadPool]: On list_pulse_public_public: Close
[0m21:24:00.391759 [debug] [MainThread]: Using postgres connection "master"
[0m21:24:00.391759 [debug] [MainThread]: On master: /* {"app": "dbt", "dbt_version": "1.12.0", "profile_name": "pulse_transform_profile", "target_name": "dev", "connection_name": "master"} */
select distinct
        dependent_namespace.nspname as dependent_schema,
        dependent_class.relname as dependent_name,
        referenced_namespace.nspname as referenced_schema,
        referenced_class.relname as referenced_name

    -- Query for views: views are entries in pg_class with an entry in pg_rewrite, but we avoid
    -- a seq scan on pg_rewrite by leveraging the fact there is an "internal" row in pg_depend for
    -- the view...
    from pg_class as dependent_class
    join pg_namespace as dependent_namespace on dependent_namespace.oid = dependent_class.relnamespace
    join pg_depend as dependent_depend on dependent_depend.refobjid = dependent_class.oid
        and dependent_depend.classid = 'pg_rewrite'::regclass
        and dependent_depend.refclassid = 'pg_class'::regclass
        and dependent_depend.deptype = 'i'

    -- ... and via pg_depend (that has a row per column, hence the need for "distinct" above, and
    -- making sure to exclude the internal row to avoid a view appearing to depend on itself)...
    join pg_depend as joining_depend on joining_depend.objid = dependent_depend.objid
        and joining_depend.classid = 'pg_rewrite'::regclass
        and joining_depend.refclassid = 'pg_class'::regclass
        and joining_depend.refobjid != dependent_depend.refobjid

    -- ... we can find the tables they query from in pg_class, but excluding system tables. Note we
    -- don't need need to exclude _dependent_ system tables, because they only query from other
    -- system tables, and so are automatically excluded by excluding _referenced_ system tables
    join pg_class as referenced_class on referenced_class.oid = joining_depend.refobjid
    join pg_namespace as referenced_namespace on referenced_namespace.oid = referenced_class.relnamespace
        and referenced_namespace.nspname != 'information_schema'
        and referenced_namespace.nspname not like 'pg\_%'

    order by
        dependent_schema, dependent_name, referenced_schema, referenced_name;
[0m21:24:00.392259 [debug] [MainThread]: Opening a new connection, currently in state init
[0m21:24:00.436304 [debug] [MainThread]: SQL status: SELECT 0 in 0.044 seconds
[0m21:24:00.438307 [debug] [MainThread]: Sending event: {'category': 'dbt', 'action': 'runnable_timing', 'label': '23584991-db67-439d-90d4-d4d4e3a39ffd', 'context': [<snowplow_tracker.self_describing_json.SelfDescribingJson object at 0x000002414E0872F0>]}
[0m21:24:00.438806 [debug] [MainThread]: On master: ROLLBACK
[0m21:24:00.438806 [debug] [MainThread]: On master: COMMIT
[0m21:24:00.438806 [debug] [MainThread]: Using postgres connection "master"
[0m21:24:00.439809 [debug] [MainThread]: On master: COMMIT
[0m21:24:00.440313 [debug] [MainThread]: SQL status: COMMIT in 0.000 seconds
[0m21:24:00.440313 [debug] [MainThread]: On master: Close
[0m21:24:00.445823 [debug] [Thread-1 (]: Began running node model.pulse_transform.stg_crypto
[0m21:24:00.446326 [info ] [Thread-1 (]: 1 of 23 START sql table model public_public.stg_crypto ......................... [RUN]
[0m21:24:00.447328 [debug] [Thread-1 (]: Acquiring new postgres connection 'model.pulse_transform.stg_crypto'
[0m21:24:00.447328 [debug] [Thread-1 (]: Began compiling node model.pulse_transform.stg_crypto
[0m21:24:00.452839 [debug] [Thread-1 (]: Writing injected SQL for node "model.pulse_transform.stg_crypto"
[0m21:24:00.453840 [debug] [Thread-1 (]: Began executing node model.pulse_transform.stg_crypto
[0m21:24:00.479854 [debug] [Thread-1 (]: Writing runtime sql for node "model.pulse_transform.stg_crypto"
[0m21:24:00.480859 [debug] [Thread-1 (]: Using postgres connection "model.pulse_transform.stg_crypto"
[0m21:24:00.481359 [debug] [Thread-1 (]: On model.pulse_transform.stg_crypto: /* {"app": "dbt", "dbt_version": "1.12.0", "profile_name": "pulse_transform_profile", "target_name": "dev", "node_id": "model.pulse_transform.stg_crypto"} */

  
    

  create  table "pulse"."public_public"."stg_crypto__dbt_tmp"
  
  
    as
  
  (
    with source as (
    select
        id,
        source,
        raw_json,
        ingested_at,
        raw_json::jsonb as payload
    from "pulse"."public"."raw_crypto"
),
flattened as (
    select
        id,
        source,
        ingested_at,
        key as coin,
        value ->> 'usd' as price_usd
    from source,
    jsonb_each(payload)
)
select
    row_number() over (order by id, coin) as id,
    source,
    coin,
    cast(price_usd as float) as price_usd,
    ingested_at,
    raw_json
from flattened
  );
  
[0m21:24:00.481860 [debug] [Thread-1 (]: Opening a new connection, currently in state init
[0m21:24:00.616498 [debug] [Thread-1 (]: Postgres adapter: Postgres error: column "raw_json" does not exist
LINE 37:     raw_json
             ^

[0m21:24:00.616999 [debug] [Thread-1 (]: On model.pulse_transform.stg_crypto: ROLLBACK
[0m21:24:00.617996 [debug] [Thread-1 (]: On model.pulse_transform.stg_crypto: Close
[0m21:24:00.623510 [debug] [Thread-1 (]: Database Error in model stg_crypto (models\stg_crypto.sql)
  column "raw_json" does not exist
  LINE 37:     raw_json
               ^
  compiled code at target\run\pulse_transform\models\stg_crypto.sql
[0m21:24:00.625511 [debug] [Thread-1 (]: Sending event: {'category': 'dbt', 'action': 'run_model', 'label': '23584991-db67-439d-90d4-d4d4e3a39ffd', 'context': [<snowplow_tracker.self_describing_json.SelfDescribingJson object at 0x000002414E784D70>]}
[0m21:24:00.626510 [error] [Thread-1 (]: 1 of 23 ERROR creating sql table model public_public.stg_crypto ................ [[31mERROR[0m in 0.18s]
[0m21:24:00.627010 [debug] [Thread-1 (]: Finished running node model.pulse_transform.stg_crypto
[0m21:24:00.627511 [debug] [Thread-1 (]: Began running node model.pulse_transform.stg_sports
[0m21:24:00.628011 [debug] [Thread-4 (]: Marking all children of 'model.pulse_transform.stg_crypto' to be skipped because of status 'error'.  Reason: Database Error in model stg_crypto (models\stg_crypto.sql)
  column "raw_json" does not exist
  LINE 37:     raw_json
               ^
  compiled code at target\run\pulse_transform\models\stg_crypto.sql.
[0m21:24:00.628512 [info ] [Thread-1 (]: 2 of 23 START sql table model public_public.stg_sports ......................... [RUN]
[0m21:24:00.629515 [debug] [Thread-1 (]: Re-using an available connection from the pool (formerly model.pulse_transform.stg_crypto, now model.pulse_transform.stg_sports)
[0m21:24:00.630020 [debug] [Thread-1 (]: Began compiling node model.pulse_transform.stg_sports
[0m21:24:00.631521 [debug] [Thread-1 (]: Writing injected SQL for node "model.pulse_transform.stg_sports"
[0m21:24:00.632524 [debug] [Thread-1 (]: Began executing node model.pulse_transform.stg_sports
[0m21:24:00.635029 [debug] [Thread-1 (]: Writing runtime sql for node "model.pulse_transform.stg_sports"
[0m21:24:00.636538 [debug] [Thread-1 (]: Using postgres connection "model.pulse_transform.stg_sports"
[0m21:24:00.636538 [debug] [Thread-1 (]: On model.pulse_transform.stg_sports: /* {"app": "dbt", "dbt_version": "1.12.0", "profile_name": "pulse_transform_profile", "target_name": "dev", "node_id": "model.pulse_transform.stg_sports"} */

  
    

  create  table "pulse"."public_public"."stg_sports__dbt_tmp"
  
  
    as
  
  (
    with source as (
    select
        id,
        source,
        raw_json,
        ingested_at,
        raw_json::jsonb -> 'events' as events_json
    from "pulse"."public"."raw_sports"
),
parsed as (
    select
        id,
        source,
        ingested_at,
        events_json -> 0 ->> 'date' as game_date,
        events_json -> 0 -> 'competitions' -> 0 -> 'competitors' -> 0 -> 'team' ->> 'abbreviation' as home_team,
        events_json -> 0 -> 'competitions' -> 0 -> 'competitors' -> 0 ->> 'score' as home_score,
        events_json -> 0 -> 'competitions' -> 0 -> 'competitors' -> 1 -> 'team' ->> 'abbreviation' as away_team,
        events_json -> 0 -> 'competitions' -> 0 -> 'competitors' -> 1 ->> 'score' as away_score
    from source
)
select
    id,
    source,
    trim(home_team) as home_team,
    trim(away_team) as away_team,
    cast(home_score as integer) as home_score,
    cast(away_score as integer) as away_score,
    game_date,
    ingested_at,
    raw_json
from parsed
  );
  
[0m21:24:00.637038 [debug] [Thread-1 (]: Opening a new connection, currently in state closed
[0m21:24:00.666561 [debug] [Thread-1 (]: Postgres adapter: Postgres error: column "raw_json" does not exist
LINE 42:     raw_json
             ^

[0m21:24:00.667061 [debug] [Thread-1 (]: On model.pulse_transform.stg_sports: ROLLBACK
[0m21:24:00.667561 [debug] [Thread-1 (]: On model.pulse_transform.stg_sports: Close
[0m21:24:00.668561 [debug] [Thread-1 (]: Database Error in model stg_sports (models\stg_sports.sql)
  column "raw_json" does not exist
  LINE 42:     raw_json
               ^
  compiled code at target\run\pulse_transform\models\stg_sports.sql
[0m21:24:00.669565 [debug] [Thread-1 (]: Sending event: {'category': 'dbt', 'action': 'run_model', 'label': '23584991-db67-439d-90d4-d4d4e3a39ffd', 'context': [<snowplow_tracker.self_describing_json.SelfDescribingJson object at 0x000002414E77A6F0>]}
[0m21:24:00.670069 [error] [Thread-1 (]: 2 of 23 ERROR creating sql table model public_public.stg_sports ................ [[31mERROR[0m in 0.04s]
[0m21:24:00.671069 [debug] [Thread-1 (]: Finished running node model.pulse_transform.stg_sports
[0m21:24:00.671069 [debug] [Thread-1 (]: Began running node model.pulse_transform.stg_weather
[0m21:24:00.671569 [debug] [Thread-4 (]: Marking all children of 'model.pulse_transform.stg_sports' to be skipped because of status 'error'.  Reason: Database Error in model stg_sports (models\stg_sports.sql)
  column "raw_json" does not exist
  LINE 42:     raw_json
               ^
  compiled code at target\run\pulse_transform\models\stg_sports.sql.
[0m21:24:00.671569 [info ] [Thread-1 (]: 3 of 23 START sql table model public_public.stg_weather ........................ [RUN]
[0m21:24:00.672572 [debug] [Thread-1 (]: Re-using an available connection from the pool (formerly model.pulse_transform.stg_sports, now model.pulse_transform.stg_weather)
[0m21:24:00.672572 [debug] [Thread-1 (]: Began compiling node model.pulse_transform.stg_weather
[0m21:24:00.674576 [debug] [Thread-1 (]: Writing injected SQL for node "model.pulse_transform.stg_weather"
[0m21:24:00.675079 [debug] [Thread-1 (]: Began executing node model.pulse_transform.stg_weather
[0m21:24:00.677579 [debug] [Thread-1 (]: Writing runtime sql for node "model.pulse_transform.stg_weather"
[0m21:24:00.678077 [debug] [Thread-1 (]: Using postgres connection "model.pulse_transform.stg_weather"
[0m21:24:00.678576 [debug] [Thread-1 (]: On model.pulse_transform.stg_weather: /* {"app": "dbt", "dbt_version": "1.12.0", "profile_name": "pulse_transform_profile", "target_name": "dev", "node_id": "model.pulse_transform.stg_weather"} */

  
    

  create  table "pulse"."public_public"."stg_weather__dbt_tmp"
  
  
    as
  
  (
    with source as (
    select
        id,
        source,
        raw_json::jsonb ->> 'requested_city' as city,
        raw_json::jsonb -> 'current_weather' ->> 'temperature' as temperature,
        raw_json::jsonb -> 'current_weather' ->> 'weathercode' as weather_code,
        raw_json::jsonb ->> 'requested_latitude' as latitude,
        raw_json::jsonb ->> 'requested_longitude' as longitude,
        ingested_at,
        raw_json
    from "pulse"."public"."raw_weather"
)

select
    id,
    source,
    city,
    cast(temperature as float) as temperature,
    case cast(weather_code as integer)
        when 0 then 'clear'
        when 1 then 'mainly_clear'
        when 2 then 'partly_cloudy'
        when 3 then 'overcast'
        when 45 then 'fog'
        when 48 then 'depositing_rime_fog'
        when 51 then 'drizzle_light'
        when 53 then 'drizzle_moderate'
        when 55 then 'drizzle_dense'
        when 56 then 'freezing_drizzle_light'
        when 57 then 'freezing_drizzle_dense'
        when 61 then 'rain_slight'
        when 63 then 'rain_moderate'
        when 65 then 'rain_heavy'
        when 66 then 'freezing_rain_light'
        when 67 then 'freezing_rain_heavy'
        when 71 then 'snow_fall_slight'
        when 73 then 'snow_fall_moderate'
        when 75 then 'snow_fall_heavy'
        when 77 then 'snow_grains'
        when 80 then 'rain_showers_slight'
        when 81 then 'rain_showers_moderate'
        when 82 then 'rain_showers_violent'
        when 85 then 'snow_showers_slight'
        when 86 then 'snow_showers_heavy'
        when 95 then 'thunderstorm_slight_or_moderate'
        when 96 then 'thunderstorm_hail_slight'
        when 99 then 'thunderstorm_hail_heavy'
        else 'unknown'
    end as condition,
    ingested_at,
    raw_json
from source
  );
  
[0m21:24:00.678576 [debug] [Thread-1 (]: Opening a new connection, currently in state closed
[0m21:24:00.728122 [debug] [Thread-1 (]: SQL status: SELECT 10 in 0.049 seconds
[0m21:24:00.735161 [debug] [Thread-1 (]: Using postgres connection "model.pulse_transform.stg_weather"
[0m21:24:00.735661 [debug] [Thread-1 (]: On model.pulse_transform.stg_weather: /* {"app": "dbt", "dbt_version": "1.12.0", "profile_name": "pulse_transform_profile", "target_name": "dev", "node_id": "model.pulse_transform.stg_weather"} */
alter table "pulse"."public_public"."stg_weather__dbt_tmp" rename to "stg_weather"
[0m21:24:00.736162 [debug] [Thread-1 (]: SQL status: ALTER TABLE in 0.000 seconds
[0m21:24:00.748676 [debug] [Thread-1 (]: On model.pulse_transform.stg_weather: COMMIT
[0m21:24:00.748676 [debug] [Thread-1 (]: Using postgres connection "model.pulse_transform.stg_weather"
[0m21:24:00.748676 [debug] [Thread-1 (]: On model.pulse_transform.stg_weather: COMMIT
[0m21:24:00.750195 [debug] [Thread-1 (]: SQL status: COMMIT in 0.001 seconds
[0m21:24:00.754196 [debug] [Thread-1 (]: Applying DROP to: "pulse"."public_public"."stg_weather__dbt_backup"
[0m21:24:00.757198 [debug] [Thread-1 (]: Using postgres connection "model.pulse_transform.stg_weather"
[0m21:24:00.757695 [debug] [Thread-1 (]: On model.pulse_transform.stg_weather: /* {"app": "dbt", "dbt_version": "1.12.0", "profile_name": "pulse_transform_profile", "target_name": "dev", "node_id": "model.pulse_transform.stg_weather"} */
drop table if exists "pulse"."public_public"."stg_weather__dbt_backup" cascade
[0m21:24:00.758195 [debug] [Thread-1 (]: SQL status: DROP TABLE in 0.000 seconds
[0m21:24:00.759699 [debug] [Thread-1 (]: On model.pulse_transform.stg_weather: Close
[0m21:24:00.760205 [debug] [Thread-1 (]: Sending event: {'category': 'dbt', 'action': 'run_model', 'label': '23584991-db67-439d-90d4-d4d4e3a39ffd', 'context': [<snowplow_tracker.self_describing_json.SelfDescribingJson object at 0x000002414E77D850>]}
[0m21:24:00.760706 [info ] [Thread-1 (]: 3 of 23 OK created sql table model public_public.stg_weather ................... [[32mSELECT 10[0m in 0.09s]
[0m21:24:00.761204 [debug] [Thread-1 (]: Finished running node model.pulse_transform.stg_weather
[0m21:24:00.761706 [debug] [Thread-1 (]: Began running node test.pulse_transform.not_null_stg_crypto_coin.1a9a7af2fe
[0m21:24:00.762204 [info ] [Thread-1 (]: 4 of 23 SKIP test not_null_stg_crypto_coin ..................................... [[33mSKIP[0m]
[0m21:24:00.762706 [debug] [Thread-1 (]: Finished running node test.pulse_transform.not_null_stg_crypto_coin.1a9a7af2fe
[0m21:24:00.762706 [debug] [Thread-1 (]: Began running node test.pulse_transform.not_null_stg_crypto_id.6ded0cac78
[0m21:24:00.763205 [debug] [Thread-4 (]: Marking all children of 'test.pulse_transform.not_null_stg_crypto_coin.1a9a7af2fe' to be skipped because of status 'skipped'. 
[0m21:24:00.763205 [info ] [Thread-1 (]: 5 of 23 SKIP test not_null_stg_crypto_id ....................................... [[33mSKIP[0m]
[0m21:24:00.763706 [debug] [Thread-1 (]: Finished running node test.pulse_transform.not_null_stg_crypto_id.6ded0cac78
[0m21:24:00.764218 [debug] [Thread-1 (]: Began running node test.pulse_transform.not_null_stg_crypto_price_usd.366c53d8e4
[0m21:24:00.764218 [debug] [Thread-4 (]: Marking all children of 'test.pulse_transform.not_null_stg_crypto_id.6ded0cac78' to be skipped because of status 'skipped'. 
[0m21:24:00.764705 [info ] [Thread-1 (]: 6 of 23 SKIP test not_null_stg_crypto_price_usd ................................ [[33mSKIP[0m]
[0m21:24:00.765204 [debug] [Thread-1 (]: Finished running node test.pulse_transform.not_null_stg_crypto_price_usd.366c53d8e4
[0m21:24:00.765204 [debug] [Thread-1 (]: Began running node test.pulse_transform.unique_stg_crypto_id.a906923065
[0m21:24:00.765703 [debug] [Thread-4 (]: Marking all children of 'test.pulse_transform.not_null_stg_crypto_price_usd.366c53d8e4' to be skipped because of status 'skipped'. 
[0m21:24:00.766204 [info ] [Thread-1 (]: 7 of 23 SKIP test unique_stg_crypto_id ......................................... [[33mSKIP[0m]
[0m21:24:00.766703 [debug] [Thread-1 (]: Finished running node test.pulse_transform.unique_stg_crypto_id.a906923065
[0m21:24:00.766703 [debug] [Thread-1 (]: Began running node test.pulse_transform.not_null_stg_sports_away_score.8a079e60bc
[0m21:24:00.767205 [debug] [Thread-4 (]: Marking all children of 'test.pulse_transform.unique_stg_crypto_id.a906923065' to be skipped because of status 'skipped'. 
[0m21:24:00.767205 [info ] [Thread-1 (]: 8 of 23 SKIP test not_null_stg_sports_away_score ............................... [[33mSKIP[0m]
[0m21:24:00.767703 [debug] [Thread-1 (]: Finished running node test.pulse_transform.not_null_stg_sports_away_score.8a079e60bc
[0m21:24:00.768206 [debug] [Thread-1 (]: Began running node test.pulse_transform.not_null_stg_sports_away_team.cfb7ffdcd4
[0m21:24:00.768703 [debug] [Thread-4 (]: Marking all children of 'test.pulse_transform.not_null_stg_sports_away_score.8a079e60bc' to be skipped because of status 'skipped'. 
[0m21:24:00.768703 [info ] [Thread-1 (]: 9 of 23 SKIP test not_null_stg_sports_away_team ................................ [[33mSKIP[0m]
[0m21:24:00.768703 [debug] [Thread-1 (]: Finished running node test.pulse_transform.not_null_stg_sports_away_team.cfb7ffdcd4
[0m21:24:00.768703 [debug] [Thread-1 (]: Began running node test.pulse_transform.not_null_stg_sports_game_date.7a0e7af6c4
[0m21:24:00.769707 [debug] [Thread-4 (]: Marking all children of 'test.pulse_transform.not_null_stg_sports_away_team.cfb7ffdcd4' to be skipped because of status 'skipped'. 
[0m21:24:00.770213 [info ] [Thread-1 (]: 10 of 23 SKIP test not_null_stg_sports_game_date ............................... [[33mSKIP[0m]
[0m21:24:00.770711 [debug] [Thread-1 (]: Finished running node test.pulse_transform.not_null_stg_sports_game_date.7a0e7af6c4
[0m21:24:00.770711 [debug] [Thread-1 (]: Began running node test.pulse_transform.not_null_stg_sports_home_score.e8726cdba9
[0m21:24:00.771211 [debug] [Thread-4 (]: Marking all children of 'test.pulse_transform.not_null_stg_sports_game_date.7a0e7af6c4' to be skipped because of status 'skipped'. 
[0m21:24:00.771211 [info ] [Thread-1 (]: 11 of 23 SKIP test not_null_stg_sports_home_score .............................. [[33mSKIP[0m]
[0m21:24:00.771712 [debug] [Thread-1 (]: Finished running node test.pulse_transform.not_null_stg_sports_home_score.e8726cdba9
[0m21:24:00.771712 [debug] [Thread-1 (]: Began running node test.pulse_transform.not_null_stg_sports_home_team.9d8def7714
[0m21:24:00.772212 [debug] [Thread-4 (]: Marking all children of 'test.pulse_transform.not_null_stg_sports_home_score.e8726cdba9' to be skipped because of status 'skipped'. 
[0m21:24:00.772212 [info ] [Thread-1 (]: 12 of 23 SKIP test not_null_stg_sports_home_team ............................... [[33mSKIP[0m]
[0m21:24:00.772711 [debug] [Thread-1 (]: Finished running node test.pulse_transform.not_null_stg_sports_home_team.9d8def7714
[0m21:24:00.773214 [debug] [Thread-1 (]: Began running node test.pulse_transform.not_null_stg_sports_id.a70dda288b
[0m21:24:00.773214 [debug] [Thread-4 (]: Marking all children of 'test.pulse_transform.not_null_stg_sports_home_team.9d8def7714' to be skipped because of status 'skipped'. 
[0m21:24:00.773713 [info ] [Thread-1 (]: 13 of 23 SKIP test not_null_stg_sports_id ...................................... [[33mSKIP[0m]
[0m21:24:00.774211 [debug] [Thread-1 (]: Finished running node test.pulse_transform.not_null_stg_sports_id.a70dda288b
[0m21:24:00.774712 [debug] [Thread-1 (]: Began running node test.pulse_transform.accepted_values_stg_weather_condition__clear__mainly_clear__partly_cloudy__overcast__fog__depositing_rime_fog__drizzle_light__drizzle_moderate__drizzle_dense__freezing_drizzle_light__freezing_drizzle_dense__rain_slight__rain_moderate__rain_heavy__freezing_rain_light__freezing_rain_heavy__snow_fall_slight__snow_fall_moderate__snow_fall_heavy__snow_grains__rain_showers_slight__rain_showers_moderate__rain_showers_violent__snow_showers_slight__snow_showers_heavy__thunderstorm_slight_or_moderate__thunderstorm_hail_slight__thunderstorm_hail_heavy__unknown.49df99636f
[0m21:24:00.774712 [debug] [Thread-4 (]: Marking all children of 'test.pulse_transform.not_null_stg_sports_id.a70dda288b' to be skipped because of status 'skipped'. 
[0m21:24:00.775211 [info ] [Thread-1 (]: 14 of 23 START test accepted_values_stg_weather_condition__clear__mainly_clear__partly_cloudy__overcast__fog__depositing_rime_fog__drizzle_light__drizzle_moderate__drizzle_dense__freezing_drizzle_light__freezing_drizzle_dense__rain_slight__rain_moderate__rain_heavy__freezing_rain_light__freezing_rain_heavy__snow_fall_slight__snow_fall_moderate__snow_fall_heavy__snow_grains__rain_showers_slight__rain_showers_moderate__rain_showers_violent__snow_showers_slight__snow_showers_heavy__thunderstorm_slight_or_moderate__thunderstorm_hail_slight__thunderstorm_hail_heavy__unknown  [RUN]
[0m21:24:00.775712 [debug] [Thread-1 (]: Re-using an available connection from the pool (formerly model.pulse_transform.stg_weather, now test.pulse_transform.accepted_values_stg_weather_condition__clear__mainly_clear__partly_cloudy__overcast__fog__depositing_rime_fog__drizzle_light__drizzle_moderate__drizzle_dense__freezing_drizzle_light__freezing_drizzle_dense__rain_slight__rain_moderate__rain_heavy__freezing_rain_light__freezing_rain_heavy__snow_fall_slight__snow_fall_moderate__snow_fall_heavy__snow_grains__rain_showers_slight__rain_showers_moderate__rain_showers_violent__snow_showers_slight__snow_showers_heavy__thunderstorm_slight_or_moderate__thunderstorm_hail_slight__thunderstorm_hail_heavy__unknown.49df99636f)
[0m21:24:00.776215 [debug] [Thread-1 (]: Began compiling node test.pulse_transform.accepted_values_stg_weather_condition__clear__mainly_clear__partly_cloudy__overcast__fog__depositing_rime_fog__drizzle_light__drizzle_moderate__drizzle_dense__freezing_drizzle_light__freezing_drizzle_dense__rain_slight__rain_moderate__rain_heavy__freezing_rain_light__freezing_rain_heavy__snow_fall_slight__snow_fall_moderate__snow_fall_heavy__snow_grains__rain_showers_slight__rain_showers_moderate__rain_showers_violent__snow_showers_slight__snow_showers_heavy__thunderstorm_slight_or_moderate__thunderstorm_hail_slight__thunderstorm_hail_heavy__unknown.49df99636f
[0m21:24:00.780722 [debug] [Thread-1 (]: Writing injected SQL for node "test.pulse_transform.accepted_values_stg_weather_condition__clear__mainly_clear__partly_cloudy__overcast__fog__depositing_rime_fog__drizzle_light__drizzle_moderate__drizzle_dense__freezing_drizzle_light__freezing_drizzle_dense__rain_slight__rain_moderate__rain_heavy__freezing_rain_light__freezing_rain_heavy__snow_fall_slight__snow_fall_moderate__snow_fall_heavy__snow_grains__rain_showers_slight__rain_showers_moderate__rain_showers_violent__snow_showers_slight__snow_showers_heavy__thunderstorm_slight_or_moderate__thunderstorm_hail_slight__thunderstorm_hail_heavy__unknown.49df99636f"
[0m21:24:00.782222 [debug] [Thread-1 (]: Began executing node test.pulse_transform.accepted_values_stg_weather_condition__clear__mainly_clear__partly_cloudy__overcast__fog__depositing_rime_fog__drizzle_light__drizzle_moderate__drizzle_dense__freezing_drizzle_light__freezing_drizzle_dense__rain_slight__rain_moderate__rain_heavy__freezing_rain_light__freezing_rain_heavy__snow_fall_slight__snow_fall_moderate__snow_fall_heavy__snow_grains__rain_showers_slight__rain_showers_moderate__rain_showers_violent__snow_showers_slight__snow_showers_heavy__thunderstorm_slight_or_moderate__thunderstorm_hail_slight__thunderstorm_hail_heavy__unknown.49df99636f
[0m21:24:00.795740 [debug] [Thread-1 (]: Writing runtime sql for node "test.pulse_transform.accepted_values_stg_weather_condition__clear__mainly_clear__partly_cloudy__overcast__fog__depositing_rime_fog__drizzle_light__drizzle_moderate__drizzle_dense__freezing_drizzle_light__freezing_drizzle_dense__rain_slight__rain_moderate__rain_heavy__freezing_rain_light__freezing_rain_heavy__snow_fall_slight__snow_fall_moderate__snow_fall_heavy__snow_grains__rain_showers_slight__rain_showers_moderate__rain_showers_violent__snow_showers_slight__snow_showers_heavy__thunderstorm_slight_or_moderate__thunderstorm_hail_slight__thunderstorm_hail_heavy__unknown.49df99636f"
[0m21:24:00.797239 [debug] [Thread-1 (]: Using postgres connection "test.pulse_transform.accepted_values_stg_weather_condition__clear__mainly_clear__partly_cloudy__overcast__fog__depositing_rime_fog__drizzle_light__drizzle_moderate__drizzle_dense__freezing_drizzle_light__freezing_drizzle_dense__rain_slight__rain_moderate__rain_heavy__freezing_rain_light__freezing_rain_heavy__snow_fall_slight__snow_fall_moderate__snow_fall_heavy__snow_grains__rain_showers_slight__rain_showers_moderate__rain_showers_violent__snow_showers_slight__snow_showers_heavy__thunderstorm_slight_or_moderate__thunderstorm_hail_slight__thunderstorm_hail_heavy__unknown.49df99636f"
[0m21:24:00.797743 [debug] [Thread-1 (]: On test.pulse_transform.accepted_values_stg_weather_condition__clear__mainly_clear__partly_cloudy__overcast__fog__depositing_rime_fog__drizzle_light__drizzle_moderate__drizzle_dense__freezing_drizzle_light__freezing_drizzle_dense__rain_slight__rain_moderate__rain_heavy__freezing_rain_light__freezing_rain_heavy__snow_fall_slight__snow_fall_moderate__snow_fall_heavy__snow_grains__rain_showers_slight__rain_showers_moderate__rain_showers_violent__snow_showers_slight__snow_showers_heavy__thunderstorm_slight_or_moderate__thunderstorm_hail_slight__thunderstorm_hail_heavy__unknown.49df99636f: /* {"app": "dbt", "dbt_version": "1.12.0", "profile_name": "pulse_transform_profile", "target_name": "dev", "node_id": "test.pulse_transform.accepted_values_stg_weather_condition__clear__mainly_clear__partly_cloudy__overcast__fog__depositing_rime_fog__drizzle_light__drizzle_moderate__drizzle_dense__freezing_drizzle_light__freezing_drizzle_dense__rain_slight__rain_moderate__rain_heavy__freezing_rain_light__freezing_rain_heavy__snow_fall_slight__snow_fall_moderate__snow_fall_heavy__snow_grains__rain_showers_slight__rain_showers_moderate__rain_showers_violent__snow_showers_slight__snow_showers_heavy__thunderstorm_slight_or_moderate__thunderstorm_hail_slight__thunderstorm_hail_heavy__unknown.49df99636f"} */

    
    select
      count(*) as failures,
      count(*) != 0 as should_warn,
      count(*) != 0 as should_error
    from (
      
    
  
    
    

with all_values as (

    select
        condition as value_field,
        count(*) as n_records

    from "pulse"."public_public"."stg_weather"
    group by condition

)

select *
from all_values
where value_field not in (
    'clear','mainly_clear','partly_cloudy','overcast','fog','depositing_rime_fog','drizzle_light','drizzle_moderate','drizzle_dense','freezing_drizzle_light','freezing_drizzle_dense','rain_slight','rain_moderate','rain_heavy','freezing_rain_light','freezing_rain_heavy','snow_fall_slight','snow_fall_moderate','snow_fall_heavy','snow_grains','rain_showers_slight','rain_showers_moderate','rain_showers_violent','snow_showers_slight','snow_showers_heavy','thunderstorm_slight_or_moderate','thunderstorm_hail_slight','thunderstorm_hail_heavy','unknown'
)



  
  
      
    ) dbt_internal_test
[0m21:24:00.798241 [debug] [Thread-1 (]: Opening a new connection, currently in state closed
[0m21:24:00.826280 [debug] [Thread-1 (]: SQL status: SELECT 1 in 0.028 seconds
[0m21:24:00.828778 [debug] [Thread-1 (]: On test.pulse_transform.accepted_values_stg_weather_condition__clear__mainly_clear__partly_cloudy__overcast__fog__depositing_rime_fog__drizzle_light__drizzle_moderate__drizzle_dense__freezing_drizzle_light__freezing_drizzle_dense__rain_slight__rain_moderate__rain_heavy__freezing_rain_light__freezing_rain_heavy__snow_fall_slight__snow_fall_moderate__snow_fall_heavy__snow_grains__rain_showers_slight__rain_showers_moderate__rain_showers_violent__snow_showers_slight__snow_showers_heavy__thunderstorm_slight_or_moderate__thunderstorm_hail_slight__thunderstorm_hail_heavy__unknown.49df99636f: ROLLBACK
[0m21:24:00.828778 [debug] [Thread-1 (]: On test.pulse_transform.accepted_values_stg_weather_condition__clear__mainly_clear__partly_cloudy__overcast__fog__depositing_rime_fog__drizzle_light__drizzle_moderate__drizzle_dense__freezing_drizzle_light__freezing_drizzle_dense__rain_slight__rain_moderate__rain_heavy__freezing_rain_light__freezing_rain_heavy__snow_fall_slight__snow_fall_moderate__snow_fall_heavy__snow_grains__rain_showers_slight__rain_showers_moderate__rain_showers_violent__snow_showers_slight__snow_showers_heavy__thunderstorm_slight_or_moderate__thunderstorm_hail_slight__thunderstorm_hail_heavy__unknown.49df99636f: Close
[0m21:24:00.829782 [info ] [Thread-1 (]: 14 of 23 PASS accepted_values_stg_weather_condition__clear__mainly_clear__partly_cloudy__overcast__fog__depositing_rime_fog__drizzle_light__drizzle_moderate__drizzle_dense__freezing_drizzle_light__freezing_drizzle_dense__rain_slight__rain_moderate__rain_heavy__freezing_rain_light__freezing_rain_heavy__snow_fall_slight__snow_fall_moderate__snow_fall_heavy__snow_grains__rain_showers_slight__rain_showers_moderate__rain_showers_violent__snow_showers_slight__snow_showers_heavy__thunderstorm_slight_or_moderate__thunderstorm_hail_slight__thunderstorm_hail_heavy__unknown  [[32mPASS[0m in 0.05s]
[0m21:24:00.830286 [debug] [Thread-1 (]: Finished running node test.pulse_transform.accepted_values_stg_weather_condition__clear__mainly_clear__partly_cloudy__overcast__fog__depositing_rime_fog__drizzle_light__drizzle_moderate__drizzle_dense__freezing_drizzle_light__freezing_drizzle_dense__rain_slight__rain_moderate__rain_heavy__freezing_rain_light__freezing_rain_heavy__snow_fall_slight__snow_fall_moderate__snow_fall_heavy__snow_grains__rain_showers_slight__rain_showers_moderate__rain_showers_violent__snow_showers_slight__snow_showers_heavy__thunderstorm_slight_or_moderate__thunderstorm_hail_slight__thunderstorm_hail_heavy__unknown.49df99636f
[0m21:24:00.830788 [debug] [Thread-1 (]: Began running node test.pulse_transform.not_null_stg_weather_city.c03e0c0127
[0m21:24:00.831286 [info ] [Thread-1 (]: 15 of 23 START test not_null_stg_weather_city .................................. [RUN]
[0m21:24:00.831286 [debug] [Thread-1 (]: Re-using an available connection from the pool (formerly test.pulse_transform.accepted_values_stg_weather_condition__clear__mainly_clear__partly_cloudy__overcast__fog__depositing_rime_fog__drizzle_light__drizzle_moderate__drizzle_dense__freezing_drizzle_light__freezing_drizzle_dense__rain_slight__rain_moderate__rain_heavy__freezing_rain_light__freezing_rain_heavy__snow_fall_slight__snow_fall_moderate__snow_fall_heavy__snow_grains__rain_showers_slight__rain_showers_moderate__rain_showers_violent__snow_showers_slight__snow_showers_heavy__thunderstorm_slight_or_moderate__thunderstorm_hail_slight__thunderstorm_hail_heavy__unknown.49df99636f, now test.pulse_transform.not_null_stg_weather_city.c03e0c0127)
[0m21:24:00.831791 [debug] [Thread-1 (]: Began compiling node test.pulse_transform.not_null_stg_weather_city.c03e0c0127
[0m21:24:00.837799 [debug] [Thread-1 (]: Writing injected SQL for node "test.pulse_transform.not_null_stg_weather_city.c03e0c0127"
[0m21:24:00.838298 [debug] [Thread-1 (]: Began executing node test.pulse_transform.not_null_stg_weather_city.c03e0c0127
[0m21:24:00.838798 [debug] [Thread-1 (]: Writing runtime sql for node "test.pulse_transform.not_null_stg_weather_city.c03e0c0127"
[0m21:24:00.840307 [debug] [Thread-1 (]: Using postgres connection "test.pulse_transform.not_null_stg_weather_city.c03e0c0127"
[0m21:24:00.840307 [debug] [Thread-1 (]: On test.pulse_transform.not_null_stg_weather_city.c03e0c0127: /* {"app": "dbt", "dbt_version": "1.12.0", "profile_name": "pulse_transform_profile", "target_name": "dev", "node_id": "test.pulse_transform.not_null_stg_weather_city.c03e0c0127"} */

    
    select
      count(*) as failures,
      count(*) != 0 as should_warn,
      count(*) != 0 as should_error
    from (
      
    
  
    
    



select city
from "pulse"."public_public"."stg_weather"
where city is null



  
  
      
    ) dbt_internal_test
[0m21:24:00.840307 [debug] [Thread-1 (]: Opening a new connection, currently in state closed
[0m21:24:00.867838 [debug] [Thread-1 (]: SQL status: SELECT 1 in 0.027 seconds
[0m21:24:00.868838 [debug] [Thread-1 (]: On test.pulse_transform.not_null_stg_weather_city.c03e0c0127: ROLLBACK
[0m21:24:00.869841 [debug] [Thread-1 (]: On test.pulse_transform.not_null_stg_weather_city.c03e0c0127: Close
[0m21:24:00.870347 [info ] [Thread-1 (]: 15 of 23 PASS not_null_stg_weather_city ........................................ [[32mPASS[0m in 0.04s]
[0m21:24:00.870848 [debug] [Thread-1 (]: Finished running node test.pulse_transform.not_null_stg_weather_city.c03e0c0127
[0m21:24:00.871347 [debug] [Thread-1 (]: Began running node test.pulse_transform.not_null_stg_weather_condition.0c9e947318
[0m21:24:00.871844 [info ] [Thread-1 (]: 16 of 23 START test not_null_stg_weather_condition ............................. [RUN]
[0m21:24:00.871844 [debug] [Thread-1 (]: Re-using an available connection from the pool (formerly test.pulse_transform.not_null_stg_weather_city.c03e0c0127, now test.pulse_transform.not_null_stg_weather_condition.0c9e947318)
[0m21:24:00.872345 [debug] [Thread-1 (]: Began compiling node test.pulse_transform.not_null_stg_weather_condition.0c9e947318
[0m21:24:00.877845 [debug] [Thread-1 (]: Writing injected SQL for node "test.pulse_transform.not_null_stg_weather_condition.0c9e947318"
[0m21:24:00.878845 [debug] [Thread-1 (]: Began executing node test.pulse_transform.not_null_stg_weather_condition.0c9e947318
[0m21:24:00.880853 [debug] [Thread-1 (]: Writing runtime sql for node "test.pulse_transform.not_null_stg_weather_condition.0c9e947318"
[0m21:24:00.882354 [debug] [Thread-1 (]: Using postgres connection "test.pulse_transform.not_null_stg_weather_condition.0c9e947318"
[0m21:24:00.882354 [debug] [Thread-1 (]: On test.pulse_transform.not_null_stg_weather_condition.0c9e947318: /* {"app": "dbt", "dbt_version": "1.12.0", "profile_name": "pulse_transform_profile", "target_name": "dev", "node_id": "test.pulse_transform.not_null_stg_weather_condition.0c9e947318"} */

    
    select
      count(*) as failures,
      count(*) != 0 as should_warn,
      count(*) != 0 as should_error
    from (
      
    
  
    
    



select condition
from "pulse"."public_public"."stg_weather"
where condition is null



  
  
      
    ) dbt_internal_test
[0m21:24:00.882854 [debug] [Thread-1 (]: Opening a new connection, currently in state closed
[0m21:24:00.910394 [debug] [Thread-1 (]: SQL status: SELECT 1 in 0.027 seconds
[0m21:24:00.911894 [debug] [Thread-1 (]: On test.pulse_transform.not_null_stg_weather_condition.0c9e947318: ROLLBACK
[0m21:24:00.912392 [debug] [Thread-1 (]: On test.pulse_transform.not_null_stg_weather_condition.0c9e947318: Close
[0m21:24:00.912892 [info ] [Thread-1 (]: 16 of 23 PASS not_null_stg_weather_condition ................................... [[32mPASS[0m in 0.04s]
[0m21:24:00.913393 [debug] [Thread-1 (]: Finished running node test.pulse_transform.not_null_stg_weather_condition.0c9e947318
[0m21:24:00.913893 [debug] [Thread-1 (]: Began running node test.pulse_transform.not_null_stg_weather_id.0e1828fa23
[0m21:24:00.913893 [info ] [Thread-1 (]: 17 of 23 START test not_null_stg_weather_id .................................... [RUN]
[0m21:24:00.914395 [debug] [Thread-1 (]: Re-using an available connection from the pool (formerly test.pulse_transform.not_null_stg_weather_condition.0c9e947318, now test.pulse_transform.not_null_stg_weather_id.0e1828fa23)
[0m21:24:00.914395 [debug] [Thread-1 (]: Began compiling node test.pulse_transform.not_null_stg_weather_id.0e1828fa23
[0m21:24:00.918392 [debug] [Thread-1 (]: Writing injected SQL for node "test.pulse_transform.not_null_stg_weather_id.0e1828fa23"
[0m21:24:00.919398 [debug] [Thread-1 (]: Began executing node test.pulse_transform.not_null_stg_weather_id.0e1828fa23
[0m21:24:00.920904 [debug] [Thread-1 (]: Writing runtime sql for node "test.pulse_transform.not_null_stg_weather_id.0e1828fa23"
[0m21:24:00.921904 [debug] [Thread-1 (]: Using postgres connection "test.pulse_transform.not_null_stg_weather_id.0e1828fa23"
[0m21:24:00.921904 [debug] [Thread-1 (]: On test.pulse_transform.not_null_stg_weather_id.0e1828fa23: /* {"app": "dbt", "dbt_version": "1.12.0", "profile_name": "pulse_transform_profile", "target_name": "dev", "node_id": "test.pulse_transform.not_null_stg_weather_id.0e1828fa23"} */

    
    select
      count(*) as failures,
      count(*) != 0 as should_warn,
      count(*) != 0 as should_error
    from (
      
    
  
    
    



select id
from "pulse"."public_public"."stg_weather"
where id is null



  
  
      
    ) dbt_internal_test
[0m21:24:00.921904 [debug] [Thread-1 (]: Opening a new connection, currently in state closed
[0m21:24:00.950947 [debug] [Thread-1 (]: SQL status: SELECT 1 in 0.029 seconds
[0m21:24:00.952443 [debug] [Thread-1 (]: On test.pulse_transform.not_null_stg_weather_id.0e1828fa23: ROLLBACK
[0m21:24:00.952443 [debug] [Thread-1 (]: On test.pulse_transform.not_null_stg_weather_id.0e1828fa23: Close
[0m21:24:00.953445 [info ] [Thread-1 (]: 17 of 23 PASS not_null_stg_weather_id .......................................... [[32mPASS[0m in 0.04s]
[0m21:24:00.953945 [debug] [Thread-1 (]: Finished running node test.pulse_transform.not_null_stg_weather_id.0e1828fa23
[0m21:24:00.954444 [debug] [Thread-1 (]: Began running node test.pulse_transform.not_null_stg_weather_temperature.fe647a6746
[0m21:24:00.954945 [info ] [Thread-1 (]: 18 of 23 START test not_null_stg_weather_temperature ........................... [RUN]
[0m21:24:00.954945 [debug] [Thread-1 (]: Re-using an available connection from the pool (formerly test.pulse_transform.not_null_stg_weather_id.0e1828fa23, now test.pulse_transform.not_null_stg_weather_temperature.fe647a6746)
[0m21:24:00.955444 [debug] [Thread-1 (]: Began compiling node test.pulse_transform.not_null_stg_weather_temperature.fe647a6746
[0m21:24:00.960952 [debug] [Thread-1 (]: Writing injected SQL for node "test.pulse_transform.not_null_stg_weather_temperature.fe647a6746"
[0m21:24:00.961952 [debug] [Thread-1 (]: Began executing node test.pulse_transform.not_null_stg_weather_temperature.fe647a6746
[0m21:24:00.962950 [debug] [Thread-1 (]: Writing runtime sql for node "test.pulse_transform.not_null_stg_weather_temperature.fe647a6746"
[0m21:24:00.963951 [debug] [Thread-1 (]: Using postgres connection "test.pulse_transform.not_null_stg_weather_temperature.fe647a6746"
[0m21:24:00.963951 [debug] [Thread-1 (]: On test.pulse_transform.not_null_stg_weather_temperature.fe647a6746: /* {"app": "dbt", "dbt_version": "1.12.0", "profile_name": "pulse_transform_profile", "target_name": "dev", "node_id": "test.pulse_transform.not_null_stg_weather_temperature.fe647a6746"} */

    
    select
      count(*) as failures,
      count(*) != 0 as should_warn,
      count(*) != 0 as should_error
    from (
      
    
  
    
    



select temperature
from "pulse"."public_public"."stg_weather"
where temperature is null



  
  
      
    ) dbt_internal_test
[0m21:24:00.964452 [debug] [Thread-1 (]: Opening a new connection, currently in state closed
[0m21:24:00.991484 [debug] [Thread-1 (]: SQL status: SELECT 1 in 0.027 seconds
[0m21:24:00.992985 [debug] [Thread-1 (]: On test.pulse_transform.not_null_stg_weather_temperature.fe647a6746: ROLLBACK
[0m21:24:00.993485 [debug] [Thread-1 (]: On test.pulse_transform.not_null_stg_weather_temperature.fe647a6746: Close
[0m21:24:00.993986 [info ] [Thread-1 (]: 18 of 23 PASS not_null_stg_weather_temperature ................................. [[32mPASS[0m in 0.04s]
[0m21:24:00.994485 [debug] [Thread-1 (]: Finished running node test.pulse_transform.not_null_stg_weather_temperature.fe647a6746
[0m21:24:00.994985 [debug] [Thread-1 (]: Began running node test.pulse_transform.unique_stg_weather_id.c42c665fbe
[0m21:24:00.995485 [info ] [Thread-1 (]: 19 of 23 START test unique_stg_weather_id ...................................... [RUN]
[0m21:24:00.995984 [debug] [Thread-1 (]: Re-using an available connection from the pool (formerly test.pulse_transform.not_null_stg_weather_temperature.fe647a6746, now test.pulse_transform.unique_stg_weather_id.c42c665fbe)
[0m21:24:00.995984 [debug] [Thread-1 (]: Began compiling node test.pulse_transform.unique_stg_weather_id.c42c665fbe
[0m21:24:01.002495 [debug] [Thread-1 (]: Writing injected SQL for node "test.pulse_transform.unique_stg_weather_id.c42c665fbe"
[0m21:24:01.002991 [debug] [Thread-1 (]: Began executing node test.pulse_transform.unique_stg_weather_id.c42c665fbe
[0m21:24:01.004491 [debug] [Thread-1 (]: Writing runtime sql for node "test.pulse_transform.unique_stg_weather_id.c42c665fbe"
[0m21:24:01.005493 [debug] [Thread-1 (]: Using postgres connection "test.pulse_transform.unique_stg_weather_id.c42c665fbe"
[0m21:24:01.005493 [debug] [Thread-1 (]: On test.pulse_transform.unique_stg_weather_id.c42c665fbe: /* {"app": "dbt", "dbt_version": "1.12.0", "profile_name": "pulse_transform_profile", "target_name": "dev", "node_id": "test.pulse_transform.unique_stg_weather_id.c42c665fbe"} */

    
    select
      count(*) as failures,
      count(*) != 0 as should_warn,
      count(*) != 0 as should_error
    from (
      
    
  
    
    

select
    id as unique_field,
    count(*) as n_records

from "pulse"."public_public"."stg_weather"
where id is not null
group by id
having count(*) > 1



  
  
      
    ) dbt_internal_test
[0m21:24:01.005991 [debug] [Thread-1 (]: Opening a new connection, currently in state closed
[0m21:24:01.146593 [debug] [Thread-1 (]: SQL status: SELECT 1 in 0.141 seconds
[0m21:24:01.148092 [debug] [Thread-1 (]: On test.pulse_transform.unique_stg_weather_id.c42c665fbe: ROLLBACK
[0m21:24:01.148592 [debug] [Thread-1 (]: On test.pulse_transform.unique_stg_weather_id.c42c665fbe: Close
[0m21:24:01.148592 [info ] [Thread-1 (]: 19 of 23 PASS unique_stg_weather_id ............................................ [[32mPASS[0m in 0.15s]
[0m21:24:01.149596 [debug] [Thread-1 (]: Finished running node test.pulse_transform.unique_stg_weather_id.c42c665fbe
[0m21:24:01.150102 [debug] [Thread-1 (]: Began running node model.pulse_transform.daily_summary
[0m21:24:01.150603 [info ] [Thread-1 (]: 20 of 23 SKIP relation public_public.daily_summary ............................. [[33mSKIP[0m]
[0m21:24:01.151104 [debug] [Thread-1 (]: Finished running node model.pulse_transform.daily_summary
[0m21:24:01.151104 [debug] [Thread-4 (]: Marking all children of 'model.pulse_transform.daily_summary' to be skipped because of status 'skipped'. 
[0m21:24:01.151603 [debug] [Thread-1 (]: Began running node test.pulse_transform.not_null_daily_summary_crypto_coin.2b3c1f82f7
[0m21:24:01.152104 [info ] [Thread-1 (]: 21 of 23 SKIP test not_null_daily_summary_crypto_coin .......................... [[33mSKIP[0m]
[0m21:24:01.152604 [debug] [Thread-1 (]: Finished running node test.pulse_transform.not_null_daily_summary_crypto_coin.2b3c1f82f7
[0m21:24:01.153104 [debug] [Thread-1 (]: Began running node test.pulse_transform.not_null_daily_summary_sports_game_date.d349270fc3
[0m21:24:01.153104 [debug] [Thread-4 (]: Marking all children of 'test.pulse_transform.not_null_daily_summary_crypto_coin.2b3c1f82f7' to be skipped because of status 'skipped'. 
[0m21:24:01.153602 [info ] [Thread-1 (]: 22 of 23 SKIP test not_null_daily_summary_sports_game_date ..................... [[33mSKIP[0m]
[0m21:24:01.154104 [debug] [Thread-1 (]: Finished running node test.pulse_transform.not_null_daily_summary_sports_game_date.d349270fc3
[0m21:24:01.154604 [debug] [Thread-1 (]: Began running node test.pulse_transform.not_null_daily_summary_weather_city.efc8b36fcc
[0m21:24:01.155104 [debug] [Thread-4 (]: Marking all children of 'test.pulse_transform.not_null_daily_summary_sports_game_date.d349270fc3' to be skipped because of status 'skipped'. 
[0m21:24:01.155604 [info ] [Thread-1 (]: 23 of 23 SKIP test not_null_daily_summary_weather_city ......................... [[33mSKIP[0m]
[0m21:24:01.156104 [debug] [Thread-1 (]: Finished running node test.pulse_transform.not_null_daily_summary_weather_city.efc8b36fcc
[0m21:24:01.156104 [debug] [Thread-4 (]: Marking all children of 'test.pulse_transform.not_null_daily_summary_weather_city.efc8b36fcc' to be skipped because of status 'skipped'. 
[0m21:24:01.157103 [debug] [MainThread]: On master: COMMIT
[0m21:24:01.157103 [debug] [MainThread]: Using postgres connection "master"
[0m21:24:01.157601 [debug] [MainThread]: On master: COMMIT
[0m21:24:01.157601 [debug] [MainThread]: Opening a new connection, currently in state closed
[0m21:24:01.185646 [debug] [MainThread]: SQL status: COMMIT in 0.028 seconds
[0m21:24:01.186149 [debug] [MainThread]: On master: Close
[0m21:24:01.186645 [debug] [MainThread]: Connection 'master' was properly closed.
[0m21:24:01.187147 [debug] [MainThread]: Connection 'list_pulse' was properly closed.
[0m21:24:01.187147 [debug] [MainThread]: Connection 'list_pulse_public_public' was properly closed.
[0m21:24:01.187647 [debug] [MainThread]: Connection 'test.pulse_transform.unique_stg_weather_id.c42c665fbe' was properly closed.
[0m21:24:01.188149 [info ] [MainThread]: 
[0m21:24:01.188149 [info ] [MainThread]: Finished running 4 table models, 19 data tests in 0 hours 0 minutes and 0.97 seconds (0.97s).
[0m21:24:01.189655 [debug] [MainThread]: Command end result
[0m21:24:01.221715 [debug] [MainThread]: Wrote artifact WritableManifest to C:\Users\Steve\OneDrive\Desktop\code\pulse\transform\target\manifest.json
[0m21:24:01.225215 [debug] [MainThread]: Wrote artifact SemanticManifest to C:\Users\Steve\OneDrive\Desktop\code\pulse\transform\target\semantic_manifest.json
[0m21:24:01.228217 [debug] [MainThread]: Wrote artifact OsiDocument to C:\Users\Steve\OneDrive\Desktop\code\pulse\transform\target\osi_document.json
[0m21:24:01.252266 [debug] [MainThread]: Wrote artifact RunExecutionResult to C:\Users\Steve\OneDrive\Desktop\code\pulse\transform\target\run_results.json
[0m21:24:01.252766 [info ] [MainThread]: 
[0m21:24:01.253263 [info ] [MainThread]: [31mCompleted with 2 errors, 0 partial successes, and 0 warnings:[0m
[0m21:24:01.253763 [info ] [MainThread]: 
[0m21:24:01.254265 [error] [MainThread]: [[31mERROR[0m]: in model stg_crypto (models\stg_crypto.sql)
[0m21:24:01.254765 [error] [MainThread]:   Database Error in model stg_crypto (models\stg_crypto.sql)
  column "raw_json" does not exist
  LINE 37:     raw_json
               ^
  compiled code at target\run\pulse_transform\models\stg_crypto.sql
[0m21:24:01.254765 [info ] [MainThread]: 
[0m21:24:01.255265 [info ] [MainThread]:   compiled code at target\compiled\pulse_transform\models\stg_crypto.sql
[0m21:24:01.255766 [info ] [MainThread]: 
[0m21:24:01.255766 [error] [MainThread]: [[31mERROR[0m]: in model stg_sports (models\stg_sports.sql)
[0m21:24:01.256264 [error] [MainThread]:   Database Error in model stg_sports (models\stg_sports.sql)
  column "raw_json" does not exist
  LINE 42:     raw_json
               ^
  compiled code at target\run\pulse_transform\models\stg_sports.sql
[0m21:24:01.256264 [info ] [MainThread]: 
[0m21:24:01.256765 [info ] [MainThread]:   compiled code at target\compiled\pulse_transform\models\stg_sports.sql
[0m21:24:01.256765 [info ] [MainThread]: 
[0m21:24:01.257264 [info ] [MainThread]: Done. PASS=7 WARN=0 ERROR=2 SKIP=14 NO-OP=0 REUSED=0 TOTAL=23
[0m21:24:01.258262 [warn ] [MainThread]: [[33mWARNING[0m][DeprecationsSummary]: Deprecated functionality
Summary of encountered deprecations:
- MissingArgumentsPropertyInGenericTestDeprecation: 1 occurrence
To see all deprecation instances instead of just the first occurrence of each,
run command again with the `--show-all-deprecations` flag. You may also need to
run with `--no-partial-parse` as some deprecations are only encountered during
parsing.
[0m21:24:01.258765 [debug] [MainThread]: Command `dbt build` failed at 21:24:01.258765 after 2.87 seconds
[0m21:24:01.258765 [debug] [MainThread]: Sending event: {'category': 'dbt', 'action': 'invocation', 'label': 'end', 'context': [<snowplow_tracker.self_describing_json.SelfDescribingJson object at 0x000002414DFD6CF0>, <snowplow_tracker.self_describing_json.SelfDescribingJson object at 0x000002414E0341A0>, <snowplow_tracker.self_describing_json.SelfDescribingJson object at 0x000002414A3BF830>]}
[0m21:24:01.259774 [debug] [MainThread]: Flushing usage events
[0m21:24:01.808156 [debug] [MainThread]: An error was encountered while trying to flush usage events
[0m21:24:16.573530 [debug] [MainThread]: Sending event: {'category': 'dbt', 'action': 'invocation', 'label': 'start', 'context': [<snowplow_tracker.self_describing_json.SelfDescribingJson object at 0x0000019741717CB0>, <snowplow_tracker.self_describing_json.SelfDescribingJson object at 0x0000019741717B30>, <snowplow_tracker.self_describing_json.SelfDescribingJson object at 0x0000019741717BC0>]}


============================== 21:24:16.579032 | d9cc2504-fa71-418f-8072-62b9ecf0496b ==============================
[0m21:24:16.579032 [info ] [MainThread]: Running with dbt=1.12.0
[0m21:24:16.579032 [debug] [MainThread]: running dbt with arguments {'version_check': 'True', 'no_print': 'None', 'maximum_seed_size_mib': '1', 'target_path': 'None', 'static_parser': 'True', 'warn_error_options': 'WarnErrorOptionsV2(error=[], warn=[], silence=[])', 'printer_width': '80', 'write_json': 'True', 'empty': 'False', 'log_cache_events': 'False', 'introspect': 'True', 'cache_selected_only': 'False', 'log_format': 'default', 'debug': 'False', 'fail_fast': 'False', 'profiles_dir': '.', 'send_anonymous_usage_stats': 'True', 'quiet': 'False', 'warn_error': 'None', 'partial_parse': 'False', 'invocation_command': 'dbt build --profiles-dir . --no-partial-parse', 'hints_enabled': 'True', 'use_colors': 'True', 'use_experimental_parser': 'False', 'indirect_selection': 'eager', 'log_path': 'C:\\Users\\Steve\\OneDrive\\Desktop\\code\\pulse\\transform\\logs'}
[0m21:24:16.694197 [debug] [MainThread]: Sending event: {'category': 'dbt', 'action': 'project_id', 'label': 'd9cc2504-fa71-418f-8072-62b9ecf0496b', 'context': [<snowplow_tracker.self_describing_json.SelfDescribingJson object at 0x0000019742025100>]}
[0m21:24:16.738756 [debug] [MainThread]: Sending event: {'category': 'dbt', 'action': 'adapter_info', 'label': 'd9cc2504-fa71-418f-8072-62b9ecf0496b', 'context': [<snowplow_tracker.self_describing_json.SelfDescribingJson object at 0x0000019741E95580>]}
[0m21:24:16.740258 [info ] [MainThread]: Registered adapter: postgres=1.11.0
[0m21:24:16.907977 [debug] [MainThread]: checksum: c88f2b38114df2604ccc177aea92f212ddffa831408be655762d132e6474640b, vars: {}, profile: pulse_transform_profile, target: dev, version: 1.12.0
[0m21:24:16.908478 [debug] [MainThread]: Partial parsing not enabled
[0m21:24:17.690048 [warn ] [MainThread]: [[33mWARNING[0m][MissingArgumentsPropertyInGenericTestDeprecation]: Deprecated
functionality
Found top-level arguments to test `accepted_values` defined on 'stg_weather' in
package 'pulse_transform' (models\schema.yml). Arguments to generic tests should
be nested under the `arguments` property.
[0m21:24:17.690553 [debug] [MainThread]: Sending event: {'category': 'dbt', 'action': 'deprecation', 'label': 'd9cc2504-fa71-418f-8072-62b9ecf0496b', 'property_': 'warn', 'context': [<snowplow_tracker.self_describing_json.SelfDescribingJson object at 0x00000197443E24B0>]}
[0m21:24:17.853846 [debug] [MainThread]: Sending event: {'category': 'dbt', 'action': 'load_project', 'label': 'd9cc2504-fa71-418f-8072-62b9ecf0496b', 'context': [<snowplow_tracker.self_describing_json.SelfDescribingJson object at 0x0000019744535670>]}
[0m21:24:17.917424 [debug] [MainThread]: Wrote artifact WritableManifest to C:\Users\Steve\OneDrive\Desktop\code\pulse\transform\target\manifest.json
[0m21:24:17.918926 [debug] [MainThread]: Wrote artifact SemanticManifest to C:\Users\Steve\OneDrive\Desktop\code\pulse\transform\target\semantic_manifest.json
[0m21:24:17.938854 [debug] [MainThread]: Wrote artifact OsiDocument to C:\Users\Steve\OneDrive\Desktop\code\pulse\transform\target\osi_document.json
[0m21:24:17.961072 [debug] [MainThread]: Sending event: {'category': 'dbt', 'action': 'resource_counts', 'label': 'd9cc2504-fa71-418f-8072-62b9ecf0496b', 'context': [<snowplow_tracker.self_describing_json.SelfDescribingJson object at 0x00000197446C1160>]}
[0m21:24:17.961571 [info ] [MainThread]: Found 4 models, 19 data tests, 3 sources, 477 macros
[0m21:24:17.963570 [info ] [MainThread]: 
[0m21:24:17.964071 [info ] [MainThread]: Concurrency: 1 threads (target='dev')
[0m21:24:17.964071 [info ] [MainThread]: 
[0m21:24:17.964570 [debug] [MainThread]: Acquiring new postgres connection 'master'
[0m21:24:17.967071 [debug] [ThreadPool]: Acquiring new postgres connection 'list_pulse'
[0m21:24:18.016634 [debug] [ThreadPool]: Using postgres connection "list_pulse"
[0m21:24:18.016634 [debug] [ThreadPool]: On list_pulse: /* {"app": "dbt", "dbt_version": "1.12.0", "profile_name": "pulse_transform_profile", "target_name": "dev", "connection_name": "list_pulse"} */

    select distinct nspname from pg_namespace
  
[0m21:24:18.016634 [debug] [ThreadPool]: Opening a new connection, currently in state init
[0m21:24:18.047684 [debug] [ThreadPool]: SQL status: SELECT 5 in 0.031 seconds
[0m21:24:18.048187 [debug] [ThreadPool]: On list_pulse: Close
[0m21:24:18.049184 [debug] [ThreadPool]: Acquiring new postgres connection 'list_pulse_public_public'
[0m21:24:18.053199 [debug] [ThreadPool]: Using postgres connection "list_pulse_public_public"
[0m21:24:18.053199 [debug] [ThreadPool]: On list_pulse_public_public: /* {"app": "dbt", "dbt_version": "1.12.0", "profile_name": "pulse_transform_profile", "target_name": "dev", "connection_name": "list_pulse_public_public"} */
select
      'pulse' as database,
      tablename as name,
      schemaname as schema,
      'table' as type
    from pg_tables
    where schemaname ilike 'public_public'
    union all
    select
      'pulse' as database,
      viewname as name,
      schemaname as schema,
      'view' as type
    from pg_views
    where schemaname ilike 'public_public'
    union all
    select
      'pulse' as database,
      matviewname as name,
      schemaname as schema,
      'materialized_view' as type
    from pg_matviews
    where schemaname ilike 'public_public'
    union all
    select distinct
     'pulse' as database,
     proname as name,
     ns.nspname as schema,
     'function' as type
    from pg_proc
     join pg_namespace as ns on pronamespace = ns.oid
    where ns.nspname ilike 'public_public'
  
[0m21:24:18.053199 [debug] [ThreadPool]: Opening a new connection, currently in state init
[0m21:24:18.185427 [debug] [ThreadPool]: SQL status: SELECT 1 in 0.132 seconds
[0m21:24:18.186430 [debug] [ThreadPool]: On list_pulse_public_public: ROLLBACK
[0m21:24:18.186430 [debug] [ThreadPool]: On list_pulse_public_public: Close
[0m21:24:18.188934 [debug] [MainThread]: Using postgres connection "master"
[0m21:24:18.188934 [debug] [MainThread]: On master: /* {"app": "dbt", "dbt_version": "1.12.0", "profile_name": "pulse_transform_profile", "target_name": "dev", "connection_name": "master"} */
select distinct
        dependent_namespace.nspname as dependent_schema,
        dependent_class.relname as dependent_name,
        referenced_namespace.nspname as referenced_schema,
        referenced_class.relname as referenced_name

    -- Query for views: views are entries in pg_class with an entry in pg_rewrite, but we avoid
    -- a seq scan on pg_rewrite by leveraging the fact there is an "internal" row in pg_depend for
    -- the view...
    from pg_class as dependent_class
    join pg_namespace as dependent_namespace on dependent_namespace.oid = dependent_class.relnamespace
    join pg_depend as dependent_depend on dependent_depend.refobjid = dependent_class.oid
        and dependent_depend.classid = 'pg_rewrite'::regclass
        and dependent_depend.refclassid = 'pg_class'::regclass
        and dependent_depend.deptype = 'i'

    -- ... and via pg_depend (that has a row per column, hence the need for "distinct" above, and
    -- making sure to exclude the internal row to avoid a view appearing to depend on itself)...
    join pg_depend as joining_depend on joining_depend.objid = dependent_depend.objid
        and joining_depend.classid = 'pg_rewrite'::regclass
        and joining_depend.refclassid = 'pg_class'::regclass
        and joining_depend.refobjid != dependent_depend.refobjid

    -- ... we can find the tables they query from in pg_class, but excluding system tables. Note we
    -- don't need need to exclude _dependent_ system tables, because they only query from other
    -- system tables, and so are automatically excluded by excluding _referenced_ system tables
    join pg_class as referenced_class on referenced_class.oid = joining_depend.refobjid
    join pg_namespace as referenced_namespace on referenced_namespace.oid = referenced_class.relnamespace
        and referenced_namespace.nspname != 'information_schema'
        and referenced_namespace.nspname not like 'pg\_%'

    order by
        dependent_schema, dependent_name, referenced_schema, referenced_name;
[0m21:24:18.189937 [debug] [MainThread]: Opening a new connection, currently in state init
[0m21:24:18.218954 [debug] [MainThread]: SQL status: SELECT 0 in 0.029 seconds
[0m21:24:18.218954 [debug] [MainThread]: Sending event: {'category': 'dbt', 'action': 'runnable_timing', 'label': 'd9cc2504-fa71-418f-8072-62b9ecf0496b', 'context': [<snowplow_tracker.self_describing_json.SelfDescribingJson object at 0x0000019743D6E9C0>]}
[0m21:24:18.219957 [debug] [MainThread]: On master: ROLLBACK
[0m21:24:18.219957 [debug] [MainThread]: On master: COMMIT
[0m21:24:18.220466 [debug] [MainThread]: Using postgres connection "master"
[0m21:24:18.220466 [debug] [MainThread]: On master: COMMIT
[0m21:24:18.220962 [debug] [MainThread]: SQL status: COMMIT in 0.000 seconds
[0m21:24:18.221465 [debug] [MainThread]: On master: Close
[0m21:24:18.224965 [debug] [Thread-1 (]: Began running node model.pulse_transform.stg_crypto
[0m21:24:18.224965 [info ] [Thread-1 (]: 1 of 23 START sql table model public_public.stg_crypto ......................... [RUN]
[0m21:24:18.224965 [debug] [Thread-1 (]: Acquiring new postgres connection 'model.pulse_transform.stg_crypto'
[0m21:24:18.225969 [debug] [Thread-1 (]: Began compiling node model.pulse_transform.stg_crypto
[0m21:24:18.229979 [debug] [Thread-1 (]: Writing injected SQL for node "model.pulse_transform.stg_crypto"
[0m21:24:18.230483 [debug] [Thread-1 (]: Began executing node model.pulse_transform.stg_crypto
[0m21:24:18.250997 [debug] [Thread-1 (]: Writing runtime sql for node "model.pulse_transform.stg_crypto"
[0m21:24:18.252002 [debug] [Thread-1 (]: Using postgres connection "model.pulse_transform.stg_crypto"
[0m21:24:18.252508 [debug] [Thread-1 (]: On model.pulse_transform.stg_crypto: /* {"app": "dbt", "dbt_version": "1.12.0", "profile_name": "pulse_transform_profile", "target_name": "dev", "node_id": "model.pulse_transform.stg_crypto"} */

  
    

  create  table "pulse"."public_public"."stg_crypto__dbt_tmp"
  
  
    as
  
  (
    with source as (
    select
        id,
        source,
        raw_json,
        ingested_at,
        raw_json::jsonb as payload
    from "pulse"."public"."raw_crypto"
),
flattened as (
    select
        id,
        source,
        raw_json,
        ingested_at,
        key as coin,
        value ->> 'usd' as price_usd
    from source,
    jsonb_each(payload)
)
select
    row_number() over (order by id, coin) as id,
    source,
    coin,
    cast(price_usd as float) as price_usd,
    ingested_at,
    raw_json
from flattened
  );
  
[0m21:24:18.252508 [debug] [Thread-1 (]: Opening a new connection, currently in state init
[0m21:24:18.283044 [debug] [Thread-1 (]: SQL status: SELECT 11 in 0.030 seconds
[0m21:24:18.289039 [debug] [Thread-1 (]: Using postgres connection "model.pulse_transform.stg_crypto"
[0m21:24:18.289039 [debug] [Thread-1 (]: On model.pulse_transform.stg_crypto: /* {"app": "dbt", "dbt_version": "1.12.0", "profile_name": "pulse_transform_profile", "target_name": "dev", "node_id": "model.pulse_transform.stg_crypto"} */
alter table "pulse"."public_public"."stg_crypto__dbt_tmp" rename to "stg_crypto"
[0m21:24:18.290044 [debug] [Thread-1 (]: SQL status: ALTER TABLE in 0.000 seconds
[0m21:24:18.300052 [debug] [Thread-1 (]: On model.pulse_transform.stg_crypto: COMMIT
[0m21:24:18.300052 [debug] [Thread-1 (]: Using postgres connection "model.pulse_transform.stg_crypto"
[0m21:24:18.300558 [debug] [Thread-1 (]: On model.pulse_transform.stg_crypto: COMMIT
[0m21:24:18.301056 [debug] [Thread-1 (]: SQL status: COMMIT in 0.001 seconds
[0m21:24:18.304566 [debug] [Thread-1 (]: Applying DROP to: "pulse"."public_public"."stg_crypto__dbt_backup"
[0m21:24:18.307062 [debug] [Thread-1 (]: Using postgres connection "model.pulse_transform.stg_crypto"
[0m21:24:18.307561 [debug] [Thread-1 (]: On model.pulse_transform.stg_crypto: /* {"app": "dbt", "dbt_version": "1.12.0", "profile_name": "pulse_transform_profile", "target_name": "dev", "node_id": "model.pulse_transform.stg_crypto"} */
drop table if exists "pulse"."public_public"."stg_crypto__dbt_backup" cascade
[0m21:24:18.308064 [debug] [Thread-1 (]: SQL status: DROP TABLE in 0.000 seconds
[0m21:24:18.309062 [debug] [Thread-1 (]: On model.pulse_transform.stg_crypto: Close
[0m21:24:18.311068 [debug] [Thread-1 (]: Sending event: {'category': 'dbt', 'action': 'run_model', 'label': 'd9cc2504-fa71-418f-8072-62b9ecf0496b', 'context': [<snowplow_tracker.self_describing_json.SelfDescribingJson object at 0x000001973F1973E0>]}
[0m21:24:18.311568 [info ] [Thread-1 (]: 1 of 23 OK created sql table model public_public.stg_crypto .................... [[32mSELECT 11[0m in 0.09s]
[0m21:24:18.312069 [debug] [Thread-1 (]: Finished running node model.pulse_transform.stg_crypto
[0m21:24:18.312571 [debug] [Thread-1 (]: Began running node model.pulse_transform.stg_sports
[0m21:24:18.313068 [info ] [Thread-1 (]: 2 of 23 START sql table model public_public.stg_sports ......................... [RUN]
[0m21:24:18.313568 [debug] [Thread-1 (]: Re-using an available connection from the pool (formerly model.pulse_transform.stg_crypto, now model.pulse_transform.stg_sports)
[0m21:24:18.313568 [debug] [Thread-1 (]: Began compiling node model.pulse_transform.stg_sports
[0m21:24:18.315069 [debug] [Thread-1 (]: Writing injected SQL for node "model.pulse_transform.stg_sports"
[0m21:24:18.315568 [debug] [Thread-1 (]: Began executing node model.pulse_transform.stg_sports
[0m21:24:18.317567 [debug] [Thread-1 (]: Writing runtime sql for node "model.pulse_transform.stg_sports"
[0m21:24:18.318067 [debug] [Thread-1 (]: Using postgres connection "model.pulse_transform.stg_sports"
[0m21:24:18.318567 [debug] [Thread-1 (]: On model.pulse_transform.stg_sports: /* {"app": "dbt", "dbt_version": "1.12.0", "profile_name": "pulse_transform_profile", "target_name": "dev", "node_id": "model.pulse_transform.stg_sports"} */

  
    

  create  table "pulse"."public_public"."stg_sports__dbt_tmp"
  
  
    as
  
  (
    with source as (
    select
        id,
        source,
        raw_json,
        ingested_at,
        raw_json::jsonb -> 'events' as events_json
    from "pulse"."public"."raw_sports"
),
parsed as (
    select
        id,
        source,
        raw_json,
        ingested_at,
        events_json -> 0 ->> 'date' as game_date,
        events_json -> 0 -> 'competitions' -> 0 -> 'competitors' -> 0 -> 'team' ->> 'abbreviation' as home_team,
        events_json -> 0 -> 'competitions' -> 0 -> 'competitors' -> 0 ->> 'score' as home_score,
        events_json -> 0 -> 'competitions' -> 0 -> 'competitors' -> 1 -> 'team' ->> 'abbreviation' as away_team,
        events_json -> 0 -> 'competitions' -> 0 -> 'competitors' -> 1 ->> 'score' as away_score
    from source
)
select
    id,
    source,
    trim(home_team) as home_team,
    trim(away_team) as away_team,
    cast(home_score as integer) as home_score,
    cast(away_score as integer) as away_score,
    game_date,
    ingested_at,
    raw_json
from parsed
  );
  
[0m21:24:18.318567 [debug] [Thread-1 (]: Opening a new connection, currently in state closed
[0m21:24:18.350105 [debug] [Thread-1 (]: SQL status: SELECT 1 in 0.031 seconds
[0m21:24:18.352112 [debug] [Thread-1 (]: Using postgres connection "model.pulse_transform.stg_sports"
[0m21:24:18.352615 [debug] [Thread-1 (]: On model.pulse_transform.stg_sports: /* {"app": "dbt", "dbt_version": "1.12.0", "profile_name": "pulse_transform_profile", "target_name": "dev", "node_id": "model.pulse_transform.stg_sports"} */
alter table "pulse"."public_public"."stg_sports__dbt_tmp" rename to "stg_sports"
[0m21:24:18.353117 [debug] [Thread-1 (]: SQL status: ALTER TABLE in 0.000 seconds
[0m21:24:18.354116 [debug] [Thread-1 (]: On model.pulse_transform.stg_sports: COMMIT
[0m21:24:18.354116 [debug] [Thread-1 (]: Using postgres connection "model.pulse_transform.stg_sports"
[0m21:24:18.354616 [debug] [Thread-1 (]: On model.pulse_transform.stg_sports: COMMIT
[0m21:24:18.355115 [debug] [Thread-1 (]: SQL status: COMMIT in 0.000 seconds
[0m21:24:18.357117 [debug] [Thread-1 (]: Applying DROP to: "pulse"."public_public"."stg_sports__dbt_backup"
[0m21:24:18.357615 [debug] [Thread-1 (]: Using postgres connection "model.pulse_transform.stg_sports"
[0m21:24:18.357615 [debug] [Thread-1 (]: On model.pulse_transform.stg_sports: /* {"app": "dbt", "dbt_version": "1.12.0", "profile_name": "pulse_transform_profile", "target_name": "dev", "node_id": "model.pulse_transform.stg_sports"} */
drop table if exists "pulse"."public_public"."stg_sports__dbt_backup" cascade
[0m21:24:18.358616 [debug] [Thread-1 (]: SQL status: DROP TABLE in 0.000 seconds
[0m21:24:18.359116 [debug] [Thread-1 (]: On model.pulse_transform.stg_sports: Close
[0m21:24:18.359116 [debug] [Thread-1 (]: Sending event: {'category': 'dbt', 'action': 'run_model', 'label': 'd9cc2504-fa71-418f-8072-62b9ecf0496b', 'context': [<snowplow_tracker.self_describing_json.SelfDescribingJson object at 0x0000019744B97B60>]}
[0m21:24:18.360123 [info ] [Thread-1 (]: 2 of 23 OK created sql table model public_public.stg_sports .................... [[32mSELECT 1[0m in 0.05s]
[0m21:24:18.360629 [debug] [Thread-1 (]: Finished running node model.pulse_transform.stg_sports
[0m21:24:18.361128 [debug] [Thread-1 (]: Began running node model.pulse_transform.stg_weather
[0m21:24:18.361630 [info ] [Thread-1 (]: 3 of 23 START sql table model public_public.stg_weather ........................ [RUN]
[0m21:24:18.362129 [debug] [Thread-1 (]: Re-using an available connection from the pool (formerly model.pulse_transform.stg_sports, now model.pulse_transform.stg_weather)
[0m21:24:18.362129 [debug] [Thread-1 (]: Began compiling node model.pulse_transform.stg_weather
[0m21:24:18.363627 [debug] [Thread-1 (]: Writing injected SQL for node "model.pulse_transform.stg_weather"
[0m21:24:18.364127 [debug] [Thread-1 (]: Began executing node model.pulse_transform.stg_weather
[0m21:24:18.366629 [debug] [Thread-1 (]: Writing runtime sql for node "model.pulse_transform.stg_weather"
[0m21:24:18.367627 [debug] [Thread-1 (]: Using postgres connection "model.pulse_transform.stg_weather"
[0m21:24:18.367627 [debug] [Thread-1 (]: On model.pulse_transform.stg_weather: /* {"app": "dbt", "dbt_version": "1.12.0", "profile_name": "pulse_transform_profile", "target_name": "dev", "node_id": "model.pulse_transform.stg_weather"} */

  
    

  create  table "pulse"."public_public"."stg_weather__dbt_tmp"
  
  
    as
  
  (
    with source as (
    select
        id,
        source,
        raw_json::jsonb ->> 'requested_city' as city,
        raw_json::jsonb -> 'current_weather' ->> 'temperature' as temperature,
        raw_json::jsonb -> 'current_weather' ->> 'weathercode' as weather_code,
        raw_json::jsonb ->> 'requested_latitude' as latitude,
        raw_json::jsonb ->> 'requested_longitude' as longitude,
        ingested_at,
        raw_json
    from "pulse"."public"."raw_weather"
)

select
    id,
    source,
    city,
    cast(temperature as float) as temperature,
    case cast(weather_code as integer)
        when 0 then 'clear'
        when 1 then 'mainly_clear'
        when 2 then 'partly_cloudy'
        when 3 then 'overcast'
        when 45 then 'fog'
        when 48 then 'depositing_rime_fog'
        when 51 then 'drizzle_light'
        when 53 then 'drizzle_moderate'
        when 55 then 'drizzle_dense'
        when 56 then 'freezing_drizzle_light'
        when 57 then 'freezing_drizzle_dense'
        when 61 then 'rain_slight'
        when 63 then 'rain_moderate'
        when 65 then 'rain_heavy'
        when 66 then 'freezing_rain_light'
        when 67 then 'freezing_rain_heavy'
        when 71 then 'snow_fall_slight'
        when 73 then 'snow_fall_moderate'
        when 75 then 'snow_fall_heavy'
        when 77 then 'snow_grains'
        when 80 then 'rain_showers_slight'
        when 81 then 'rain_showers_moderate'
        when 82 then 'rain_showers_violent'
        when 85 then 'snow_showers_slight'
        when 86 then 'snow_showers_heavy'
        when 95 then 'thunderstorm_slight_or_moderate'
        when 96 then 'thunderstorm_hail_slight'
        when 99 then 'thunderstorm_hail_heavy'
        else 'unknown'
    end as condition,
    ingested_at,
    raw_json
from source
  );
  
[0m21:24:18.368128 [debug] [Thread-1 (]: Opening a new connection, currently in state closed
[0m21:24:18.395153 [debug] [Thread-1 (]: SQL status: SELECT 10 in 0.027 seconds
[0m21:24:18.397652 [debug] [Thread-1 (]: Using postgres connection "model.pulse_transform.stg_weather"
[0m21:24:18.397652 [debug] [Thread-1 (]: On model.pulse_transform.stg_weather: /* {"app": "dbt", "dbt_version": "1.12.0", "profile_name": "pulse_transform_profile", "target_name": "dev", "node_id": "model.pulse_transform.stg_weather"} */
alter table "pulse"."public_public"."stg_weather" rename to "stg_weather__dbt_backup"
[0m21:24:18.398153 [debug] [Thread-1 (]: SQL status: ALTER TABLE in 0.000 seconds
[0m21:24:18.399155 [debug] [Thread-1 (]: Using postgres connection "model.pulse_transform.stg_weather"
[0m21:24:18.399155 [debug] [Thread-1 (]: On model.pulse_transform.stg_weather: /* {"app": "dbt", "dbt_version": "1.12.0", "profile_name": "pulse_transform_profile", "target_name": "dev", "node_id": "model.pulse_transform.stg_weather"} */
alter table "pulse"."public_public"."stg_weather__dbt_tmp" rename to "stg_weather"
[0m21:24:18.400157 [debug] [Thread-1 (]: SQL status: ALTER TABLE in 0.000 seconds
[0m21:24:18.402663 [debug] [Thread-1 (]: On model.pulse_transform.stg_weather: COMMIT
[0m21:24:18.402663 [debug] [Thread-1 (]: Using postgres connection "model.pulse_transform.stg_weather"
[0m21:24:18.402663 [debug] [Thread-1 (]: On model.pulse_transform.stg_weather: COMMIT
[0m21:24:18.403666 [debug] [Thread-1 (]: SQL status: COMMIT in 0.000 seconds
[0m21:24:18.404661 [debug] [Thread-1 (]: Applying DROP to: "pulse"."public_public"."stg_weather__dbt_backup"
[0m21:24:18.405161 [debug] [Thread-1 (]: Using postgres connection "model.pulse_transform.stg_weather"
[0m21:24:18.405661 [debug] [Thread-1 (]: On model.pulse_transform.stg_weather: /* {"app": "dbt", "dbt_version": "1.12.0", "profile_name": "pulse_transform_profile", "target_name": "dev", "node_id": "model.pulse_transform.stg_weather"} */
drop table if exists "pulse"."public_public"."stg_weather__dbt_backup" cascade
[0m21:24:18.407665 [debug] [Thread-1 (]: SQL status: DROP TABLE in 0.002 seconds
[0m21:24:18.408666 [debug] [Thread-1 (]: On model.pulse_transform.stg_weather: Close
[0m21:24:18.409163 [debug] [Thread-1 (]: Sending event: {'category': 'dbt', 'action': 'run_model', 'label': 'd9cc2504-fa71-418f-8072-62b9ecf0496b', 'context': [<snowplow_tracker.self_describing_json.SelfDescribingJson object at 0x0000019744AE0CE0>]}
[0m21:24:18.409163 [info ] [Thread-1 (]: 3 of 23 OK created sql table model public_public.stg_weather ................... [[32mSELECT 10[0m in 0.05s]
[0m21:24:18.410168 [debug] [Thread-1 (]: Finished running node model.pulse_transform.stg_weather
[0m21:24:18.410168 [debug] [Thread-1 (]: Began running node test.pulse_transform.not_null_stg_crypto_coin.1a9a7af2fe
[0m21:24:18.410674 [info ] [Thread-1 (]: 4 of 23 START test not_null_stg_crypto_coin .................................... [RUN]
[0m21:24:18.411172 [debug] [Thread-1 (]: Re-using an available connection from the pool (formerly model.pulse_transform.stg_weather, now test.pulse_transform.not_null_stg_crypto_coin.1a9a7af2fe)
[0m21:24:18.411172 [debug] [Thread-1 (]: Began compiling node test.pulse_transform.not_null_stg_crypto_coin.1a9a7af2fe
[0m21:24:18.417672 [debug] [Thread-1 (]: Writing injected SQL for node "test.pulse_transform.not_null_stg_crypto_coin.1a9a7af2fe"
[0m21:24:18.418174 [debug] [Thread-1 (]: Began executing node test.pulse_transform.not_null_stg_crypto_coin.1a9a7af2fe
[0m21:24:18.428687 [debug] [Thread-1 (]: Writing runtime sql for node "test.pulse_transform.not_null_stg_crypto_coin.1a9a7af2fe"
[0m21:24:18.429186 [debug] [Thread-1 (]: Using postgres connection "test.pulse_transform.not_null_stg_crypto_coin.1a9a7af2fe"
[0m21:24:18.429186 [debug] [Thread-1 (]: On test.pulse_transform.not_null_stg_crypto_coin.1a9a7af2fe: /* {"app": "dbt", "dbt_version": "1.12.0", "profile_name": "pulse_transform_profile", "target_name": "dev", "node_id": "test.pulse_transform.not_null_stg_crypto_coin.1a9a7af2fe"} */

    
    select
      count(*) as failures,
      count(*) != 0 as should_warn,
      count(*) != 0 as should_error
    from (
      
    
  
    
    



select coin
from "pulse"."public_public"."stg_crypto"
where coin is null



  
  
      
    ) dbt_internal_test
[0m21:24:18.429186 [debug] [Thread-1 (]: Opening a new connection, currently in state closed
[0m21:24:18.455225 [debug] [Thread-1 (]: SQL status: SELECT 1 in 0.025 seconds
[0m21:24:18.457222 [debug] [Thread-1 (]: On test.pulse_transform.not_null_stg_crypto_coin.1a9a7af2fe: ROLLBACK
[0m21:24:18.457722 [debug] [Thread-1 (]: On test.pulse_transform.not_null_stg_crypto_coin.1a9a7af2fe: Close
[0m21:24:18.457722 [info ] [Thread-1 (]: 4 of 23 PASS not_null_stg_crypto_coin .......................................... [[32mPASS[0m in 0.05s]
[0m21:24:18.458726 [debug] [Thread-1 (]: Finished running node test.pulse_transform.not_null_stg_crypto_coin.1a9a7af2fe
[0m21:24:18.459231 [debug] [Thread-1 (]: Began running node test.pulse_transform.not_null_stg_crypto_id.6ded0cac78
[0m21:24:18.459231 [info ] [Thread-1 (]: 5 of 23 START test not_null_stg_crypto_id ...................................... [RUN]
[0m21:24:18.459231 [debug] [Thread-1 (]: Re-using an available connection from the pool (formerly test.pulse_transform.not_null_stg_crypto_coin.1a9a7af2fe, now test.pulse_transform.not_null_stg_crypto_id.6ded0cac78)
[0m21:24:18.460235 [debug] [Thread-1 (]: Began compiling node test.pulse_transform.not_null_stg_crypto_id.6ded0cac78
[0m21:24:18.464738 [debug] [Thread-1 (]: Writing injected SQL for node "test.pulse_transform.not_null_stg_crypto_id.6ded0cac78"
[0m21:24:18.465238 [debug] [Thread-1 (]: Began executing node test.pulse_transform.not_null_stg_crypto_id.6ded0cac78
[0m21:24:18.466240 [debug] [Thread-1 (]: Writing runtime sql for node "test.pulse_transform.not_null_stg_crypto_id.6ded0cac78"
[0m21:24:18.467239 [debug] [Thread-1 (]: Using postgres connection "test.pulse_transform.not_null_stg_crypto_id.6ded0cac78"
[0m21:24:18.467239 [debug] [Thread-1 (]: On test.pulse_transform.not_null_stg_crypto_id.6ded0cac78: /* {"app": "dbt", "dbt_version": "1.12.0", "profile_name": "pulse_transform_profile", "target_name": "dev", "node_id": "test.pulse_transform.not_null_stg_crypto_id.6ded0cac78"} */

    
    select
      count(*) as failures,
      count(*) != 0 as should_warn,
      count(*) != 0 as should_error
    from (
      
    
  
    
    



select id
from "pulse"."public_public"."stg_crypto"
where id is null



  
  
      
    ) dbt_internal_test
[0m21:24:18.467741 [debug] [Thread-1 (]: Opening a new connection, currently in state closed
[0m21:24:18.496768 [debug] [Thread-1 (]: SQL status: SELECT 1 in 0.029 seconds
[0m21:24:18.496768 [debug] [Thread-1 (]: On test.pulse_transform.not_null_stg_crypto_id.6ded0cac78: ROLLBACK
[0m21:24:18.497771 [debug] [Thread-1 (]: On test.pulse_transform.not_null_stg_crypto_id.6ded0cac78: Close
[0m21:24:18.498274 [info ] [Thread-1 (]: 5 of 23 PASS not_null_stg_crypto_id ............................................ [[32mPASS[0m in 0.04s]
[0m21:24:18.498774 [debug] [Thread-1 (]: Finished running node test.pulse_transform.not_null_stg_crypto_id.6ded0cac78
[0m21:24:18.499274 [debug] [Thread-1 (]: Began running node test.pulse_transform.not_null_stg_crypto_price_usd.366c53d8e4
[0m21:24:18.499274 [info ] [Thread-1 (]: 6 of 23 START test not_null_stg_crypto_price_usd ............................... [RUN]
[0m21:24:18.499274 [debug] [Thread-1 (]: Re-using an available connection from the pool (formerly test.pulse_transform.not_null_stg_crypto_id.6ded0cac78, now test.pulse_transform.not_null_stg_crypto_price_usd.366c53d8e4)
[0m21:24:18.500278 [debug] [Thread-1 (]: Began compiling node test.pulse_transform.not_null_stg_crypto_price_usd.366c53d8e4
[0m21:24:18.503785 [debug] [Thread-1 (]: Writing injected SQL for node "test.pulse_transform.not_null_stg_crypto_price_usd.366c53d8e4"
[0m21:24:18.504785 [debug] [Thread-1 (]: Began executing node test.pulse_transform.not_null_stg_crypto_price_usd.366c53d8e4
[0m21:24:18.506283 [debug] [Thread-1 (]: Writing runtime sql for node "test.pulse_transform.not_null_stg_crypto_price_usd.366c53d8e4"
[0m21:24:18.506782 [debug] [Thread-1 (]: Using postgres connection "test.pulse_transform.not_null_stg_crypto_price_usd.366c53d8e4"
[0m21:24:18.507282 [debug] [Thread-1 (]: On test.pulse_transform.not_null_stg_crypto_price_usd.366c53d8e4: /* {"app": "dbt", "dbt_version": "1.12.0", "profile_name": "pulse_transform_profile", "target_name": "dev", "node_id": "test.pulse_transform.not_null_stg_crypto_price_usd.366c53d8e4"} */

    
    select
      count(*) as failures,
      count(*) != 0 as should_warn,
      count(*) != 0 as should_error
    from (
      
    
  
    
    



select price_usd
from "pulse"."public_public"."stg_crypto"
where price_usd is null



  
  
      
    ) dbt_internal_test
[0m21:24:18.507282 [debug] [Thread-1 (]: Opening a new connection, currently in state closed
[0m21:24:18.531812 [debug] [Thread-1 (]: SQL status: SELECT 1 in 0.024 seconds
[0m21:24:18.532815 [debug] [Thread-1 (]: On test.pulse_transform.not_null_stg_crypto_price_usd.366c53d8e4: ROLLBACK
[0m21:24:18.533316 [debug] [Thread-1 (]: On test.pulse_transform.not_null_stg_crypto_price_usd.366c53d8e4: Close
[0m21:24:18.533812 [error] [Thread-1 (]: 6 of 23 FAIL 1 not_null_stg_crypto_price_usd ................................... [[31mFAIL 1[0m in 0.03s]
[0m21:24:18.534313 [debug] [Thread-1 (]: Finished running node test.pulse_transform.not_null_stg_crypto_price_usd.366c53d8e4
[0m21:24:18.534313 [debug] [Thread-1 (]: Began running node test.pulse_transform.unique_stg_crypto_id.a906923065
[0m21:24:18.534812 [debug] [Thread-4 (]: Marking all children of 'test.pulse_transform.not_null_stg_crypto_price_usd.366c53d8e4' to be skipped because of status 'fail'.  Reason: Got 1 result, configured to fail if != 0.
[0m21:24:18.534812 [info ] [Thread-1 (]: 7 of 23 START test unique_stg_crypto_id ........................................ [RUN]
[0m21:24:18.535812 [debug] [Thread-1 (]: Re-using an available connection from the pool (formerly test.pulse_transform.not_null_stg_crypto_price_usd.366c53d8e4, now test.pulse_transform.unique_stg_crypto_id.a906923065)
[0m21:24:18.535812 [debug] [Thread-1 (]: Began compiling node test.pulse_transform.unique_stg_crypto_id.a906923065
[0m21:24:18.540828 [debug] [Thread-1 (]: Writing injected SQL for node "test.pulse_transform.unique_stg_crypto_id.a906923065"
[0m21:24:18.541832 [debug] [Thread-1 (]: Began executing node test.pulse_transform.unique_stg_crypto_id.a906923065
[0m21:24:18.542829 [debug] [Thread-1 (]: Writing runtime sql for node "test.pulse_transform.unique_stg_crypto_id.a906923065"
[0m21:24:18.543331 [debug] [Thread-1 (]: Using postgres connection "test.pulse_transform.unique_stg_crypto_id.a906923065"
[0m21:24:18.543331 [debug] [Thread-1 (]: On test.pulse_transform.unique_stg_crypto_id.a906923065: /* {"app": "dbt", "dbt_version": "1.12.0", "profile_name": "pulse_transform_profile", "target_name": "dev", "node_id": "test.pulse_transform.unique_stg_crypto_id.a906923065"} */

    
    select
      count(*) as failures,
      count(*) != 0 as should_warn,
      count(*) != 0 as should_error
    from (
      
    
  
    
    

select
    id as unique_field,
    count(*) as n_records

from "pulse"."public_public"."stg_crypto"
where id is not null
group by id
having count(*) > 1



  
  
      
    ) dbt_internal_test
[0m21:24:18.543830 [debug] [Thread-1 (]: Opening a new connection, currently in state closed
[0m21:24:18.567851 [debug] [Thread-1 (]: SQL status: SELECT 1 in 0.024 seconds
[0m21:24:18.568853 [debug] [Thread-1 (]: On test.pulse_transform.unique_stg_crypto_id.a906923065: ROLLBACK
[0m21:24:18.569351 [debug] [Thread-1 (]: On test.pulse_transform.unique_stg_crypto_id.a906923065: Close
[0m21:24:18.569351 [info ] [Thread-1 (]: 7 of 23 PASS unique_stg_crypto_id .............................................. [[32mPASS[0m in 0.03s]
[0m21:24:18.570357 [debug] [Thread-1 (]: Finished running node test.pulse_transform.unique_stg_crypto_id.a906923065
[0m21:24:18.570357 [debug] [Thread-1 (]: Began running node test.pulse_transform.not_null_stg_sports_away_score.8a079e60bc
[0m21:24:18.570861 [info ] [Thread-1 (]: 8 of 23 START test not_null_stg_sports_away_score .............................. [RUN]
[0m21:24:18.570861 [debug] [Thread-1 (]: Re-using an available connection from the pool (formerly test.pulse_transform.unique_stg_crypto_id.a906923065, now test.pulse_transform.not_null_stg_sports_away_score.8a079e60bc)
[0m21:24:18.571362 [debug] [Thread-1 (]: Began compiling node test.pulse_transform.not_null_stg_sports_away_score.8a079e60bc
[0m21:24:18.575874 [debug] [Thread-1 (]: Writing injected SQL for node "test.pulse_transform.not_null_stg_sports_away_score.8a079e60bc"
[0m21:24:18.576373 [debug] [Thread-1 (]: Began executing node test.pulse_transform.not_null_stg_sports_away_score.8a079e60bc
[0m21:24:18.577374 [debug] [Thread-1 (]: Writing runtime sql for node "test.pulse_transform.not_null_stg_sports_away_score.8a079e60bc"
[0m21:24:18.578372 [debug] [Thread-1 (]: Using postgres connection "test.pulse_transform.not_null_stg_sports_away_score.8a079e60bc"
[0m21:24:18.578372 [debug] [Thread-1 (]: On test.pulse_transform.not_null_stg_sports_away_score.8a079e60bc: /* {"app": "dbt", "dbt_version": "1.12.0", "profile_name": "pulse_transform_profile", "target_name": "dev", "node_id": "test.pulse_transform.not_null_stg_sports_away_score.8a079e60bc"} */

    
    select
      count(*) as failures,
      count(*) != 0 as should_warn,
      count(*) != 0 as should_error
    from (
      
    
  
    
    



select away_score
from "pulse"."public_public"."stg_sports"
where away_score is null



  
  
      
    ) dbt_internal_test
[0m21:24:18.578875 [debug] [Thread-1 (]: Opening a new connection, currently in state closed
[0m21:24:18.605902 [debug] [Thread-1 (]: SQL status: SELECT 1 in 0.027 seconds
[0m21:24:18.606900 [debug] [Thread-1 (]: On test.pulse_transform.not_null_stg_sports_away_score.8a079e60bc: ROLLBACK
[0m21:24:18.606900 [debug] [Thread-1 (]: On test.pulse_transform.not_null_stg_sports_away_score.8a079e60bc: Close
[0m21:24:18.607400 [info ] [Thread-1 (]: 8 of 23 PASS not_null_stg_sports_away_score .................................... [[32mPASS[0m in 0.04s]
[0m21:24:18.607902 [debug] [Thread-1 (]: Finished running node test.pulse_transform.not_null_stg_sports_away_score.8a079e60bc
[0m21:24:18.608401 [debug] [Thread-1 (]: Began running node test.pulse_transform.not_null_stg_sports_away_team.cfb7ffdcd4
[0m21:24:18.608401 [info ] [Thread-1 (]: 9 of 23 START test not_null_stg_sports_away_team ............................... [RUN]
[0m21:24:18.608900 [debug] [Thread-1 (]: Re-using an available connection from the pool (formerly test.pulse_transform.not_null_stg_sports_away_score.8a079e60bc, now test.pulse_transform.not_null_stg_sports_away_team.cfb7ffdcd4)
[0m21:24:18.608900 [debug] [Thread-1 (]: Began compiling node test.pulse_transform.not_null_stg_sports_away_team.cfb7ffdcd4
[0m21:24:18.613401 [debug] [Thread-1 (]: Writing injected SQL for node "test.pulse_transform.not_null_stg_sports_away_team.cfb7ffdcd4"
[0m21:24:18.613901 [debug] [Thread-1 (]: Began executing node test.pulse_transform.not_null_stg_sports_away_team.cfb7ffdcd4
[0m21:24:18.614903 [debug] [Thread-1 (]: Writing runtime sql for node "test.pulse_transform.not_null_stg_sports_away_team.cfb7ffdcd4"
[0m21:24:18.615906 [debug] [Thread-1 (]: Using postgres connection "test.pulse_transform.not_null_stg_sports_away_team.cfb7ffdcd4"
[0m21:24:18.615906 [debug] [Thread-1 (]: On test.pulse_transform.not_null_stg_sports_away_team.cfb7ffdcd4: /* {"app": "dbt", "dbt_version": "1.12.0", "profile_name": "pulse_transform_profile", "target_name": "dev", "node_id": "test.pulse_transform.not_null_stg_sports_away_team.cfb7ffdcd4"} */

    
    select
      count(*) as failures,
      count(*) != 0 as should_warn,
      count(*) != 0 as should_error
    from (
      
    
  
    
    



select away_team
from "pulse"."public_public"."stg_sports"
where away_team is null



  
  
      
    ) dbt_internal_test
[0m21:24:18.616413 [debug] [Thread-1 (]: Opening a new connection, currently in state closed
[0m21:24:18.640434 [debug] [Thread-1 (]: SQL status: SELECT 1 in 0.024 seconds
[0m21:24:18.641434 [debug] [Thread-1 (]: On test.pulse_transform.not_null_stg_sports_away_team.cfb7ffdcd4: ROLLBACK
[0m21:24:18.641933 [debug] [Thread-1 (]: On test.pulse_transform.not_null_stg_sports_away_team.cfb7ffdcd4: Close
[0m21:24:18.641933 [info ] [Thread-1 (]: 9 of 23 PASS not_null_stg_sports_away_team ..................................... [[32mPASS[0m in 0.03s]
[0m21:24:18.642433 [debug] [Thread-1 (]: Finished running node test.pulse_transform.not_null_stg_sports_away_team.cfb7ffdcd4
[0m21:24:18.642933 [debug] [Thread-1 (]: Began running node test.pulse_transform.not_null_stg_sports_game_date.7a0e7af6c4
[0m21:24:18.642933 [info ] [Thread-1 (]: 10 of 23 START test not_null_stg_sports_game_date .............................. [RUN]
[0m21:24:18.643432 [debug] [Thread-1 (]: Re-using an available connection from the pool (formerly test.pulse_transform.not_null_stg_sports_away_team.cfb7ffdcd4, now test.pulse_transform.not_null_stg_sports_game_date.7a0e7af6c4)
[0m21:24:18.643932 [debug] [Thread-1 (]: Began compiling node test.pulse_transform.not_null_stg_sports_game_date.7a0e7af6c4
[0m21:24:18.647932 [debug] [Thread-1 (]: Writing injected SQL for node "test.pulse_transform.not_null_stg_sports_game_date.7a0e7af6c4"
[0m21:24:18.648435 [debug] [Thread-1 (]: Began executing node test.pulse_transform.not_null_stg_sports_game_date.7a0e7af6c4
[0m21:24:18.648933 [debug] [Thread-1 (]: Writing runtime sql for node "test.pulse_transform.not_null_stg_sports_game_date.7a0e7af6c4"
[0m21:24:18.650443 [debug] [Thread-1 (]: Using postgres connection "test.pulse_transform.not_null_stg_sports_game_date.7a0e7af6c4"
[0m21:24:18.650443 [debug] [Thread-1 (]: On test.pulse_transform.not_null_stg_sports_game_date.7a0e7af6c4: /* {"app": "dbt", "dbt_version": "1.12.0", "profile_name": "pulse_transform_profile", "target_name": "dev", "node_id": "test.pulse_transform.not_null_stg_sports_game_date.7a0e7af6c4"} */

    
    select
      count(*) as failures,
      count(*) != 0 as should_warn,
      count(*) != 0 as should_error
    from (
      
    
  
    
    



select game_date
from "pulse"."public_public"."stg_sports"
where game_date is null



  
  
      
    ) dbt_internal_test
[0m21:24:18.650942 [debug] [Thread-1 (]: Opening a new connection, currently in state closed
[0m21:24:18.683493 [debug] [Thread-1 (]: SQL status: SELECT 1 in 0.033 seconds
[0m21:24:18.684494 [debug] [Thread-1 (]: On test.pulse_transform.not_null_stg_sports_game_date.7a0e7af6c4: ROLLBACK
[0m21:24:18.684992 [debug] [Thread-1 (]: On test.pulse_transform.not_null_stg_sports_game_date.7a0e7af6c4: Close
[0m21:24:18.685492 [info ] [Thread-1 (]: 10 of 23 PASS not_null_stg_sports_game_date .................................... [[32mPASS[0m in 0.04s]
[0m21:24:18.685993 [debug] [Thread-1 (]: Finished running node test.pulse_transform.not_null_stg_sports_game_date.7a0e7af6c4
[0m21:24:18.685993 [debug] [Thread-1 (]: Began running node test.pulse_transform.not_null_stg_sports_home_score.e8726cdba9
[0m21:24:18.686492 [info ] [Thread-1 (]: 11 of 23 START test not_null_stg_sports_home_score ............................. [RUN]
[0m21:24:18.686993 [debug] [Thread-1 (]: Re-using an available connection from the pool (formerly test.pulse_transform.not_null_stg_sports_game_date.7a0e7af6c4, now test.pulse_transform.not_null_stg_sports_home_score.e8726cdba9)
[0m21:24:18.687494 [debug] [Thread-1 (]: Began compiling node test.pulse_transform.not_null_stg_sports_home_score.e8726cdba9
[0m21:24:18.692503 [debug] [Thread-1 (]: Writing injected SQL for node "test.pulse_transform.not_null_stg_sports_home_score.e8726cdba9"
[0m21:24:18.692503 [debug] [Thread-1 (]: Began executing node test.pulse_transform.not_null_stg_sports_home_score.e8726cdba9
[0m21:24:18.694011 [debug] [Thread-1 (]: Writing runtime sql for node "test.pulse_transform.not_null_stg_sports_home_score.e8726cdba9"
[0m21:24:18.694512 [debug] [Thread-1 (]: Using postgres connection "test.pulse_transform.not_null_stg_sports_home_score.e8726cdba9"
[0m21:24:18.695011 [debug] [Thread-1 (]: On test.pulse_transform.not_null_stg_sports_home_score.e8726cdba9: /* {"app": "dbt", "dbt_version": "1.12.0", "profile_name": "pulse_transform_profile", "target_name": "dev", "node_id": "test.pulse_transform.not_null_stg_sports_home_score.e8726cdba9"} */

    
    select
      count(*) as failures,
      count(*) != 0 as should_warn,
      count(*) != 0 as should_error
    from (
      
    
  
    
    



select home_score
from "pulse"."public_public"."stg_sports"
where home_score is null



  
  
      
    ) dbt_internal_test
[0m21:24:18.695512 [debug] [Thread-1 (]: Opening a new connection, currently in state closed
[0m21:24:18.720031 [debug] [Thread-1 (]: SQL status: SELECT 1 in 0.025 seconds
[0m21:24:18.721535 [debug] [Thread-1 (]: On test.pulse_transform.not_null_stg_sports_home_score.e8726cdba9: ROLLBACK
[0m21:24:18.721535 [debug] [Thread-1 (]: On test.pulse_transform.not_null_stg_sports_home_score.e8726cdba9: Close
[0m21:24:18.722035 [info ] [Thread-1 (]: 11 of 23 PASS not_null_stg_sports_home_score ................................... [[32mPASS[0m in 0.04s]
[0m21:24:18.722535 [debug] [Thread-1 (]: Finished running node test.pulse_transform.not_null_stg_sports_home_score.e8726cdba9
[0m21:24:18.723035 [debug] [Thread-1 (]: Began running node test.pulse_transform.not_null_stg_sports_home_team.9d8def7714
[0m21:24:18.723035 [info ] [Thread-1 (]: 12 of 23 START test not_null_stg_sports_home_team .............................. [RUN]
[0m21:24:18.723538 [debug] [Thread-1 (]: Re-using an available connection from the pool (formerly test.pulse_transform.not_null_stg_sports_home_score.e8726cdba9, now test.pulse_transform.not_null_stg_sports_home_team.9d8def7714)
[0m21:24:18.724036 [debug] [Thread-1 (]: Began compiling node test.pulse_transform.not_null_stg_sports_home_team.9d8def7714
[0m21:24:18.729036 [debug] [Thread-1 (]: Writing injected SQL for node "test.pulse_transform.not_null_stg_sports_home_team.9d8def7714"
[0m21:24:18.730040 [debug] [Thread-1 (]: Began executing node test.pulse_transform.not_null_stg_sports_home_team.9d8def7714
[0m21:24:18.731045 [debug] [Thread-1 (]: Writing runtime sql for node "test.pulse_transform.not_null_stg_sports_home_team.9d8def7714"
[0m21:24:18.731545 [debug] [Thread-1 (]: Using postgres connection "test.pulse_transform.not_null_stg_sports_home_team.9d8def7714"
[0m21:24:18.731545 [debug] [Thread-1 (]: On test.pulse_transform.not_null_stg_sports_home_team.9d8def7714: /* {"app": "dbt", "dbt_version": "1.12.0", "profile_name": "pulse_transform_profile", "target_name": "dev", "node_id": "test.pulse_transform.not_null_stg_sports_home_team.9d8def7714"} */

    
    select
      count(*) as failures,
      count(*) != 0 as should_warn,
      count(*) != 0 as should_error
    from (
      
    
  
    
    



select home_team
from "pulse"."public_public"."stg_sports"
where home_team is null



  
  
      
    ) dbt_internal_test
[0m21:24:18.732549 [debug] [Thread-1 (]: Opening a new connection, currently in state closed
[0m21:24:18.761103 [debug] [Thread-1 (]: SQL status: SELECT 1 in 0.029 seconds
[0m21:24:18.762603 [debug] [Thread-1 (]: On test.pulse_transform.not_null_stg_sports_home_team.9d8def7714: ROLLBACK
[0m21:24:18.762603 [debug] [Thread-1 (]: On test.pulse_transform.not_null_stg_sports_home_team.9d8def7714: Close
[0m21:24:18.763102 [info ] [Thread-1 (]: 12 of 23 PASS not_null_stg_sports_home_team .................................... [[32mPASS[0m in 0.04s]
[0m21:24:18.763602 [debug] [Thread-1 (]: Finished running node test.pulse_transform.not_null_stg_sports_home_team.9d8def7714
[0m21:24:18.764106 [debug] [Thread-1 (]: Began running node test.pulse_transform.not_null_stg_sports_id.a70dda288b
[0m21:24:18.764106 [info ] [Thread-1 (]: 13 of 23 START test not_null_stg_sports_id ..................................... [RUN]
[0m21:24:18.764603 [debug] [Thread-1 (]: Re-using an available connection from the pool (formerly test.pulse_transform.not_null_stg_sports_home_team.9d8def7714, now test.pulse_transform.not_null_stg_sports_id.a70dda288b)
[0m21:24:18.765106 [debug] [Thread-1 (]: Began compiling node test.pulse_transform.not_null_stg_sports_id.a70dda288b
[0m21:24:18.769103 [debug] [Thread-1 (]: Writing injected SQL for node "test.pulse_transform.not_null_stg_sports_id.a70dda288b"
[0m21:24:18.770107 [debug] [Thread-1 (]: Began executing node test.pulse_transform.not_null_stg_sports_id.a70dda288b
[0m21:24:18.771113 [debug] [Thread-1 (]: Writing runtime sql for node "test.pulse_transform.not_null_stg_sports_id.a70dda288b"
[0m21:24:18.772121 [debug] [Thread-1 (]: Using postgres connection "test.pulse_transform.not_null_stg_sports_id.a70dda288b"
[0m21:24:18.772121 [debug] [Thread-1 (]: On test.pulse_transform.not_null_stg_sports_id.a70dda288b: /* {"app": "dbt", "dbt_version": "1.12.0", "profile_name": "pulse_transform_profile", "target_name": "dev", "node_id": "test.pulse_transform.not_null_stg_sports_id.a70dda288b"} */

    
    select
      count(*) as failures,
      count(*) != 0 as should_warn,
      count(*) != 0 as should_error
    from (
      
    
  
    
    



select id
from "pulse"."public_public"."stg_sports"
where id is null



  
  
      
    ) dbt_internal_test
[0m21:24:18.772620 [debug] [Thread-1 (]: Opening a new connection, currently in state closed
[0m21:24:18.798633 [debug] [Thread-1 (]: SQL status: SELECT 1 in 0.026 seconds
[0m21:24:18.800135 [debug] [Thread-1 (]: On test.pulse_transform.not_null_stg_sports_id.a70dda288b: ROLLBACK
[0m21:24:18.800135 [debug] [Thread-1 (]: On test.pulse_transform.not_null_stg_sports_id.a70dda288b: Close
[0m21:24:18.800639 [info ] [Thread-1 (]: 13 of 23 PASS not_null_stg_sports_id ........................................... [[32mPASS[0m in 0.04s]
[0m21:24:18.801139 [debug] [Thread-1 (]: Finished running node test.pulse_transform.not_null_stg_sports_id.a70dda288b
[0m21:24:18.801639 [debug] [Thread-1 (]: Began running node test.pulse_transform.accepted_values_stg_weather_condition__clear__mainly_clear__partly_cloudy__overcast__fog__depositing_rime_fog__drizzle_light__drizzle_moderate__drizzle_dense__freezing_drizzle_light__freezing_drizzle_dense__rain_slight__rain_moderate__rain_heavy__freezing_rain_light__freezing_rain_heavy__snow_fall_slight__snow_fall_moderate__snow_fall_heavy__snow_grains__rain_showers_slight__rain_showers_moderate__rain_showers_violent__snow_showers_slight__snow_showers_heavy__thunderstorm_slight_or_moderate__thunderstorm_hail_slight__thunderstorm_hail_heavy__unknown.49df99636f
[0m21:24:18.801639 [info ] [Thread-1 (]: 14 of 23 START test accepted_values_stg_weather_condition__clear__mainly_clear__partly_cloudy__overcast__fog__depositing_rime_fog__drizzle_light__drizzle_moderate__drizzle_dense__freezing_drizzle_light__freezing_drizzle_dense__rain_slight__rain_moderate__rain_heavy__freezing_rain_light__freezing_rain_heavy__snow_fall_slight__snow_fall_moderate__snow_fall_heavy__snow_grains__rain_showers_slight__rain_showers_moderate__rain_showers_violent__snow_showers_slight__snow_showers_heavy__thunderstorm_slight_or_moderate__thunderstorm_hail_slight__thunderstorm_hail_heavy__unknown  [RUN]
[0m21:24:18.802140 [debug] [Thread-1 (]: Re-using an available connection from the pool (formerly test.pulse_transform.not_null_stg_sports_id.a70dda288b, now test.pulse_transform.accepted_values_stg_weather_condition__clear__mainly_clear__partly_cloudy__overcast__fog__depositing_rime_fog__drizzle_light__drizzle_moderate__drizzle_dense__freezing_drizzle_light__freezing_drizzle_dense__rain_slight__rain_moderate__rain_heavy__freezing_rain_light__freezing_rain_heavy__snow_fall_slight__snow_fall_moderate__snow_fall_heavy__snow_grains__rain_showers_slight__rain_showers_moderate__rain_showers_violent__snow_showers_slight__snow_showers_heavy__thunderstorm_slight_or_moderate__thunderstorm_hail_slight__thunderstorm_hail_heavy__unknown.49df99636f)
[0m21:24:18.802639 [debug] [Thread-1 (]: Began compiling node test.pulse_transform.accepted_values_stg_weather_condition__clear__mainly_clear__partly_cloudy__overcast__fog__depositing_rime_fog__drizzle_light__drizzle_moderate__drizzle_dense__freezing_drizzle_light__freezing_drizzle_dense__rain_slight__rain_moderate__rain_heavy__freezing_rain_light__freezing_rain_heavy__snow_fall_slight__snow_fall_moderate__snow_fall_heavy__snow_grains__rain_showers_slight__rain_showers_moderate__rain_showers_violent__snow_showers_slight__snow_showers_heavy__thunderstorm_slight_or_moderate__thunderstorm_hail_slight__thunderstorm_hail_heavy__unknown.49df99636f
[0m21:24:18.807141 [debug] [Thread-1 (]: Writing injected SQL for node "test.pulse_transform.accepted_values_stg_weather_condition__clear__mainly_clear__partly_cloudy__overcast__fog__depositing_rime_fog__drizzle_light__drizzle_moderate__drizzle_dense__freezing_drizzle_light__freezing_drizzle_dense__rain_slight__rain_moderate__rain_heavy__freezing_rain_light__freezing_rain_heavy__snow_fall_slight__snow_fall_moderate__snow_fall_heavy__snow_grains__rain_showers_slight__rain_showers_moderate__rain_showers_violent__snow_showers_slight__snow_showers_heavy__thunderstorm_slight_or_moderate__thunderstorm_hail_slight__thunderstorm_hail_heavy__unknown.49df99636f"
[0m21:24:18.808139 [debug] [Thread-1 (]: Began executing node test.pulse_transform.accepted_values_stg_weather_condition__clear__mainly_clear__partly_cloudy__overcast__fog__depositing_rime_fog__drizzle_light__drizzle_moderate__drizzle_dense__freezing_drizzle_light__freezing_drizzle_dense__rain_slight__rain_moderate__rain_heavy__freezing_rain_light__freezing_rain_heavy__snow_fall_slight__snow_fall_moderate__snow_fall_heavy__snow_grains__rain_showers_slight__rain_showers_moderate__rain_showers_violent__snow_showers_slight__snow_showers_heavy__thunderstorm_slight_or_moderate__thunderstorm_hail_slight__thunderstorm_hail_heavy__unknown.49df99636f
[0m21:24:18.809142 [debug] [Thread-1 (]: Writing runtime sql for node "test.pulse_transform.accepted_values_stg_weather_condition__clear__mainly_clear__partly_cloudy__overcast__fog__depositing_rime_fog__drizzle_light__drizzle_moderate__drizzle_dense__freezing_drizzle_light__freezing_drizzle_dense__rain_slight__rain_moderate__rain_heavy__freezing_rain_light__freezing_rain_heavy__snow_fall_slight__snow_fall_moderate__snow_fall_heavy__snow_grains__rain_showers_slight__rain_showers_moderate__rain_showers_violent__snow_showers_slight__snow_showers_heavy__thunderstorm_slight_or_moderate__thunderstorm_hail_slight__thunderstorm_hail_heavy__unknown.49df99636f"
[0m21:24:18.810148 [debug] [Thread-1 (]: Using postgres connection "test.pulse_transform.accepted_values_stg_weather_condition__clear__mainly_clear__partly_cloudy__overcast__fog__depositing_rime_fog__drizzle_light__drizzle_moderate__drizzle_dense__freezing_drizzle_light__freezing_drizzle_dense__rain_slight__rain_moderate__rain_heavy__freezing_rain_light__freezing_rain_heavy__snow_fall_slight__snow_fall_moderate__snow_fall_heavy__snow_grains__rain_showers_slight__rain_showers_moderate__rain_showers_violent__snow_showers_slight__snow_showers_heavy__thunderstorm_slight_or_moderate__thunderstorm_hail_slight__thunderstorm_hail_heavy__unknown.49df99636f"
[0m21:24:18.810656 [debug] [Thread-1 (]: On test.pulse_transform.accepted_values_stg_weather_condition__clear__mainly_clear__partly_cloudy__overcast__fog__depositing_rime_fog__drizzle_light__drizzle_moderate__drizzle_dense__freezing_drizzle_light__freezing_drizzle_dense__rain_slight__rain_moderate__rain_heavy__freezing_rain_light__freezing_rain_heavy__snow_fall_slight__snow_fall_moderate__snow_fall_heavy__snow_grains__rain_showers_slight__rain_showers_moderate__rain_showers_violent__snow_showers_slight__snow_showers_heavy__thunderstorm_slight_or_moderate__thunderstorm_hail_slight__thunderstorm_hail_heavy__unknown.49df99636f: /* {"app": "dbt", "dbt_version": "1.12.0", "profile_name": "pulse_transform_profile", "target_name": "dev", "node_id": "test.pulse_transform.accepted_values_stg_weather_condition__clear__mainly_clear__partly_cloudy__overcast__fog__depositing_rime_fog__drizzle_light__drizzle_moderate__drizzle_dense__freezing_drizzle_light__freezing_drizzle_dense__rain_slight__rain_moderate__rain_heavy__freezing_rain_light__freezing_rain_heavy__snow_fall_slight__snow_fall_moderate__snow_fall_heavy__snow_grains__rain_showers_slight__rain_showers_moderate__rain_showers_violent__snow_showers_slight__snow_showers_heavy__thunderstorm_slight_or_moderate__thunderstorm_hail_slight__thunderstorm_hail_heavy__unknown.49df99636f"} */

    
    select
      count(*) as failures,
      count(*) != 0 as should_warn,
      count(*) != 0 as should_error
    from (
      
    
  
    
    

with all_values as (

    select
        condition as value_field,
        count(*) as n_records

    from "pulse"."public_public"."stg_weather"
    group by condition

)

select *
from all_values
where value_field not in (
    'clear','mainly_clear','partly_cloudy','overcast','fog','depositing_rime_fog','drizzle_light','drizzle_moderate','drizzle_dense','freezing_drizzle_light','freezing_drizzle_dense','rain_slight','rain_moderate','rain_heavy','freezing_rain_light','freezing_rain_heavy','snow_fall_slight','snow_fall_moderate','snow_fall_heavy','snow_grains','rain_showers_slight','rain_showers_moderate','rain_showers_violent','snow_showers_slight','snow_showers_heavy','thunderstorm_slight_or_moderate','thunderstorm_hail_slight','thunderstorm_hail_heavy','unknown'
)



  
  
      
    ) dbt_internal_test
[0m21:24:18.810656 [debug] [Thread-1 (]: Opening a new connection, currently in state closed
[0m21:24:18.839169 [debug] [Thread-1 (]: SQL status: SELECT 1 in 0.028 seconds
[0m21:24:18.840174 [debug] [Thread-1 (]: On test.pulse_transform.accepted_values_stg_weather_condition__clear__mainly_clear__partly_cloudy__overcast__fog__depositing_rime_fog__drizzle_light__drizzle_moderate__drizzle_dense__freezing_drizzle_light__freezing_drizzle_dense__rain_slight__rain_moderate__rain_heavy__freezing_rain_light__freezing_rain_heavy__snow_fall_slight__snow_fall_moderate__snow_fall_heavy__snow_grains__rain_showers_slight__rain_showers_moderate__rain_showers_violent__snow_showers_slight__snow_showers_heavy__thunderstorm_slight_or_moderate__thunderstorm_hail_slight__thunderstorm_hail_heavy__unknown.49df99636f: ROLLBACK
[0m21:24:18.840678 [debug] [Thread-1 (]: On test.pulse_transform.accepted_values_stg_weather_condition__clear__mainly_clear__partly_cloudy__overcast__fog__depositing_rime_fog__drizzle_light__drizzle_moderate__drizzle_dense__freezing_drizzle_light__freezing_drizzle_dense__rain_slight__rain_moderate__rain_heavy__freezing_rain_light__freezing_rain_heavy__snow_fall_slight__snow_fall_moderate__snow_fall_heavy__snow_grains__rain_showers_slight__rain_showers_moderate__rain_showers_violent__snow_showers_slight__snow_showers_heavy__thunderstorm_slight_or_moderate__thunderstorm_hail_slight__thunderstorm_hail_heavy__unknown.49df99636f: Close
[0m21:24:18.841178 [info ] [Thread-1 (]: 14 of 23 PASS accepted_values_stg_weather_condition__clear__mainly_clear__partly_cloudy__overcast__fog__depositing_rime_fog__drizzle_light__drizzle_moderate__drizzle_dense__freezing_drizzle_light__freezing_drizzle_dense__rain_slight__rain_moderate__rain_heavy__freezing_rain_light__freezing_rain_heavy__snow_fall_slight__snow_fall_moderate__snow_fall_heavy__snow_grains__rain_showers_slight__rain_showers_moderate__rain_showers_violent__snow_showers_slight__snow_showers_heavy__thunderstorm_slight_or_moderate__thunderstorm_hail_slight__thunderstorm_hail_heavy__unknown  [[32mPASS[0m in 0.04s]
[0m21:24:18.841681 [debug] [Thread-1 (]: Finished running node test.pulse_transform.accepted_values_stg_weather_condition__clear__mainly_clear__partly_cloudy__overcast__fog__depositing_rime_fog__drizzle_light__drizzle_moderate__drizzle_dense__freezing_drizzle_light__freezing_drizzle_dense__rain_slight__rain_moderate__rain_heavy__freezing_rain_light__freezing_rain_heavy__snow_fall_slight__snow_fall_moderate__snow_fall_heavy__snow_grains__rain_showers_slight__rain_showers_moderate__rain_showers_violent__snow_showers_slight__snow_showers_heavy__thunderstorm_slight_or_moderate__thunderstorm_hail_slight__thunderstorm_hail_heavy__unknown.49df99636f
[0m21:24:18.842177 [debug] [Thread-1 (]: Began running node test.pulse_transform.not_null_stg_weather_city.c03e0c0127
[0m21:24:18.842678 [info ] [Thread-1 (]: 15 of 23 START test not_null_stg_weather_city .................................. [RUN]
[0m21:24:18.842678 [debug] [Thread-1 (]: Re-using an available connection from the pool (formerly test.pulse_transform.accepted_values_stg_weather_condition__clear__mainly_clear__partly_cloudy__overcast__fog__depositing_rime_fog__drizzle_light__drizzle_moderate__drizzle_dense__freezing_drizzle_light__freezing_drizzle_dense__rain_slight__rain_moderate__rain_heavy__freezing_rain_light__freezing_rain_heavy__snow_fall_slight__snow_fall_moderate__snow_fall_heavy__snow_grains__rain_showers_slight__rain_showers_moderate__rain_showers_violent__snow_showers_slight__snow_showers_heavy__thunderstorm_slight_or_moderate__thunderstorm_hail_slight__thunderstorm_hail_heavy__unknown.49df99636f, now test.pulse_transform.not_null_stg_weather_city.c03e0c0127)
[0m21:24:18.843178 [debug] [Thread-1 (]: Began compiling node test.pulse_transform.not_null_stg_weather_city.c03e0c0127
[0m21:24:18.847681 [debug] [Thread-1 (]: Writing injected SQL for node "test.pulse_transform.not_null_stg_weather_city.c03e0c0127"
[0m21:24:18.848180 [debug] [Thread-1 (]: Began executing node test.pulse_transform.not_null_stg_weather_city.c03e0c0127
[0m21:24:18.848678 [debug] [Thread-1 (]: Writing runtime sql for node "test.pulse_transform.not_null_stg_weather_city.c03e0c0127"
[0m21:24:18.850187 [debug] [Thread-1 (]: Using postgres connection "test.pulse_transform.not_null_stg_weather_city.c03e0c0127"
[0m21:24:18.850187 [debug] [Thread-1 (]: On test.pulse_transform.not_null_stg_weather_city.c03e0c0127: /* {"app": "dbt", "dbt_version": "1.12.0", "profile_name": "pulse_transform_profile", "target_name": "dev", "node_id": "test.pulse_transform.not_null_stg_weather_city.c03e0c0127"} */

    
    select
      count(*) as failures,
      count(*) != 0 as should_warn,
      count(*) != 0 as should_error
    from (
      
    
  
    
    



select city
from "pulse"."public_public"."stg_weather"
where city is null



  
  
      
    ) dbt_internal_test
[0m21:24:18.850688 [debug] [Thread-1 (]: Opening a new connection, currently in state closed
[0m21:24:18.873707 [debug] [Thread-1 (]: SQL status: SELECT 1 in 0.023 seconds
[0m21:24:18.874708 [debug] [Thread-1 (]: On test.pulse_transform.not_null_stg_weather_city.c03e0c0127: ROLLBACK
[0m21:24:18.875210 [debug] [Thread-1 (]: On test.pulse_transform.not_null_stg_weather_city.c03e0c0127: Close
[0m21:24:18.875708 [info ] [Thread-1 (]: 15 of 23 PASS not_null_stg_weather_city ........................................ [[32mPASS[0m in 0.03s]
[0m21:24:18.876211 [debug] [Thread-1 (]: Finished running node test.pulse_transform.not_null_stg_weather_city.c03e0c0127
[0m21:24:18.876211 [debug] [Thread-1 (]: Began running node test.pulse_transform.not_null_stg_weather_condition.0c9e947318
[0m21:24:18.876711 [info ] [Thread-1 (]: 16 of 23 START test not_null_stg_weather_condition ............................. [RUN]
[0m21:24:18.877210 [debug] [Thread-1 (]: Re-using an available connection from the pool (formerly test.pulse_transform.not_null_stg_weather_city.c03e0c0127, now test.pulse_transform.not_null_stg_weather_condition.0c9e947318)
[0m21:24:18.877210 [debug] [Thread-1 (]: Began compiling node test.pulse_transform.not_null_stg_weather_condition.0c9e947318
[0m21:24:18.881216 [debug] [Thread-1 (]: Writing injected SQL for node "test.pulse_transform.not_null_stg_weather_condition.0c9e947318"
[0m21:24:18.881714 [debug] [Thread-1 (]: Began executing node test.pulse_transform.not_null_stg_weather_condition.0c9e947318
[0m21:24:18.882718 [debug] [Thread-1 (]: Writing runtime sql for node "test.pulse_transform.not_null_stg_weather_condition.0c9e947318"
[0m21:24:18.883217 [debug] [Thread-1 (]: Using postgres connection "test.pulse_transform.not_null_stg_weather_condition.0c9e947318"
[0m21:24:18.883716 [debug] [Thread-1 (]: On test.pulse_transform.not_null_stg_weather_condition.0c9e947318: /* {"app": "dbt", "dbt_version": "1.12.0", "profile_name": "pulse_transform_profile", "target_name": "dev", "node_id": "test.pulse_transform.not_null_stg_weather_condition.0c9e947318"} */

    
    select
      count(*) as failures,
      count(*) != 0 as should_warn,
      count(*) != 0 as should_error
    from (
      
    
  
    
    



select condition
from "pulse"."public_public"."stg_weather"
where condition is null



  
  
      
    ) dbt_internal_test
[0m21:24:18.883716 [debug] [Thread-1 (]: Opening a new connection, currently in state closed
[0m21:24:18.905741 [debug] [Thread-1 (]: SQL status: SELECT 1 in 0.022 seconds
[0m21:24:18.906741 [debug] [Thread-1 (]: On test.pulse_transform.not_null_stg_weather_condition.0c9e947318: ROLLBACK
[0m21:24:18.907241 [debug] [Thread-1 (]: On test.pulse_transform.not_null_stg_weather_condition.0c9e947318: Close
[0m21:24:18.907742 [info ] [Thread-1 (]: 16 of 23 PASS not_null_stg_weather_condition ................................... [[32mPASS[0m in 0.03s]
[0m21:24:18.908242 [debug] [Thread-1 (]: Finished running node test.pulse_transform.not_null_stg_weather_condition.0c9e947318
[0m21:24:18.908741 [debug] [Thread-1 (]: Began running node test.pulse_transform.not_null_stg_weather_id.0e1828fa23
[0m21:24:18.908741 [info ] [Thread-1 (]: 17 of 23 START test not_null_stg_weather_id .................................... [RUN]
[0m21:24:18.909242 [debug] [Thread-1 (]: Re-using an available connection from the pool (formerly test.pulse_transform.not_null_stg_weather_condition.0c9e947318, now test.pulse_transform.not_null_stg_weather_id.0e1828fa23)
[0m21:24:18.909242 [debug] [Thread-1 (]: Began compiling node test.pulse_transform.not_null_stg_weather_id.0e1828fa23
[0m21:24:18.913255 [debug] [Thread-1 (]: Writing injected SQL for node "test.pulse_transform.not_null_stg_weather_id.0e1828fa23"
[0m21:24:18.914255 [debug] [Thread-1 (]: Began executing node test.pulse_transform.not_null_stg_weather_id.0e1828fa23
[0m21:24:18.915255 [debug] [Thread-1 (]: Writing runtime sql for node "test.pulse_transform.not_null_stg_weather_id.0e1828fa23"
[0m21:24:18.915754 [debug] [Thread-1 (]: Using postgres connection "test.pulse_transform.not_null_stg_weather_id.0e1828fa23"
[0m21:24:18.916258 [debug] [Thread-1 (]: On test.pulse_transform.not_null_stg_weather_id.0e1828fa23: /* {"app": "dbt", "dbt_version": "1.12.0", "profile_name": "pulse_transform_profile", "target_name": "dev", "node_id": "test.pulse_transform.not_null_stg_weather_id.0e1828fa23"} */

    
    select
      count(*) as failures,
      count(*) != 0 as should_warn,
      count(*) != 0 as should_error
    from (
      
    
  
    
    



select id
from "pulse"."public_public"."stg_weather"
where id is null



  
  
      
    ) dbt_internal_test
[0m21:24:18.916258 [debug] [Thread-1 (]: Opening a new connection, currently in state closed
[0m21:24:18.947310 [debug] [Thread-1 (]: SQL status: SELECT 1 in 0.031 seconds
[0m21:24:18.948310 [debug] [Thread-1 (]: On test.pulse_transform.not_null_stg_weather_id.0e1828fa23: ROLLBACK
[0m21:24:18.948809 [debug] [Thread-1 (]: On test.pulse_transform.not_null_stg_weather_id.0e1828fa23: Close
[0m21:24:18.949308 [info ] [Thread-1 (]: 17 of 23 PASS not_null_stg_weather_id .......................................... [[32mPASS[0m in 0.04s]
[0m21:24:18.949308 [debug] [Thread-1 (]: Finished running node test.pulse_transform.not_null_stg_weather_id.0e1828fa23
[0m21:24:18.950312 [debug] [Thread-1 (]: Began running node test.pulse_transform.not_null_stg_weather_temperature.fe647a6746
[0m21:24:18.950312 [info ] [Thread-1 (]: 18 of 23 START test not_null_stg_weather_temperature ........................... [RUN]
[0m21:24:18.950819 [debug] [Thread-1 (]: Re-using an available connection from the pool (formerly test.pulse_transform.not_null_stg_weather_id.0e1828fa23, now test.pulse_transform.not_null_stg_weather_temperature.fe647a6746)
[0m21:24:18.950819 [debug] [Thread-1 (]: Began compiling node test.pulse_transform.not_null_stg_weather_temperature.fe647a6746
[0m21:24:18.955326 [debug] [Thread-1 (]: Writing injected SQL for node "test.pulse_transform.not_null_stg_weather_temperature.fe647a6746"
[0m21:24:18.955825 [debug] [Thread-1 (]: Began executing node test.pulse_transform.not_null_stg_weather_temperature.fe647a6746
[0m21:24:18.956824 [debug] [Thread-1 (]: Writing runtime sql for node "test.pulse_transform.not_null_stg_weather_temperature.fe647a6746"
[0m21:24:18.957324 [debug] [Thread-1 (]: Using postgres connection "test.pulse_transform.not_null_stg_weather_temperature.fe647a6746"
[0m21:24:18.957825 [debug] [Thread-1 (]: On test.pulse_transform.not_null_stg_weather_temperature.fe647a6746: /* {"app": "dbt", "dbt_version": "1.12.0", "profile_name": "pulse_transform_profile", "target_name": "dev", "node_id": "test.pulse_transform.not_null_stg_weather_temperature.fe647a6746"} */

    
    select
      count(*) as failures,
      count(*) != 0 as should_warn,
      count(*) != 0 as should_error
    from (
      
    
  
    
    



select temperature
from "pulse"."public_public"."stg_weather"
where temperature is null



  
  
      
    ) dbt_internal_test
[0m21:24:18.957825 [debug] [Thread-1 (]: Opening a new connection, currently in state closed
[0m21:24:18.980360 [debug] [Thread-1 (]: SQL status: SELECT 1 in 0.023 seconds
[0m21:24:18.981364 [debug] [Thread-1 (]: On test.pulse_transform.not_null_stg_weather_temperature.fe647a6746: ROLLBACK
[0m21:24:18.981870 [debug] [Thread-1 (]: On test.pulse_transform.not_null_stg_weather_temperature.fe647a6746: Close
[0m21:24:18.982368 [info ] [Thread-1 (]: 18 of 23 PASS not_null_stg_weather_temperature ................................. [[32mPASS[0m in 0.03s]
[0m21:24:18.982868 [debug] [Thread-1 (]: Finished running node test.pulse_transform.not_null_stg_weather_temperature.fe647a6746
[0m21:24:18.982868 [debug] [Thread-1 (]: Began running node test.pulse_transform.unique_stg_weather_id.c42c665fbe
[0m21:24:18.983368 [info ] [Thread-1 (]: 19 of 23 START test unique_stg_weather_id ...................................... [RUN]
[0m21:24:18.983869 [debug] [Thread-1 (]: Re-using an available connection from the pool (formerly test.pulse_transform.not_null_stg_weather_temperature.fe647a6746, now test.pulse_transform.unique_stg_weather_id.c42c665fbe)
[0m21:24:18.983869 [debug] [Thread-1 (]: Began compiling node test.pulse_transform.unique_stg_weather_id.c42c665fbe
[0m21:24:18.987368 [debug] [Thread-1 (]: Writing injected SQL for node "test.pulse_transform.unique_stg_weather_id.c42c665fbe"
[0m21:24:18.988368 [debug] [Thread-1 (]: Began executing node test.pulse_transform.unique_stg_weather_id.c42c665fbe
[0m21:24:18.989368 [debug] [Thread-1 (]: Writing runtime sql for node "test.pulse_transform.unique_stg_weather_id.c42c665fbe"
[0m21:24:18.989368 [debug] [Thread-1 (]: Using postgres connection "test.pulse_transform.unique_stg_weather_id.c42c665fbe"
[0m21:24:18.989368 [debug] [Thread-1 (]: On test.pulse_transform.unique_stg_weather_id.c42c665fbe: /* {"app": "dbt", "dbt_version": "1.12.0", "profile_name": "pulse_transform_profile", "target_name": "dev", "node_id": "test.pulse_transform.unique_stg_weather_id.c42c665fbe"} */

    
    select
      count(*) as failures,
      count(*) != 0 as should_warn,
      count(*) != 0 as should_error
    from (
      
    
  
    
    

select
    id as unique_field,
    count(*) as n_records

from "pulse"."public_public"."stg_weather"
where id is not null
group by id
having count(*) > 1



  
  
      
    ) dbt_internal_test
[0m21:24:18.990372 [debug] [Thread-1 (]: Opening a new connection, currently in state closed
[0m21:24:19.013900 [debug] [Thread-1 (]: SQL status: SELECT 1 in 0.024 seconds
[0m21:24:19.014397 [debug] [Thread-1 (]: On test.pulse_transform.unique_stg_weather_id.c42c665fbe: ROLLBACK
[0m21:24:19.014897 [debug] [Thread-1 (]: On test.pulse_transform.unique_stg_weather_id.c42c665fbe: Close
[0m21:24:19.015398 [info ] [Thread-1 (]: 19 of 23 PASS unique_stg_weather_id ............................................ [[32mPASS[0m in 0.03s]
[0m21:24:19.015898 [debug] [Thread-1 (]: Finished running node test.pulse_transform.unique_stg_weather_id.c42c665fbe
[0m21:24:19.016398 [debug] [Thread-1 (]: Began running node model.pulse_transform.daily_summary
[0m21:24:19.016899 [info ] [Thread-1 (]: 20 of 23 SKIP relation public_public.daily_summary ............................. [[33mSKIP[0m]
[0m21:24:19.017399 [debug] [Thread-1 (]: Finished running node model.pulse_transform.daily_summary
[0m21:24:19.017399 [debug] [Thread-4 (]: Marking all children of 'model.pulse_transform.daily_summary' to be skipped because of status 'skipped'. 
[0m21:24:19.017899 [debug] [Thread-1 (]: Began running node test.pulse_transform.not_null_daily_summary_crypto_coin.2b3c1f82f7
[0m21:24:19.018398 [info ] [Thread-1 (]: 21 of 23 SKIP test not_null_daily_summary_crypto_coin .......................... [[33mSKIP[0m]
[0m21:24:19.018398 [debug] [Thread-1 (]: Finished running node test.pulse_transform.not_null_daily_summary_crypto_coin.2b3c1f82f7
[0m21:24:19.018898 [debug] [Thread-1 (]: Began running node test.pulse_transform.not_null_daily_summary_sports_game_date.d349270fc3
[0m21:24:19.018898 [debug] [Thread-4 (]: Marking all children of 'test.pulse_transform.not_null_daily_summary_crypto_coin.2b3c1f82f7' to be skipped because of status 'skipped'. 
[0m21:24:19.019398 [info ] [Thread-1 (]: 22 of 23 SKIP test not_null_daily_summary_sports_game_date ..................... [[33mSKIP[0m]
[0m21:24:19.019398 [debug] [Thread-1 (]: Finished running node test.pulse_transform.not_null_daily_summary_sports_game_date.d349270fc3
[0m21:24:19.019398 [debug] [Thread-1 (]: Began running node test.pulse_transform.not_null_daily_summary_weather_city.efc8b36fcc
[0m21:24:19.020401 [debug] [Thread-4 (]: Marking all children of 'test.pulse_transform.not_null_daily_summary_sports_game_date.d349270fc3' to be skipped because of status 'skipped'. 
[0m21:24:19.019398 [info ] [Thread-1 (]: 23 of 23 SKIP test not_null_daily_summary_weather_city ......................... [[33mSKIP[0m]
[0m21:24:19.020905 [debug] [Thread-1 (]: Finished running node test.pulse_transform.not_null_daily_summary_weather_city.efc8b36fcc
[0m21:24:19.020905 [debug] [Thread-4 (]: Marking all children of 'test.pulse_transform.not_null_daily_summary_weather_city.efc8b36fcc' to be skipped because of status 'skipped'. 
[0m21:24:19.021906 [debug] [MainThread]: On master: COMMIT
[0m21:24:19.021906 [debug] [MainThread]: Using postgres connection "master"
[0m21:24:19.022405 [debug] [MainThread]: On master: COMMIT
[0m21:24:19.022405 [debug] [MainThread]: Opening a new connection, currently in state closed
[0m21:24:19.045929 [debug] [MainThread]: SQL status: COMMIT in 0.023 seconds
[0m21:24:19.045929 [debug] [MainThread]: On master: Close
[0m21:24:19.046430 [debug] [MainThread]: Connection 'master' was properly closed.
[0m21:24:19.046430 [debug] [MainThread]: Connection 'list_pulse' was properly closed.
[0m21:24:19.046430 [debug] [MainThread]: Connection 'list_pulse_public_public' was properly closed.
[0m21:24:19.046931 [debug] [MainThread]: Connection 'test.pulse_transform.unique_stg_weather_id.c42c665fbe' was properly closed.
[0m21:24:19.046931 [info ] [MainThread]: 
[0m21:24:19.047431 [info ] [MainThread]: Finished running 4 table models, 19 data tests in 0 hours 0 minutes and 1.08 seconds (1.08s).
[0m21:24:19.048927 [debug] [MainThread]: Command end result
[0m21:24:19.108501 [debug] [MainThread]: Wrote artifact WritableManifest to C:\Users\Steve\OneDrive\Desktop\code\pulse\transform\target\manifest.json
[0m21:24:19.111014 [debug] [MainThread]: Wrote artifact SemanticManifest to C:\Users\Steve\OneDrive\Desktop\code\pulse\transform\target\semantic_manifest.json
[0m21:24:19.113017 [debug] [MainThread]: Wrote artifact OsiDocument to C:\Users\Steve\OneDrive\Desktop\code\pulse\transform\target\osi_document.json
[0m21:24:19.118022 [debug] [MainThread]: Wrote artifact RunExecutionResult to C:\Users\Steve\OneDrive\Desktop\code\pulse\transform\target\run_results.json
[0m21:24:19.118521 [info ] [MainThread]: 
[0m21:24:19.118521 [info ] [MainThread]: [31mCompleted with 1 error, 0 partial successes, and 0 warnings:[0m
[0m21:24:19.119021 [info ] [MainThread]: 
[0m21:24:19.119021 [error] [MainThread]: [[31mERROR[0m]: in test not_null_stg_crypto_price_usd (models\schema.yml)
[0m21:24:19.119021 [error] [MainThread]:   Got 1 result, configured to fail if != 0
[0m21:24:19.119021 [info ] [MainThread]: 
[0m21:24:19.120024 [info ] [MainThread]:   compiled code at target\compiled\pulse_transform\models\schema.yml\not_null_stg_crypto_price_usd.sql
[0m21:24:19.120529 [info ] [MainThread]: 
[0m21:24:19.120529 [info ] [MainThread]: Done. PASS=18 WARN=0 ERROR=1 SKIP=4 NO-OP=0 REUSED=0 TOTAL=23
[0m21:24:19.121030 [warn ] [MainThread]: [[33mWARNING[0m][DeprecationsSummary]: Deprecated functionality
Summary of encountered deprecations:
- MissingArgumentsPropertyInGenericTestDeprecation: 1 occurrence
To see all deprecation instances instead of just the first occurrence of each,
run command again with the `--show-all-deprecations` flag. You may also need to
run with `--no-partial-parse` as some deprecations are only encountered during
parsing.
[0m21:24:19.121529 [debug] [MainThread]: Command `dbt build` failed at 21:24:19.121529 after 2.64 seconds
[0m21:24:19.122028 [debug] [MainThread]: Sending event: {'category': 'dbt', 'action': 'invocation', 'label': 'end', 'context': [<snowplow_tracker.self_describing_json.SelfDescribingJson object at 0x00000197417C9EB0>, <snowplow_tracker.self_describing_json.SelfDescribingJson object at 0x00000197417CA4E0>, <snowplow_tracker.self_describing_json.SelfDescribingJson object at 0x00000197417C9340>]}
[0m21:24:19.122028 [debug] [MainThread]: Flushing usage events
[0m21:24:19.887834 [debug] [MainThread]: An error was encountered while trying to flush usage events
[0m21:25:19.779218 [debug] [MainThread]: Sending event: {'category': 'dbt', 'action': 'invocation', 'label': 'start', 'context': [<snowplow_tracker.self_describing_json.SelfDescribingJson object at 0x000001511C0C76E0>, <snowplow_tracker.self_describing_json.SelfDescribingJson object at 0x000001511EF60C80>, <snowplow_tracker.self_describing_json.SelfDescribingJson object at 0x000001511EF60F80>]}


============================== 21:25:19.785224 | 41f6e191-c979-4d97-b430-dacf142be4c5 ==============================
[0m21:25:19.785224 [info ] [MainThread]: Running with dbt=1.12.0
[0m21:25:19.785723 [debug] [MainThread]: running dbt with arguments {'static_parser': 'True', 'no_print': 'None', 'version_check': 'True', 'warn_error_options': 'WarnErrorOptionsV2(error=[], warn=[], silence=[])', 'maximum_seed_size_mib': '1', 'target_path': 'None', 'printer_width': '80', 'write_json': 'True', 'introspect': 'True', 'log_cache_events': 'False', 'empty': 'False', 'cache_selected_only': 'False', 'fail_fast': 'False', 'debug': 'False', 'log_format': 'default', 'partial_parse': 'False', 'send_anonymous_usage_stats': 'True', 'quiet': 'False', 'warn_error': 'None', 'profiles_dir': '.', 'invocation_command': 'dbt build --profiles-dir . --no-partial-parse', 'hints_enabled': 'True', 'use_colors': 'True', 'use_experimental_parser': 'False', 'indirect_selection': 'eager', 'log_path': 'C:\\Users\\Steve\\OneDrive\\Desktop\\code\\pulse\\transform\\logs'}
[0m21:25:19.905377 [debug] [MainThread]: Sending event: {'category': 'dbt', 'action': 'project_id', 'label': '41f6e191-c979-4d97-b430-dacf142be4c5', 'context': [<snowplow_tracker.self_describing_json.SelfDescribingJson object at 0x0000015120B49400>]}
[0m21:25:19.947440 [debug] [MainThread]: Sending event: {'category': 'dbt', 'action': 'adapter_info', 'label': '41f6e191-c979-4d97-b430-dacf142be4c5', 'context': [<snowplow_tracker.self_describing_json.SelfDescribingJson object at 0x000001511E970D40>]}
[0m21:25:19.948942 [info ] [MainThread]: Registered adapter: postgres=1.11.0
[0m21:25:20.160267 [debug] [MainThread]: checksum: c88f2b38114df2604ccc177aea92f212ddffa831408be655762d132e6474640b, vars: {}, profile: pulse_transform_profile, target: dev, version: 1.12.0
[0m21:25:20.160767 [debug] [MainThread]: Partial parsing not enabled
[0m21:25:21.081137 [warn ] [MainThread]: [[33mWARNING[0m][MissingArgumentsPropertyInGenericTestDeprecation]: Deprecated
functionality
Found top-level arguments to test `accepted_values` defined on 'stg_weather' in
package 'pulse_transform' (models\schema.yml). Arguments to generic tests should
be nested under the `arguments` property.
[0m21:25:21.082143 [debug] [MainThread]: Sending event: {'category': 'dbt', 'action': 'deprecation', 'label': '41f6e191-c979-4d97-b430-dacf142be4c5', 'property_': 'warn', 'context': [<snowplow_tracker.self_describing_json.SelfDescribingJson object at 0x0000015121531CA0>]}
[0m21:25:21.265383 [debug] [MainThread]: Sending event: {'category': 'dbt', 'action': 'load_project', 'label': '41f6e191-c979-4d97-b430-dacf142be4c5', 'context': [<snowplow_tracker.self_describing_json.SelfDescribingJson object at 0x000001512167A180>]}
[0m21:25:21.348996 [debug] [MainThread]: Wrote artifact WritableManifest to C:\Users\Steve\OneDrive\Desktop\code\pulse\transform\target\manifest.json
[0m21:25:21.352000 [debug] [MainThread]: Wrote artifact SemanticManifest to C:\Users\Steve\OneDrive\Desktop\code\pulse\transform\target\semantic_manifest.json
[0m21:25:21.374537 [debug] [MainThread]: Wrote artifact OsiDocument to C:\Users\Steve\OneDrive\Desktop\code\pulse\transform\target\osi_document.json
[0m21:25:21.403077 [debug] [MainThread]: Sending event: {'category': 'dbt', 'action': 'resource_counts', 'label': '41f6e191-c979-4d97-b430-dacf142be4c5', 'context': [<snowplow_tracker.self_describing_json.SelfDescribingJson object at 0x00000151215D4290>]}
[0m21:25:21.403581 [info ] [MainThread]: Found 4 models, 19 data tests, 3 sources, 477 macros
[0m21:25:21.405578 [info ] [MainThread]: 
[0m21:25:21.406583 [info ] [MainThread]: Concurrency: 1 threads (target='dev')
[0m21:25:21.406583 [info ] [MainThread]: 
[0m21:25:21.407088 [debug] [MainThread]: Acquiring new postgres connection 'master'
[0m21:25:21.410088 [debug] [ThreadPool]: Acquiring new postgres connection 'list_pulse'
[0m21:25:21.472691 [debug] [ThreadPool]: Using postgres connection "list_pulse"
[0m21:25:21.473190 [debug] [ThreadPool]: On list_pulse: /* {"app": "dbt", "dbt_version": "1.12.0", "profile_name": "pulse_transform_profile", "target_name": "dev", "connection_name": "list_pulse"} */

    select distinct nspname from pg_namespace
  
[0m21:25:21.473691 [debug] [ThreadPool]: Opening a new connection, currently in state init
[0m21:25:21.510735 [debug] [ThreadPool]: SQL status: SELECT 5 in 0.038 seconds
[0m21:25:21.512244 [debug] [ThreadPool]: On list_pulse: Close
[0m21:25:21.513748 [debug] [ThreadPool]: Acquiring new postgres connection 'list_pulse_public_public'
[0m21:25:21.518263 [debug] [ThreadPool]: Using postgres connection "list_pulse_public_public"
[0m21:25:21.518263 [debug] [ThreadPool]: On list_pulse_public_public: /* {"app": "dbt", "dbt_version": "1.12.0", "profile_name": "pulse_transform_profile", "target_name": "dev", "connection_name": "list_pulse_public_public"} */
select
      'pulse' as database,
      tablename as name,
      schemaname as schema,
      'table' as type
    from pg_tables
    where schemaname ilike 'public_public'
    union all
    select
      'pulse' as database,
      viewname as name,
      schemaname as schema,
      'view' as type
    from pg_views
    where schemaname ilike 'public_public'
    union all
    select
      'pulse' as database,
      matviewname as name,
      schemaname as schema,
      'materialized_view' as type
    from pg_matviews
    where schemaname ilike 'public_public'
    union all
    select distinct
     'pulse' as database,
     proname as name,
     ns.nspname as schema,
     'function' as type
    from pg_proc
     join pg_namespace as ns on pronamespace = ns.oid
    where ns.nspname ilike 'public_public'
  
[0m21:25:21.518765 [debug] [ThreadPool]: Opening a new connection, currently in state init
[0m21:25:21.556632 [debug] [ThreadPool]: SQL status: SELECT 3 in 0.038 seconds
[0m21:25:21.558138 [debug] [ThreadPool]: On list_pulse_public_public: ROLLBACK
[0m21:25:21.558638 [debug] [ThreadPool]: On list_pulse_public_public: Close
[0m21:25:21.562141 [debug] [MainThread]: Using postgres connection "master"
[0m21:25:21.562646 [debug] [MainThread]: On master: /* {"app": "dbt", "dbt_version": "1.12.0", "profile_name": "pulse_transform_profile", "target_name": "dev", "connection_name": "master"} */
select distinct
        dependent_namespace.nspname as dependent_schema,
        dependent_class.relname as dependent_name,
        referenced_namespace.nspname as referenced_schema,
        referenced_class.relname as referenced_name

    -- Query for views: views are entries in pg_class with an entry in pg_rewrite, but we avoid
    -- a seq scan on pg_rewrite by leveraging the fact there is an "internal" row in pg_depend for
    -- the view...
    from pg_class as dependent_class
    join pg_namespace as dependent_namespace on dependent_namespace.oid = dependent_class.relnamespace
    join pg_depend as dependent_depend on dependent_depend.refobjid = dependent_class.oid
        and dependent_depend.classid = 'pg_rewrite'::regclass
        and dependent_depend.refclassid = 'pg_class'::regclass
        and dependent_depend.deptype = 'i'

    -- ... and via pg_depend (that has a row per column, hence the need for "distinct" above, and
    -- making sure to exclude the internal row to avoid a view appearing to depend on itself)...
    join pg_depend as joining_depend on joining_depend.objid = dependent_depend.objid
        and joining_depend.classid = 'pg_rewrite'::regclass
        and joining_depend.refclassid = 'pg_class'::regclass
        and joining_depend.refobjid != dependent_depend.refobjid

    -- ... we can find the tables they query from in pg_class, but excluding system tables. Note we
    -- don't need need to exclude _dependent_ system tables, because they only query from other
    -- system tables, and so are automatically excluded by excluding _referenced_ system tables
    join pg_class as referenced_class on referenced_class.oid = joining_depend.refobjid
    join pg_namespace as referenced_namespace on referenced_namespace.oid = referenced_class.relnamespace
        and referenced_namespace.nspname != 'information_schema'
        and referenced_namespace.nspname not like 'pg\_%'

    order by
        dependent_schema, dependent_name, referenced_schema, referenced_name;
[0m21:25:21.562646 [debug] [MainThread]: Opening a new connection, currently in state init
[0m21:25:21.702812 [debug] [MainThread]: SQL status: SELECT 0 in 0.140 seconds
[0m21:25:21.704311 [debug] [MainThread]: Sending event: {'category': 'dbt', 'action': 'runnable_timing', 'label': '41f6e191-c979-4d97-b430-dacf142be4c5', 'context': [<snowplow_tracker.self_describing_json.SelfDescribingJson object at 0x0000015120A9E900>]}
[0m21:25:21.704813 [debug] [MainThread]: On master: ROLLBACK
[0m21:25:21.705315 [debug] [MainThread]: On master: COMMIT
[0m21:25:21.705812 [debug] [MainThread]: Using postgres connection "master"
[0m21:25:21.705812 [debug] [MainThread]: On master: COMMIT
[0m21:25:21.706310 [debug] [MainThread]: SQL status: COMMIT in 0.000 seconds
[0m21:25:21.706811 [debug] [MainThread]: On master: Close
[0m21:25:21.710811 [debug] [Thread-1 (]: Began running node model.pulse_transform.stg_crypto
[0m21:25:21.711815 [info ] [Thread-1 (]: 1 of 23 START sql table model public_public.stg_crypto ......................... [RUN]
[0m21:25:21.712820 [debug] [Thread-1 (]: Acquiring new postgres connection 'model.pulse_transform.stg_crypto'
[0m21:25:21.712820 [debug] [Thread-1 (]: Began compiling node model.pulse_transform.stg_crypto
[0m21:25:21.719338 [debug] [Thread-1 (]: Writing injected SQL for node "model.pulse_transform.stg_crypto"
[0m21:25:21.719838 [debug] [Thread-1 (]: Began executing node model.pulse_transform.stg_crypto
[0m21:25:21.753872 [debug] [Thread-1 (]: Writing runtime sql for node "model.pulse_transform.stg_crypto"
[0m21:25:21.754872 [debug] [Thread-1 (]: Using postgres connection "model.pulse_transform.stg_crypto"
[0m21:25:21.755373 [debug] [Thread-1 (]: On model.pulse_transform.stg_crypto: /* {"app": "dbt", "dbt_version": "1.12.0", "profile_name": "pulse_transform_profile", "target_name": "dev", "node_id": "model.pulse_transform.stg_crypto"} */

  
    

  create  table "pulse"."public_public"."stg_crypto__dbt_tmp"
  
  
    as
  
  (
    with source as (
    select
        id,
        source,
        raw_json,
        ingested_at,
        raw_json::jsonb as payload
    from "pulse"."public"."raw_crypto"
),
flattened as (
    select
        id,
        source,
        raw_json,
        ingested_at,
        key as coin,
        nullif(value ->> 'usd', '') as price_usd
    from source,
    jsonb_each(payload)
)
select
    row_number() over (order by id, coin) as id,
    source,
    coin,
    cast(price_usd as float) as price_usd,
    ingested_at,
    raw_json
from flattened
  );
  
[0m21:25:21.755872 [debug] [Thread-1 (]: Opening a new connection, currently in state init
[0m21:25:21.893031 [debug] [Thread-1 (]: SQL status: SELECT 11 in 0.137 seconds
[0m21:25:21.901029 [debug] [Thread-1 (]: Using postgres connection "model.pulse_transform.stg_crypto"
[0m21:25:21.902034 [debug] [Thread-1 (]: On model.pulse_transform.stg_crypto: /* {"app": "dbt", "dbt_version": "1.12.0", "profile_name": "pulse_transform_profile", "target_name": "dev", "node_id": "model.pulse_transform.stg_crypto"} */
alter table "pulse"."public_public"."stg_crypto" rename to "stg_crypto__dbt_backup"
[0m21:25:21.903039 [debug] [Thread-1 (]: SQL status: ALTER TABLE in 0.000 seconds
[0m21:25:21.905040 [debug] [Thread-1 (]: Using postgres connection "model.pulse_transform.stg_crypto"
[0m21:25:21.905539 [debug] [Thread-1 (]: On model.pulse_transform.stg_crypto: /* {"app": "dbt", "dbt_version": "1.12.0", "profile_name": "pulse_transform_profile", "target_name": "dev", "node_id": "model.pulse_transform.stg_crypto"} */
alter table "pulse"."public_public"."stg_crypto__dbt_tmp" rename to "stg_crypto"
[0m21:25:21.906038 [debug] [Thread-1 (]: SQL status: ALTER TABLE in 0.000 seconds
[0m21:25:21.922056 [debug] [Thread-1 (]: On model.pulse_transform.stg_crypto: COMMIT
[0m21:25:21.922562 [debug] [Thread-1 (]: Using postgres connection "model.pulse_transform.stg_crypto"
[0m21:25:21.923061 [debug] [Thread-1 (]: On model.pulse_transform.stg_crypto: COMMIT
[0m21:25:21.924565 [debug] [Thread-1 (]: SQL status: COMMIT in 0.001 seconds
[0m21:25:21.928566 [debug] [Thread-1 (]: Applying DROP to: "pulse"."public_public"."stg_crypto__dbt_backup"
[0m21:25:21.932577 [debug] [Thread-1 (]: Using postgres connection "model.pulse_transform.stg_crypto"
[0m21:25:21.933080 [debug] [Thread-1 (]: On model.pulse_transform.stg_crypto: /* {"app": "dbt", "dbt_version": "1.12.0", "profile_name": "pulse_transform_profile", "target_name": "dev", "node_id": "model.pulse_transform.stg_crypto"} */
drop table if exists "pulse"."public_public"."stg_crypto__dbt_backup" cascade
[0m21:25:21.936575 [debug] [Thread-1 (]: SQL status: DROP TABLE in 0.003 seconds
[0m21:25:21.938577 [debug] [Thread-1 (]: On model.pulse_transform.stg_crypto: Close
[0m21:25:21.940078 [debug] [Thread-1 (]: Sending event: {'category': 'dbt', 'action': 'run_model', 'label': '41f6e191-c979-4d97-b430-dacf142be4c5', 'context': [<snowplow_tracker.self_describing_json.SelfDescribingJson object at 0x000001511C2B7350>]}
[0m21:25:21.940575 [info ] [Thread-1 (]: 1 of 23 OK created sql table model public_public.stg_crypto .................... [[32mSELECT 11[0m in 0.23s]
[0m21:25:21.941078 [debug] [Thread-1 (]: Finished running node model.pulse_transform.stg_crypto
[0m21:25:21.941078 [debug] [Thread-1 (]: Began running node model.pulse_transform.stg_sports
[0m21:25:21.942591 [info ] [Thread-1 (]: 2 of 23 START sql table model public_public.stg_sports ......................... [RUN]
[0m21:25:21.943089 [debug] [Thread-1 (]: Re-using an available connection from the pool (formerly model.pulse_transform.stg_crypto, now model.pulse_transform.stg_sports)
[0m21:25:21.943589 [debug] [Thread-1 (]: Began compiling node model.pulse_transform.stg_sports
[0m21:25:21.945094 [debug] [Thread-1 (]: Writing injected SQL for node "model.pulse_transform.stg_sports"
[0m21:25:21.946093 [debug] [Thread-1 (]: Began executing node model.pulse_transform.stg_sports
[0m21:25:21.948592 [debug] [Thread-1 (]: Writing runtime sql for node "model.pulse_transform.stg_sports"
[0m21:25:21.949592 [debug] [Thread-1 (]: Using postgres connection "model.pulse_transform.stg_sports"
[0m21:25:21.949592 [debug] [Thread-1 (]: On model.pulse_transform.stg_sports: /* {"app": "dbt", "dbt_version": "1.12.0", "profile_name": "pulse_transform_profile", "target_name": "dev", "node_id": "model.pulse_transform.stg_sports"} */

  
    

  create  table "pulse"."public_public"."stg_sports__dbt_tmp"
  
  
    as
  
  (
    with source as (
    select
        id,
        source,
        raw_json,
        ingested_at,
        raw_json::jsonb -> 'events' as events_json
    from "pulse"."public"."raw_sports"
),
parsed as (
    select
        id,
        source,
        raw_json,
        ingested_at,
        events_json -> 0 ->> 'date' as game_date,
        events_json -> 0 -> 'competitions' -> 0 -> 'competitors' -> 0 -> 'team' ->> 'abbreviation' as home_team,
        events_json -> 0 -> 'competitions' -> 0 -> 'competitors' -> 0 ->> 'score' as home_score,
        events_json -> 0 -> 'competitions' -> 0 -> 'competitors' -> 1 -> 'team' ->> 'abbreviation' as away_team,
        events_json -> 0 -> 'competitions' -> 0 -> 'competitors' -> 1 ->> 'score' as away_score
    from source
)
select
    id,
    source,
    trim(home_team) as home_team,
    trim(away_team) as away_team,
    cast(home_score as integer) as home_score,
    cast(away_score as integer) as away_score,
    game_date,
    ingested_at,
    raw_json
from parsed
  );
  
[0m21:25:21.950092 [debug] [Thread-1 (]: Opening a new connection, currently in state closed
[0m21:25:21.987645 [debug] [Thread-1 (]: SQL status: SELECT 1 in 0.037 seconds
[0m21:25:21.991144 [debug] [Thread-1 (]: Using postgres connection "model.pulse_transform.stg_sports"
[0m21:25:21.991144 [debug] [Thread-1 (]: On model.pulse_transform.stg_sports: /* {"app": "dbt", "dbt_version": "1.12.0", "profile_name": "pulse_transform_profile", "target_name": "dev", "node_id": "model.pulse_transform.stg_sports"} */
alter table "pulse"."public_public"."stg_sports" rename to "stg_sports__dbt_backup"
[0m21:25:21.992148 [debug] [Thread-1 (]: SQL status: ALTER TABLE in 0.000 seconds
[0m21:25:21.993653 [debug] [Thread-1 (]: Using postgres connection "model.pulse_transform.stg_sports"
[0m21:25:21.994152 [debug] [Thread-1 (]: On model.pulse_transform.stg_sports: /* {"app": "dbt", "dbt_version": "1.12.0", "profile_name": "pulse_transform_profile", "target_name": "dev", "node_id": "model.pulse_transform.stg_sports"} */
alter table "pulse"."public_public"."stg_sports__dbt_tmp" rename to "stg_sports"
[0m21:25:21.994152 [debug] [Thread-1 (]: SQL status: ALTER TABLE in 0.000 seconds
[0m21:25:21.995151 [debug] [Thread-1 (]: On model.pulse_transform.stg_sports: COMMIT
[0m21:25:21.995151 [debug] [Thread-1 (]: Using postgres connection "model.pulse_transform.stg_sports"
[0m21:25:21.996155 [debug] [Thread-1 (]: On model.pulse_transform.stg_sports: COMMIT
[0m21:25:21.997159 [debug] [Thread-1 (]: SQL status: COMMIT in 0.001 seconds
[0m21:25:21.998159 [debug] [Thread-1 (]: Applying DROP to: "pulse"."public_public"."stg_sports__dbt_backup"
[0m21:25:21.998658 [debug] [Thread-1 (]: Using postgres connection "model.pulse_transform.stg_sports"
[0m21:25:21.999159 [debug] [Thread-1 (]: On model.pulse_transform.stg_sports: /* {"app": "dbt", "dbt_version": "1.12.0", "profile_name": "pulse_transform_profile", "target_name": "dev", "node_id": "model.pulse_transform.stg_sports"} */
drop table if exists "pulse"."public_public"."stg_sports__dbt_backup" cascade
[0m21:25:22.002163 [debug] [Thread-1 (]: SQL status: DROP TABLE in 0.003 seconds
[0m21:25:22.003168 [debug] [Thread-1 (]: On model.pulse_transform.stg_sports: Close
[0m21:25:22.004168 [debug] [Thread-1 (]: Sending event: {'category': 'dbt', 'action': 'run_model', 'label': '41f6e191-c979-4d97-b430-dacf142be4c5', 'context': [<snowplow_tracker.self_describing_json.SelfDescribingJson object at 0x0000015121B98C80>]}
[0m21:25:22.004667 [info ] [Thread-1 (]: 2 of 23 OK created sql table model public_public.stg_sports .................... [[32mSELECT 1[0m in 0.06s]
[0m21:25:22.005172 [debug] [Thread-1 (]: Finished running node model.pulse_transform.stg_sports
[0m21:25:22.005172 [debug] [Thread-1 (]: Began running node model.pulse_transform.stg_weather
[0m21:25:22.005672 [info ] [Thread-1 (]: 3 of 23 START sql table model public_public.stg_weather ........................ [RUN]
[0m21:25:22.006168 [debug] [Thread-1 (]: Re-using an available connection from the pool (formerly model.pulse_transform.stg_sports, now model.pulse_transform.stg_weather)
[0m21:25:22.006671 [debug] [Thread-1 (]: Began compiling node model.pulse_transform.stg_weather
[0m21:25:22.008168 [debug] [Thread-1 (]: Writing injected SQL for node "model.pulse_transform.stg_weather"
[0m21:25:22.008667 [debug] [Thread-1 (]: Began executing node model.pulse_transform.stg_weather
[0m21:25:22.011168 [debug] [Thread-1 (]: Writing runtime sql for node "model.pulse_transform.stg_weather"
[0m21:25:22.012678 [debug] [Thread-1 (]: Using postgres connection "model.pulse_transform.stg_weather"
[0m21:25:22.013176 [debug] [Thread-1 (]: On model.pulse_transform.stg_weather: /* {"app": "dbt", "dbt_version": "1.12.0", "profile_name": "pulse_transform_profile", "target_name": "dev", "node_id": "model.pulse_transform.stg_weather"} */

  
    

  create  table "pulse"."public_public"."stg_weather__dbt_tmp"
  
  
    as
  
  (
    with source as (
    select
        id,
        source,
        raw_json::jsonb ->> 'requested_city' as city,
        raw_json::jsonb -> 'current_weather' ->> 'temperature' as temperature,
        raw_json::jsonb -> 'current_weather' ->> 'weathercode' as weather_code,
        raw_json::jsonb ->> 'requested_latitude' as latitude,
        raw_json::jsonb ->> 'requested_longitude' as longitude,
        ingested_at,
        raw_json
    from "pulse"."public"."raw_weather"
)

select
    id,
    source,
    city,
    cast(temperature as float) as temperature,
    case cast(weather_code as integer)
        when 0 then 'clear'
        when 1 then 'mainly_clear'
        when 2 then 'partly_cloudy'
        when 3 then 'overcast'
        when 45 then 'fog'
        when 48 then 'depositing_rime_fog'
        when 51 then 'drizzle_light'
        when 53 then 'drizzle_moderate'
        when 55 then 'drizzle_dense'
        when 56 then 'freezing_drizzle_light'
        when 57 then 'freezing_drizzle_dense'
        when 61 then 'rain_slight'
        when 63 then 'rain_moderate'
        when 65 then 'rain_heavy'
        when 66 then 'freezing_rain_light'
        when 67 then 'freezing_rain_heavy'
        when 71 then 'snow_fall_slight'
        when 73 then 'snow_fall_moderate'
        when 75 then 'snow_fall_heavy'
        when 77 then 'snow_grains'
        when 80 then 'rain_showers_slight'
        when 81 then 'rain_showers_moderate'
        when 82 then 'rain_showers_violent'
        when 85 then 'snow_showers_slight'
        when 86 then 'snow_showers_heavy'
        when 95 then 'thunderstorm_slight_or_moderate'
        when 96 then 'thunderstorm_hail_slight'
        when 99 then 'thunderstorm_hail_heavy'
        else 'unknown'
    end as condition,
    ingested_at,
    raw_json
from source
  );
  
[0m21:25:22.013176 [debug] [Thread-1 (]: Opening a new connection, currently in state closed
[0m21:25:22.049722 [debug] [Thread-1 (]: SQL status: SELECT 10 in 0.036 seconds
[0m21:25:22.052227 [debug] [Thread-1 (]: Using postgres connection "model.pulse_transform.stg_weather"
[0m21:25:22.052731 [debug] [Thread-1 (]: On model.pulse_transform.stg_weather: /* {"app": "dbt", "dbt_version": "1.12.0", "profile_name": "pulse_transform_profile", "target_name": "dev", "node_id": "model.pulse_transform.stg_weather"} */
alter table "pulse"."public_public"."stg_weather" rename to "stg_weather__dbt_backup"
[0m21:25:22.053231 [debug] [Thread-1 (]: SQL status: ALTER TABLE in 0.000 seconds
[0m21:25:22.055231 [debug] [Thread-1 (]: Using postgres connection "model.pulse_transform.stg_weather"
[0m21:25:22.055734 [debug] [Thread-1 (]: On model.pulse_transform.stg_weather: /* {"app": "dbt", "dbt_version": "1.12.0", "profile_name": "pulse_transform_profile", "target_name": "dev", "node_id": "model.pulse_transform.stg_weather"} */
alter table "pulse"."public_public"."stg_weather__dbt_tmp" rename to "stg_weather"
[0m21:25:22.056231 [debug] [Thread-1 (]: SQL status: ALTER TABLE in 0.000 seconds
[0m21:25:22.057733 [debug] [Thread-1 (]: On model.pulse_transform.stg_weather: COMMIT
[0m21:25:22.058231 [debug] [Thread-1 (]: Using postgres connection "model.pulse_transform.stg_weather"
[0m21:25:22.058231 [debug] [Thread-1 (]: On model.pulse_transform.stg_weather: COMMIT
[0m21:25:22.059232 [debug] [Thread-1 (]: SQL status: COMMIT in 0.001 seconds
[0m21:25:22.060731 [debug] [Thread-1 (]: Applying DROP to: "pulse"."public_public"."stg_weather__dbt_backup"
[0m21:25:22.061231 [debug] [Thread-1 (]: Using postgres connection "model.pulse_transform.stg_weather"
[0m21:25:22.061231 [debug] [Thread-1 (]: On model.pulse_transform.stg_weather: /* {"app": "dbt", "dbt_version": "1.12.0", "profile_name": "pulse_transform_profile", "target_name": "dev", "node_id": "model.pulse_transform.stg_weather"} */
drop table if exists "pulse"."public_public"."stg_weather__dbt_backup" cascade
[0m21:25:22.064742 [debug] [Thread-1 (]: SQL status: DROP TABLE in 0.003 seconds
[0m21:25:22.065743 [debug] [Thread-1 (]: On model.pulse_transform.stg_weather: Close
[0m21:25:22.066243 [debug] [Thread-1 (]: Sending event: {'category': 'dbt', 'action': 'run_model', 'label': '41f6e191-c979-4d97-b430-dacf142be4c5', 'context': [<snowplow_tracker.self_describing_json.SelfDescribingJson object at 0x00000151215D7320>]}
[0m21:25:22.066743 [info ] [Thread-1 (]: 3 of 23 OK created sql table model public_public.stg_weather ................... [[32mSELECT 10[0m in 0.06s]
[0m21:25:22.067243 [debug] [Thread-1 (]: Finished running node model.pulse_transform.stg_weather
[0m21:25:22.067743 [debug] [Thread-1 (]: Began running node test.pulse_transform.not_null_stg_crypto_coin.1a9a7af2fe
[0m21:25:22.068243 [info ] [Thread-1 (]: 4 of 23 START test not_null_stg_crypto_coin .................................... [RUN]
[0m21:25:22.068743 [debug] [Thread-1 (]: Re-using an available connection from the pool (formerly model.pulse_transform.stg_weather, now test.pulse_transform.not_null_stg_crypto_coin.1a9a7af2fe)
[0m21:25:22.068743 [debug] [Thread-1 (]: Began compiling node test.pulse_transform.not_null_stg_crypto_coin.1a9a7af2fe
[0m21:25:22.078767 [debug] [Thread-1 (]: Writing injected SQL for node "test.pulse_transform.not_null_stg_crypto_coin.1a9a7af2fe"
[0m21:25:22.079766 [debug] [Thread-1 (]: Began executing node test.pulse_transform.not_null_stg_crypto_coin.1a9a7af2fe
[0m21:25:22.094284 [debug] [Thread-1 (]: Writing runtime sql for node "test.pulse_transform.not_null_stg_crypto_coin.1a9a7af2fe"
[0m21:25:22.095285 [debug] [Thread-1 (]: Using postgres connection "test.pulse_transform.not_null_stg_crypto_coin.1a9a7af2fe"
[0m21:25:22.095285 [debug] [Thread-1 (]: On test.pulse_transform.not_null_stg_crypto_coin.1a9a7af2fe: /* {"app": "dbt", "dbt_version": "1.12.0", "profile_name": "pulse_transform_profile", "target_name": "dev", "node_id": "test.pulse_transform.not_null_stg_crypto_coin.1a9a7af2fe"} */

    
    select
      count(*) as failures,
      count(*) != 0 as should_warn,
      count(*) != 0 as should_error
    from (
      
    
  
    
    



select coin
from "pulse"."public_public"."stg_crypto"
where coin is null



  
  
      
    ) dbt_internal_test
[0m21:25:22.095785 [debug] [Thread-1 (]: Opening a new connection, currently in state closed
[0m21:25:22.123828 [debug] [Thread-1 (]: SQL status: SELECT 1 in 0.028 seconds
[0m21:25:22.126827 [debug] [Thread-1 (]: On test.pulse_transform.not_null_stg_crypto_coin.1a9a7af2fe: ROLLBACK
[0m21:25:22.127327 [debug] [Thread-1 (]: On test.pulse_transform.not_null_stg_crypto_coin.1a9a7af2fe: Close
[0m21:25:22.127828 [info ] [Thread-1 (]: 4 of 23 PASS not_null_stg_crypto_coin .......................................... [[32mPASS[0m in 0.06s]
[0m21:25:22.128326 [debug] [Thread-1 (]: Finished running node test.pulse_transform.not_null_stg_crypto_coin.1a9a7af2fe
[0m21:25:22.128826 [debug] [Thread-1 (]: Began running node test.pulse_transform.not_null_stg_crypto_id.6ded0cac78
[0m21:25:22.129328 [info ] [Thread-1 (]: 5 of 23 START test not_null_stg_crypto_id ...................................... [RUN]
[0m21:25:22.129328 [debug] [Thread-1 (]: Re-using an available connection from the pool (formerly test.pulse_transform.not_null_stg_crypto_coin.1a9a7af2fe, now test.pulse_transform.not_null_stg_crypto_id.6ded0cac78)
[0m21:25:22.129828 [debug] [Thread-1 (]: Began compiling node test.pulse_transform.not_null_stg_crypto_id.6ded0cac78
[0m21:25:22.134835 [debug] [Thread-1 (]: Writing injected SQL for node "test.pulse_transform.not_null_stg_crypto_id.6ded0cac78"
[0m21:25:22.135337 [debug] [Thread-1 (]: Began executing node test.pulse_transform.not_null_stg_crypto_id.6ded0cac78
[0m21:25:22.136835 [debug] [Thread-1 (]: Writing runtime sql for node "test.pulse_transform.not_null_stg_crypto_id.6ded0cac78"
[0m21:25:22.137334 [debug] [Thread-1 (]: Using postgres connection "test.pulse_transform.not_null_stg_crypto_id.6ded0cac78"
[0m21:25:22.137836 [debug] [Thread-1 (]: On test.pulse_transform.not_null_stg_crypto_id.6ded0cac78: /* {"app": "dbt", "dbt_version": "1.12.0", "profile_name": "pulse_transform_profile", "target_name": "dev", "node_id": "test.pulse_transform.not_null_stg_crypto_id.6ded0cac78"} */

    
    select
      count(*) as failures,
      count(*) != 0 as should_warn,
      count(*) != 0 as should_error
    from (
      
    
  
    
    



select id
from "pulse"."public_public"."stg_crypto"
where id is null



  
  
      
    ) dbt_internal_test
[0m21:25:22.138336 [debug] [Thread-1 (]: Opening a new connection, currently in state closed
[0m21:25:22.167367 [debug] [Thread-1 (]: SQL status: SELECT 1 in 0.029 seconds
[0m21:25:22.168867 [debug] [Thread-1 (]: On test.pulse_transform.not_null_stg_crypto_id.6ded0cac78: ROLLBACK
[0m21:25:22.169366 [debug] [Thread-1 (]: On test.pulse_transform.not_null_stg_crypto_id.6ded0cac78: Close
[0m21:25:22.169866 [info ] [Thread-1 (]: 5 of 23 PASS not_null_stg_crypto_id ............................................ [[32mPASS[0m in 0.04s]
[0m21:25:22.170366 [debug] [Thread-1 (]: Finished running node test.pulse_transform.not_null_stg_crypto_id.6ded0cac78
[0m21:25:22.170866 [debug] [Thread-1 (]: Began running node test.pulse_transform.not_null_stg_crypto_price_usd.366c53d8e4
[0m21:25:22.170866 [info ] [Thread-1 (]: 6 of 23 START test not_null_stg_crypto_price_usd ............................... [RUN]
[0m21:25:22.171872 [debug] [Thread-1 (]: Re-using an available connection from the pool (formerly test.pulse_transform.not_null_stg_crypto_id.6ded0cac78, now test.pulse_transform.not_null_stg_crypto_price_usd.366c53d8e4)
[0m21:25:22.171872 [debug] [Thread-1 (]: Began compiling node test.pulse_transform.not_null_stg_crypto_price_usd.366c53d8e4
[0m21:25:22.177376 [debug] [Thread-1 (]: Writing injected SQL for node "test.pulse_transform.not_null_stg_crypto_price_usd.366c53d8e4"
[0m21:25:22.178377 [debug] [Thread-1 (]: Began executing node test.pulse_transform.not_null_stg_crypto_price_usd.366c53d8e4
[0m21:25:22.179877 [debug] [Thread-1 (]: Writing runtime sql for node "test.pulse_transform.not_null_stg_crypto_price_usd.366c53d8e4"
[0m21:25:22.180376 [debug] [Thread-1 (]: Using postgres connection "test.pulse_transform.not_null_stg_crypto_price_usd.366c53d8e4"
[0m21:25:22.180879 [debug] [Thread-1 (]: On test.pulse_transform.not_null_stg_crypto_price_usd.366c53d8e4: /* {"app": "dbt", "dbt_version": "1.12.0", "profile_name": "pulse_transform_profile", "target_name": "dev", "node_id": "test.pulse_transform.not_null_stg_crypto_price_usd.366c53d8e4"} */

    
    select
      count(*) as failures,
      count(*) != 0 as should_warn,
      count(*) != 0 as should_error
    from (
      
    
  
    
    



select price_usd
from "pulse"."public_public"."stg_crypto"
where price_usd is null



  
  
      
    ) dbt_internal_test
[0m21:25:22.180879 [debug] [Thread-1 (]: Opening a new connection, currently in state closed
[0m21:25:22.210925 [debug] [Thread-1 (]: SQL status: SELECT 1 in 0.030 seconds
[0m21:25:22.211927 [debug] [Thread-1 (]: On test.pulse_transform.not_null_stg_crypto_price_usd.366c53d8e4: ROLLBACK
[0m21:25:22.212431 [debug] [Thread-1 (]: On test.pulse_transform.not_null_stg_crypto_price_usd.366c53d8e4: Close
[0m21:25:22.213433 [error] [Thread-1 (]: 6 of 23 FAIL 1 not_null_stg_crypto_price_usd ................................... [[31mFAIL 1[0m in 0.04s]
[0m21:25:22.213933 [debug] [Thread-1 (]: Finished running node test.pulse_transform.not_null_stg_crypto_price_usd.366c53d8e4
[0m21:25:22.213933 [debug] [Thread-1 (]: Began running node test.pulse_transform.unique_stg_crypto_id.a906923065
[0m21:25:22.214434 [debug] [Thread-4 (]: Marking all children of 'test.pulse_transform.not_null_stg_crypto_price_usd.366c53d8e4' to be skipped because of status 'fail'.  Reason: Got 1 result, configured to fail if != 0.
[0m21:25:22.214933 [info ] [Thread-1 (]: 7 of 23 START test unique_stg_crypto_id ........................................ [RUN]
[0m21:25:22.215431 [debug] [Thread-1 (]: Re-using an available connection from the pool (formerly test.pulse_transform.not_null_stg_crypto_price_usd.366c53d8e4, now test.pulse_transform.unique_stg_crypto_id.a906923065)
[0m21:25:22.215431 [debug] [Thread-1 (]: Began compiling node test.pulse_transform.unique_stg_crypto_id.a906923065
[0m21:25:22.221936 [debug] [Thread-1 (]: Writing injected SQL for node "test.pulse_transform.unique_stg_crypto_id.a906923065"
[0m21:25:22.222940 [debug] [Thread-1 (]: Began executing node test.pulse_transform.unique_stg_crypto_id.a906923065
[0m21:25:22.223940 [debug] [Thread-1 (]: Writing runtime sql for node "test.pulse_transform.unique_stg_crypto_id.a906923065"
[0m21:25:22.224940 [debug] [Thread-1 (]: Using postgres connection "test.pulse_transform.unique_stg_crypto_id.a906923065"
[0m21:25:22.224940 [debug] [Thread-1 (]: On test.pulse_transform.unique_stg_crypto_id.a906923065: /* {"app": "dbt", "dbt_version": "1.12.0", "profile_name": "pulse_transform_profile", "target_name": "dev", "node_id": "test.pulse_transform.unique_stg_crypto_id.a906923065"} */

    
    select
      count(*) as failures,
      count(*) != 0 as should_warn,
      count(*) != 0 as should_error
    from (
      
    
  
    
    

select
    id as unique_field,
    count(*) as n_records

from "pulse"."public_public"."stg_crypto"
where id is not null
group by id
having count(*) > 1



  
  
      
    ) dbt_internal_test
[0m21:25:22.225441 [debug] [Thread-1 (]: Opening a new connection, currently in state closed
[0m21:25:22.253981 [debug] [Thread-1 (]: SQL status: SELECT 1 in 0.029 seconds
[0m21:25:22.255481 [debug] [Thread-1 (]: On test.pulse_transform.unique_stg_crypto_id.a906923065: ROLLBACK
[0m21:25:22.255981 [debug] [Thread-1 (]: On test.pulse_transform.unique_stg_crypto_id.a906923065: Close
[0m21:25:22.256482 [info ] [Thread-1 (]: 7 of 23 PASS unique_stg_crypto_id .............................................. [[32mPASS[0m in 0.04s]
[0m21:25:22.256982 [debug] [Thread-1 (]: Finished running node test.pulse_transform.unique_stg_crypto_id.a906923065
[0m21:25:22.257481 [debug] [Thread-1 (]: Began running node test.pulse_transform.not_null_stg_sports_away_score.8a079e60bc
[0m21:25:22.257981 [info ] [Thread-1 (]: 8 of 23 START test not_null_stg_sports_away_score .............................. [RUN]
[0m21:25:22.258982 [debug] [Thread-1 (]: Re-using an available connection from the pool (formerly test.pulse_transform.unique_stg_crypto_id.a906923065, now test.pulse_transform.not_null_stg_sports_away_score.8a079e60bc)
[0m21:25:22.258982 [debug] [Thread-1 (]: Began compiling node test.pulse_transform.not_null_stg_sports_away_score.8a079e60bc
[0m21:25:22.265994 [debug] [Thread-1 (]: Writing injected SQL for node "test.pulse_transform.not_null_stg_sports_away_score.8a079e60bc"
[0m21:25:22.266996 [debug] [Thread-1 (]: Began executing node test.pulse_transform.not_null_stg_sports_away_score.8a079e60bc
[0m21:25:22.268994 [debug] [Thread-1 (]: Writing runtime sql for node "test.pulse_transform.not_null_stg_sports_away_score.8a079e60bc"
[0m21:25:22.269994 [debug] [Thread-1 (]: Using postgres connection "test.pulse_transform.not_null_stg_sports_away_score.8a079e60bc"
[0m21:25:22.269994 [debug] [Thread-1 (]: On test.pulse_transform.not_null_stg_sports_away_score.8a079e60bc: /* {"app": "dbt", "dbt_version": "1.12.0", "profile_name": "pulse_transform_profile", "target_name": "dev", "node_id": "test.pulse_transform.not_null_stg_sports_away_score.8a079e60bc"} */

    
    select
      count(*) as failures,
      count(*) != 0 as should_warn,
      count(*) != 0 as should_error
    from (
      
    
  
    
    



select away_score
from "pulse"."public_public"."stg_sports"
where away_score is null



  
  
      
    ) dbt_internal_test
[0m21:25:22.269994 [debug] [Thread-1 (]: Opening a new connection, currently in state closed
[0m21:25:22.299028 [debug] [Thread-1 (]: SQL status: SELECT 1 in 0.029 seconds
[0m21:25:22.300529 [debug] [Thread-1 (]: On test.pulse_transform.not_null_stg_sports_away_score.8a079e60bc: ROLLBACK
[0m21:25:22.301030 [debug] [Thread-1 (]: On test.pulse_transform.not_null_stg_sports_away_score.8a079e60bc: Close
[0m21:25:22.301030 [info ] [Thread-1 (]: 8 of 23 PASS not_null_stg_sports_away_score .................................... [[32mPASS[0m in 0.04s]
[0m21:25:22.302033 [debug] [Thread-1 (]: Finished running node test.pulse_transform.not_null_stg_sports_away_score.8a079e60bc
[0m21:25:22.302539 [debug] [Thread-1 (]: Began running node test.pulse_transform.not_null_stg_sports_away_team.cfb7ffdcd4
[0m21:25:22.302539 [info ] [Thread-1 (]: 9 of 23 START test not_null_stg_sports_away_team ............................... [RUN]
[0m21:25:22.303038 [debug] [Thread-1 (]: Re-using an available connection from the pool (formerly test.pulse_transform.not_null_stg_sports_away_score.8a079e60bc, now test.pulse_transform.not_null_stg_sports_away_team.cfb7ffdcd4)
[0m21:25:22.303538 [debug] [Thread-1 (]: Began compiling node test.pulse_transform.not_null_stg_sports_away_team.cfb7ffdcd4
[0m21:25:22.309537 [debug] [Thread-1 (]: Writing injected SQL for node "test.pulse_transform.not_null_stg_sports_away_team.cfb7ffdcd4"
[0m21:25:22.310539 [debug] [Thread-1 (]: Began executing node test.pulse_transform.not_null_stg_sports_away_team.cfb7ffdcd4
[0m21:25:22.312042 [debug] [Thread-1 (]: Writing runtime sql for node "test.pulse_transform.not_null_stg_sports_away_team.cfb7ffdcd4"
[0m21:25:22.312547 [debug] [Thread-1 (]: Using postgres connection "test.pulse_transform.not_null_stg_sports_away_team.cfb7ffdcd4"
[0m21:25:22.313047 [debug] [Thread-1 (]: On test.pulse_transform.not_null_stg_sports_away_team.cfb7ffdcd4: /* {"app": "dbt", "dbt_version": "1.12.0", "profile_name": "pulse_transform_profile", "target_name": "dev", "node_id": "test.pulse_transform.not_null_stg_sports_away_team.cfb7ffdcd4"} */

    
    select
      count(*) as failures,
      count(*) != 0 as should_warn,
      count(*) != 0 as should_error
    from (
      
    
  
    
    



select away_team
from "pulse"."public_public"."stg_sports"
where away_team is null



  
  
      
    ) dbt_internal_test
[0m21:25:22.313548 [debug] [Thread-1 (]: Opening a new connection, currently in state closed
[0m21:25:22.451015 [debug] [Thread-1 (]: SQL status: SELECT 1 in 0.137 seconds
[0m21:25:22.452525 [debug] [Thread-1 (]: On test.pulse_transform.not_null_stg_sports_away_team.cfb7ffdcd4: ROLLBACK
[0m21:25:22.453023 [debug] [Thread-1 (]: On test.pulse_transform.not_null_stg_sports_away_team.cfb7ffdcd4: Close
[0m21:25:22.454024 [info ] [Thread-1 (]: 9 of 23 PASS not_null_stg_sports_away_team ..................................... [[32mPASS[0m in 0.15s]
[0m21:25:22.454525 [debug] [Thread-1 (]: Finished running node test.pulse_transform.not_null_stg_sports_away_team.cfb7ffdcd4
[0m21:25:22.455024 [debug] [Thread-1 (]: Began running node test.pulse_transform.not_null_stg_sports_game_date.7a0e7af6c4
[0m21:25:22.455524 [info ] [Thread-1 (]: 10 of 23 START test not_null_stg_sports_game_date .............................. [RUN]
[0m21:25:22.456023 [debug] [Thread-1 (]: Re-using an available connection from the pool (formerly test.pulse_transform.not_null_stg_sports_away_team.cfb7ffdcd4, now test.pulse_transform.not_null_stg_sports_game_date.7a0e7af6c4)
[0m21:25:22.456524 [debug] [Thread-1 (]: Began compiling node test.pulse_transform.not_null_stg_sports_game_date.7a0e7af6c4
[0m21:25:22.463035 [debug] [Thread-1 (]: Writing injected SQL for node "test.pulse_transform.not_null_stg_sports_game_date.7a0e7af6c4"
[0m21:25:22.464036 [debug] [Thread-1 (]: Began executing node test.pulse_transform.not_null_stg_sports_game_date.7a0e7af6c4
[0m21:25:22.465535 [debug] [Thread-1 (]: Writing runtime sql for node "test.pulse_transform.not_null_stg_sports_game_date.7a0e7af6c4"
[0m21:25:22.466534 [debug] [Thread-1 (]: Using postgres connection "test.pulse_transform.not_null_stg_sports_game_date.7a0e7af6c4"
[0m21:25:22.467036 [debug] [Thread-1 (]: On test.pulse_transform.not_null_stg_sports_game_date.7a0e7af6c4: /* {"app": "dbt", "dbt_version": "1.12.0", "profile_name": "pulse_transform_profile", "target_name": "dev", "node_id": "test.pulse_transform.not_null_stg_sports_game_date.7a0e7af6c4"} */

    
    select
      count(*) as failures,
      count(*) != 0 as should_warn,
      count(*) != 0 as should_error
    from (
      
    
  
    
    



select game_date
from "pulse"."public_public"."stg_sports"
where game_date is null



  
  
      
    ) dbt_internal_test
[0m21:25:22.467535 [debug] [Thread-1 (]: Opening a new connection, currently in state closed
[0m21:25:22.501082 [debug] [Thread-1 (]: SQL status: SELECT 1 in 0.034 seconds
[0m21:25:22.503090 [debug] [Thread-1 (]: On test.pulse_transform.not_null_stg_sports_game_date.7a0e7af6c4: ROLLBACK
[0m21:25:22.504094 [debug] [Thread-1 (]: On test.pulse_transform.not_null_stg_sports_game_date.7a0e7af6c4: Close
[0m21:25:22.504595 [info ] [Thread-1 (]: 10 of 23 PASS not_null_stg_sports_game_date .................................... [[32mPASS[0m in 0.05s]
[0m21:25:22.505594 [debug] [Thread-1 (]: Finished running node test.pulse_transform.not_null_stg_sports_game_date.7a0e7af6c4
[0m21:25:22.506093 [debug] [Thread-1 (]: Began running node test.pulse_transform.not_null_stg_sports_home_score.e8726cdba9
[0m21:25:22.506594 [info ] [Thread-1 (]: 11 of 23 START test not_null_stg_sports_home_score ............................. [RUN]
[0m21:25:22.507094 [debug] [Thread-1 (]: Re-using an available connection from the pool (formerly test.pulse_transform.not_null_stg_sports_game_date.7a0e7af6c4, now test.pulse_transform.not_null_stg_sports_home_score.e8726cdba9)
[0m21:25:22.507599 [debug] [Thread-1 (]: Began compiling node test.pulse_transform.not_null_stg_sports_home_score.e8726cdba9
[0m21:25:22.514111 [debug] [Thread-1 (]: Writing injected SQL for node "test.pulse_transform.not_null_stg_sports_home_score.e8726cdba9"
[0m21:25:22.515108 [debug] [Thread-1 (]: Began executing node test.pulse_transform.not_null_stg_sports_home_score.e8726cdba9
[0m21:25:22.516607 [debug] [Thread-1 (]: Writing runtime sql for node "test.pulse_transform.not_null_stg_sports_home_score.e8726cdba9"
[0m21:25:22.517609 [debug] [Thread-1 (]: Using postgres connection "test.pulse_transform.not_null_stg_sports_home_score.e8726cdba9"
[0m21:25:22.517609 [debug] [Thread-1 (]: On test.pulse_transform.not_null_stg_sports_home_score.e8726cdba9: /* {"app": "dbt", "dbt_version": "1.12.0", "profile_name": "pulse_transform_profile", "target_name": "dev", "node_id": "test.pulse_transform.not_null_stg_sports_home_score.e8726cdba9"} */

    
    select
      count(*) as failures,
      count(*) != 0 as should_warn,
      count(*) != 0 as should_error
    from (
      
    
  
    
    



select home_score
from "pulse"."public_public"."stg_sports"
where home_score is null



  
  
      
    ) dbt_internal_test
[0m21:25:22.518109 [debug] [Thread-1 (]: Opening a new connection, currently in state closed
[0m21:25:22.550147 [debug] [Thread-1 (]: SQL status: SELECT 1 in 0.032 seconds
[0m21:25:22.551651 [debug] [Thread-1 (]: On test.pulse_transform.not_null_stg_sports_home_score.e8726cdba9: ROLLBACK
[0m21:25:22.552156 [debug] [Thread-1 (]: On test.pulse_transform.not_null_stg_sports_home_score.e8726cdba9: Close
[0m21:25:22.552655 [info ] [Thread-1 (]: 11 of 23 PASS not_null_stg_sports_home_score ................................... [[32mPASS[0m in 0.05s]
[0m21:25:22.553658 [debug] [Thread-1 (]: Finished running node test.pulse_transform.not_null_stg_sports_home_score.e8726cdba9
[0m21:25:22.553658 [debug] [Thread-1 (]: Began running node test.pulse_transform.not_null_stg_sports_home_team.9d8def7714
[0m21:25:22.554155 [info ] [Thread-1 (]: 12 of 23 START test not_null_stg_sports_home_team .............................. [RUN]
[0m21:25:22.554656 [debug] [Thread-1 (]: Re-using an available connection from the pool (formerly test.pulse_transform.not_null_stg_sports_home_score.e8726cdba9, now test.pulse_transform.not_null_stg_sports_home_team.9d8def7714)
[0m21:25:22.555155 [debug] [Thread-1 (]: Began compiling node test.pulse_transform.not_null_stg_sports_home_team.9d8def7714
[0m21:25:22.560655 [debug] [Thread-1 (]: Writing injected SQL for node "test.pulse_transform.not_null_stg_sports_home_team.9d8def7714"
[0m21:25:22.561157 [debug] [Thread-1 (]: Began executing node test.pulse_transform.not_null_stg_sports_home_team.9d8def7714
[0m21:25:22.564169 [debug] [Thread-1 (]: Writing runtime sql for node "test.pulse_transform.not_null_stg_sports_home_team.9d8def7714"
[0m21:25:22.565172 [debug] [Thread-1 (]: Using postgres connection "test.pulse_transform.not_null_stg_sports_home_team.9d8def7714"
[0m21:25:22.565172 [debug] [Thread-1 (]: On test.pulse_transform.not_null_stg_sports_home_team.9d8def7714: /* {"app": "dbt", "dbt_version": "1.12.0", "profile_name": "pulse_transform_profile", "target_name": "dev", "node_id": "test.pulse_transform.not_null_stg_sports_home_team.9d8def7714"} */

    
    select
      count(*) as failures,
      count(*) != 0 as should_warn,
      count(*) != 0 as should_error
    from (
      
    
  
    
    



select home_team
from "pulse"."public_public"."stg_sports"
where home_team is null



  
  
      
    ) dbt_internal_test
[0m21:25:22.565671 [debug] [Thread-1 (]: Opening a new connection, currently in state closed
[0m21:25:22.597706 [debug] [Thread-1 (]: SQL status: SELECT 1 in 0.032 seconds
[0m21:25:22.599703 [debug] [Thread-1 (]: On test.pulse_transform.not_null_stg_sports_home_team.9d8def7714: ROLLBACK
[0m21:25:22.600705 [debug] [Thread-1 (]: On test.pulse_transform.not_null_stg_sports_home_team.9d8def7714: Close
[0m21:25:22.601205 [info ] [Thread-1 (]: 12 of 23 PASS not_null_stg_sports_home_team .................................... [[32mPASS[0m in 0.05s]
[0m21:25:22.601205 [debug] [Thread-1 (]: Finished running node test.pulse_transform.not_null_stg_sports_home_team.9d8def7714
[0m21:25:22.602209 [debug] [Thread-1 (]: Began running node test.pulse_transform.not_null_stg_sports_id.a70dda288b
[0m21:25:22.602713 [info ] [Thread-1 (]: 13 of 23 START test not_null_stg_sports_id ..................................... [RUN]
[0m21:25:22.603214 [debug] [Thread-1 (]: Re-using an available connection from the pool (formerly test.pulse_transform.not_null_stg_sports_home_team.9d8def7714, now test.pulse_transform.not_null_stg_sports_id.a70dda288b)
[0m21:25:22.603214 [debug] [Thread-1 (]: Began compiling node test.pulse_transform.not_null_stg_sports_id.a70dda288b
[0m21:25:22.608713 [debug] [Thread-1 (]: Writing injected SQL for node "test.pulse_transform.not_null_stg_sports_id.a70dda288b"
[0m21:25:22.609713 [debug] [Thread-1 (]: Began executing node test.pulse_transform.not_null_stg_sports_id.a70dda288b
[0m21:25:22.610712 [debug] [Thread-1 (]: Writing runtime sql for node "test.pulse_transform.not_null_stg_sports_id.a70dda288b"
[0m21:25:22.611212 [debug] [Thread-1 (]: Using postgres connection "test.pulse_transform.not_null_stg_sports_id.a70dda288b"
[0m21:25:22.612216 [debug] [Thread-1 (]: On test.pulse_transform.not_null_stg_sports_id.a70dda288b: /* {"app": "dbt", "dbt_version": "1.12.0", "profile_name": "pulse_transform_profile", "target_name": "dev", "node_id": "test.pulse_transform.not_null_stg_sports_id.a70dda288b"} */

    
    select
      count(*) as failures,
      count(*) != 0 as should_warn,
      count(*) != 0 as should_error
    from (
      
    
  
    
    



select id
from "pulse"."public_public"."stg_sports"
where id is null



  
  
      
    ) dbt_internal_test
[0m21:25:22.612216 [debug] [Thread-1 (]: Opening a new connection, currently in state closed
[0m21:25:22.641248 [debug] [Thread-1 (]: SQL status: SELECT 1 in 0.029 seconds
[0m21:25:22.642759 [debug] [Thread-1 (]: On test.pulse_transform.not_null_stg_sports_id.a70dda288b: ROLLBACK
[0m21:25:22.643259 [debug] [Thread-1 (]: On test.pulse_transform.not_null_stg_sports_id.a70dda288b: Close
[0m21:25:22.643757 [info ] [Thread-1 (]: 13 of 23 PASS not_null_stg_sports_id ........................................... [[32mPASS[0m in 0.04s]
[0m21:25:22.644756 [debug] [Thread-1 (]: Finished running node test.pulse_transform.not_null_stg_sports_id.a70dda288b
[0m21:25:22.644756 [debug] [Thread-1 (]: Began running node test.pulse_transform.accepted_values_stg_weather_condition__clear__mainly_clear__partly_cloudy__overcast__fog__depositing_rime_fog__drizzle_light__drizzle_moderate__drizzle_dense__freezing_drizzle_light__freezing_drizzle_dense__rain_slight__rain_moderate__rain_heavy__freezing_rain_light__freezing_rain_heavy__snow_fall_slight__snow_fall_moderate__snow_fall_heavy__snow_grains__rain_showers_slight__rain_showers_moderate__rain_showers_violent__snow_showers_slight__snow_showers_heavy__thunderstorm_slight_or_moderate__thunderstorm_hail_slight__thunderstorm_hail_heavy__unknown.49df99636f
[0m21:25:22.645256 [info ] [Thread-1 (]: 14 of 23 START test accepted_values_stg_weather_condition__clear__mainly_clear__partly_cloudy__overcast__fog__depositing_rime_fog__drizzle_light__drizzle_moderate__drizzle_dense__freezing_drizzle_light__freezing_drizzle_dense__rain_slight__rain_moderate__rain_heavy__freezing_rain_light__freezing_rain_heavy__snow_fall_slight__snow_fall_moderate__snow_fall_heavy__snow_grains__rain_showers_slight__rain_showers_moderate__rain_showers_violent__snow_showers_slight__snow_showers_heavy__thunderstorm_slight_or_moderate__thunderstorm_hail_slight__thunderstorm_hail_heavy__unknown  [RUN]
[0m21:25:22.645756 [debug] [Thread-1 (]: Re-using an available connection from the pool (formerly test.pulse_transform.not_null_stg_sports_id.a70dda288b, now test.pulse_transform.accepted_values_stg_weather_condition__clear__mainly_clear__partly_cloudy__overcast__fog__depositing_rime_fog__drizzle_light__drizzle_moderate__drizzle_dense__freezing_drizzle_light__freezing_drizzle_dense__rain_slight__rain_moderate__rain_heavy__freezing_rain_light__freezing_rain_heavy__snow_fall_slight__snow_fall_moderate__snow_fall_heavy__snow_grains__rain_showers_slight__rain_showers_moderate__rain_showers_violent__snow_showers_slight__snow_showers_heavy__thunderstorm_slight_or_moderate__thunderstorm_hail_slight__thunderstorm_hail_heavy__unknown.49df99636f)
[0m21:25:22.646258 [debug] [Thread-1 (]: Began compiling node test.pulse_transform.accepted_values_stg_weather_condition__clear__mainly_clear__partly_cloudy__overcast__fog__depositing_rime_fog__drizzle_light__drizzle_moderate__drizzle_dense__freezing_drizzle_light__freezing_drizzle_dense__rain_slight__rain_moderate__rain_heavy__freezing_rain_light__freezing_rain_heavy__snow_fall_slight__snow_fall_moderate__snow_fall_heavy__snow_grains__rain_showers_slight__rain_showers_moderate__rain_showers_violent__snow_showers_slight__snow_showers_heavy__thunderstorm_slight_or_moderate__thunderstorm_hail_slight__thunderstorm_hail_heavy__unknown.49df99636f
[0m21:25:22.651256 [debug] [Thread-1 (]: Writing injected SQL for node "test.pulse_transform.accepted_values_stg_weather_condition__clear__mainly_clear__partly_cloudy__overcast__fog__depositing_rime_fog__drizzle_light__drizzle_moderate__drizzle_dense__freezing_drizzle_light__freezing_drizzle_dense__rain_slight__rain_moderate__rain_heavy__freezing_rain_light__freezing_rain_heavy__snow_fall_slight__snow_fall_moderate__snow_fall_heavy__snow_grains__rain_showers_slight__rain_showers_moderate__rain_showers_violent__snow_showers_slight__snow_showers_heavy__thunderstorm_slight_or_moderate__thunderstorm_hail_slight__thunderstorm_hail_heavy__unknown.49df99636f"
[0m21:25:22.653262 [debug] [Thread-1 (]: Began executing node test.pulse_transform.accepted_values_stg_weather_condition__clear__mainly_clear__partly_cloudy__overcast__fog__depositing_rime_fog__drizzle_light__drizzle_moderate__drizzle_dense__freezing_drizzle_light__freezing_drizzle_dense__rain_slight__rain_moderate__rain_heavy__freezing_rain_light__freezing_rain_heavy__snow_fall_slight__snow_fall_moderate__snow_fall_heavy__snow_grains__rain_showers_slight__rain_showers_moderate__rain_showers_violent__snow_showers_slight__snow_showers_heavy__thunderstorm_slight_or_moderate__thunderstorm_hail_slight__thunderstorm_hail_heavy__unknown.49df99636f
[0m21:25:22.654768 [debug] [Thread-1 (]: Writing runtime sql for node "test.pulse_transform.accepted_values_stg_weather_condition__clear__mainly_clear__partly_cloudy__overcast__fog__depositing_rime_fog__drizzle_light__drizzle_moderate__drizzle_dense__freezing_drizzle_light__freezing_drizzle_dense__rain_slight__rain_moderate__rain_heavy__freezing_rain_light__freezing_rain_heavy__snow_fall_slight__snow_fall_moderate__snow_fall_heavy__snow_grains__rain_showers_slight__rain_showers_moderate__rain_showers_violent__snow_showers_slight__snow_showers_heavy__thunderstorm_slight_or_moderate__thunderstorm_hail_slight__thunderstorm_hail_heavy__unknown.49df99636f"
[0m21:25:22.655766 [debug] [Thread-1 (]: Using postgres connection "test.pulse_transform.accepted_values_stg_weather_condition__clear__mainly_clear__partly_cloudy__overcast__fog__depositing_rime_fog__drizzle_light__drizzle_moderate__drizzle_dense__freezing_drizzle_light__freezing_drizzle_dense__rain_slight__rain_moderate__rain_heavy__freezing_rain_light__freezing_rain_heavy__snow_fall_slight__snow_fall_moderate__snow_fall_heavy__snow_grains__rain_showers_slight__rain_showers_moderate__rain_showers_violent__snow_showers_slight__snow_showers_heavy__thunderstorm_slight_or_moderate__thunderstorm_hail_slight__thunderstorm_hail_heavy__unknown.49df99636f"
[0m21:25:22.656266 [debug] [Thread-1 (]: On test.pulse_transform.accepted_values_stg_weather_condition__clear__mainly_clear__partly_cloudy__overcast__fog__depositing_rime_fog__drizzle_light__drizzle_moderate__drizzle_dense__freezing_drizzle_light__freezing_drizzle_dense__rain_slight__rain_moderate__rain_heavy__freezing_rain_light__freezing_rain_heavy__snow_fall_slight__snow_fall_moderate__snow_fall_heavy__snow_grains__rain_showers_slight__rain_showers_moderate__rain_showers_violent__snow_showers_slight__snow_showers_heavy__thunderstorm_slight_or_moderate__thunderstorm_hail_slight__thunderstorm_hail_heavy__unknown.49df99636f: /* {"app": "dbt", "dbt_version": "1.12.0", "profile_name": "pulse_transform_profile", "target_name": "dev", "node_id": "test.pulse_transform.accepted_values_stg_weather_condition__clear__mainly_clear__partly_cloudy__overcast__fog__depositing_rime_fog__drizzle_light__drizzle_moderate__drizzle_dense__freezing_drizzle_light__freezing_drizzle_dense__rain_slight__rain_moderate__rain_heavy__freezing_rain_light__freezing_rain_heavy__snow_fall_slight__snow_fall_moderate__snow_fall_heavy__snow_grains__rain_showers_slight__rain_showers_moderate__rain_showers_violent__snow_showers_slight__snow_showers_heavy__thunderstorm_slight_or_moderate__thunderstorm_hail_slight__thunderstorm_hail_heavy__unknown.49df99636f"} */

    
    select
      count(*) as failures,
      count(*) != 0 as should_warn,
      count(*) != 0 as should_error
    from (
      
    
  
    
    

with all_values as (

    select
        condition as value_field,
        count(*) as n_records

    from "pulse"."public_public"."stg_weather"
    group by condition

)

select *
from all_values
where value_field not in (
    'clear','mainly_clear','partly_cloudy','overcast','fog','depositing_rime_fog','drizzle_light','drizzle_moderate','drizzle_dense','freezing_drizzle_light','freezing_drizzle_dense','rain_slight','rain_moderate','rain_heavy','freezing_rain_light','freezing_rain_heavy','snow_fall_slight','snow_fall_moderate','snow_fall_heavy','snow_grains','rain_showers_slight','rain_showers_moderate','rain_showers_violent','snow_showers_slight','snow_showers_heavy','thunderstorm_slight_or_moderate','thunderstorm_hail_slight','thunderstorm_hail_heavy','unknown'
)



  
  
      
    ) dbt_internal_test
[0m21:25:22.656266 [debug] [Thread-1 (]: Opening a new connection, currently in state closed
[0m21:25:22.687806 [debug] [Thread-1 (]: SQL status: SELECT 1 in 0.031 seconds
[0m21:25:22.689305 [debug] [Thread-1 (]: On test.pulse_transform.accepted_values_stg_weather_condition__clear__mainly_clear__partly_cloudy__overcast__fog__depositing_rime_fog__drizzle_light__drizzle_moderate__drizzle_dense__freezing_drizzle_light__freezing_drizzle_dense__rain_slight__rain_moderate__rain_heavy__freezing_rain_light__freezing_rain_heavy__snow_fall_slight__snow_fall_moderate__snow_fall_heavy__snow_grains__rain_showers_slight__rain_showers_moderate__rain_showers_violent__snow_showers_slight__snow_showers_heavy__thunderstorm_slight_or_moderate__thunderstorm_hail_slight__thunderstorm_hail_heavy__unknown.49df99636f: ROLLBACK
[0m21:25:22.689806 [debug] [Thread-1 (]: On test.pulse_transform.accepted_values_stg_weather_condition__clear__mainly_clear__partly_cloudy__overcast__fog__depositing_rime_fog__drizzle_light__drizzle_moderate__drizzle_dense__freezing_drizzle_light__freezing_drizzle_dense__rain_slight__rain_moderate__rain_heavy__freezing_rain_light__freezing_rain_heavy__snow_fall_slight__snow_fall_moderate__snow_fall_heavy__snow_grains__rain_showers_slight__rain_showers_moderate__rain_showers_violent__snow_showers_slight__snow_showers_heavy__thunderstorm_slight_or_moderate__thunderstorm_hail_slight__thunderstorm_hail_heavy__unknown.49df99636f: Close
[0m21:25:22.690805 [info ] [Thread-1 (]: 14 of 23 PASS accepted_values_stg_weather_condition__clear__mainly_clear__partly_cloudy__overcast__fog__depositing_rime_fog__drizzle_light__drizzle_moderate__drizzle_dense__freezing_drizzle_light__freezing_drizzle_dense__rain_slight__rain_moderate__rain_heavy__freezing_rain_light__freezing_rain_heavy__snow_fall_slight__snow_fall_moderate__snow_fall_heavy__snow_grains__rain_showers_slight__rain_showers_moderate__rain_showers_violent__snow_showers_slight__snow_showers_heavy__thunderstorm_slight_or_moderate__thunderstorm_hail_slight__thunderstorm_hail_heavy__unknown  [[32mPASS[0m in 0.04s]
[0m21:25:22.690805 [debug] [Thread-1 (]: Finished running node test.pulse_transform.accepted_values_stg_weather_condition__clear__mainly_clear__partly_cloudy__overcast__fog__depositing_rime_fog__drizzle_light__drizzle_moderate__drizzle_dense__freezing_drizzle_light__freezing_drizzle_dense__rain_slight__rain_moderate__rain_heavy__freezing_rain_light__freezing_rain_heavy__snow_fall_slight__snow_fall_moderate__snow_fall_heavy__snow_grains__rain_showers_slight__rain_showers_moderate__rain_showers_violent__snow_showers_slight__snow_showers_heavy__thunderstorm_slight_or_moderate__thunderstorm_hail_slight__thunderstorm_hail_heavy__unknown.49df99636f
[0m21:25:22.691809 [debug] [Thread-1 (]: Began running node test.pulse_transform.not_null_stg_weather_city.c03e0c0127
[0m21:25:22.691809 [info ] [Thread-1 (]: 15 of 23 START test not_null_stg_weather_city .................................. [RUN]
[0m21:25:22.692813 [debug] [Thread-1 (]: Re-using an available connection from the pool (formerly test.pulse_transform.accepted_values_stg_weather_condition__clear__mainly_clear__partly_cloudy__overcast__fog__depositing_rime_fog__drizzle_light__drizzle_moderate__drizzle_dense__freezing_drizzle_light__freezing_drizzle_dense__rain_slight__rain_moderate__rain_heavy__freezing_rain_light__freezing_rain_heavy__snow_fall_slight__snow_fall_moderate__snow_fall_heavy__snow_grains__rain_showers_slight__rain_showers_moderate__rain_showers_violent__snow_showers_slight__snow_showers_heavy__thunderstorm_slight_or_moderate__thunderstorm_hail_slight__thunderstorm_hail_heavy__unknown.49df99636f, now test.pulse_transform.not_null_stg_weather_city.c03e0c0127)
[0m21:25:22.692813 [debug] [Thread-1 (]: Began compiling node test.pulse_transform.not_null_stg_weather_city.c03e0c0127
[0m21:25:22.697813 [debug] [Thread-1 (]: Writing injected SQL for node "test.pulse_transform.not_null_stg_weather_city.c03e0c0127"
[0m21:25:22.698313 [debug] [Thread-1 (]: Began executing node test.pulse_transform.not_null_stg_weather_city.c03e0c0127
[0m21:25:22.699814 [debug] [Thread-1 (]: Writing runtime sql for node "test.pulse_transform.not_null_stg_weather_city.c03e0c0127"
[0m21:25:22.700813 [debug] [Thread-1 (]: Using postgres connection "test.pulse_transform.not_null_stg_weather_city.c03e0c0127"
[0m21:25:22.700813 [debug] [Thread-1 (]: On test.pulse_transform.not_null_stg_weather_city.c03e0c0127: /* {"app": "dbt", "dbt_version": "1.12.0", "profile_name": "pulse_transform_profile", "target_name": "dev", "node_id": "test.pulse_transform.not_null_stg_weather_city.c03e0c0127"} */

    
    select
      count(*) as failures,
      count(*) != 0 as should_warn,
      count(*) != 0 as should_error
    from (
      
    
  
    
    



select city
from "pulse"."public_public"."stg_weather"
where city is null



  
  
      
    ) dbt_internal_test
[0m21:25:22.700813 [debug] [Thread-1 (]: Opening a new connection, currently in state closed
[0m21:25:22.729378 [debug] [Thread-1 (]: SQL status: SELECT 1 in 0.028 seconds
[0m21:25:22.730878 [debug] [Thread-1 (]: On test.pulse_transform.not_null_stg_weather_city.c03e0c0127: ROLLBACK
[0m21:25:22.730878 [debug] [Thread-1 (]: On test.pulse_transform.not_null_stg_weather_city.c03e0c0127: Close
[0m21:25:22.731882 [info ] [Thread-1 (]: 15 of 23 PASS not_null_stg_weather_city ........................................ [[32mPASS[0m in 0.04s]
[0m21:25:22.732888 [debug] [Thread-1 (]: Finished running node test.pulse_transform.not_null_stg_weather_city.c03e0c0127
[0m21:25:22.732888 [debug] [Thread-1 (]: Began running node test.pulse_transform.not_null_stg_weather_condition.0c9e947318
[0m21:25:22.733388 [info ] [Thread-1 (]: 16 of 23 START test not_null_stg_weather_condition ............................. [RUN]
[0m21:25:22.733890 [debug] [Thread-1 (]: Re-using an available connection from the pool (formerly test.pulse_transform.not_null_stg_weather_city.c03e0c0127, now test.pulse_transform.not_null_stg_weather_condition.0c9e947318)
[0m21:25:22.734388 [debug] [Thread-1 (]: Began compiling node test.pulse_transform.not_null_stg_weather_condition.0c9e947318
[0m21:25:22.739388 [debug] [Thread-1 (]: Writing injected SQL for node "test.pulse_transform.not_null_stg_weather_condition.0c9e947318"
[0m21:25:22.740389 [debug] [Thread-1 (]: Began executing node test.pulse_transform.not_null_stg_weather_condition.0c9e947318
[0m21:25:22.740889 [debug] [Thread-1 (]: Writing runtime sql for node "test.pulse_transform.not_null_stg_weather_condition.0c9e947318"
[0m21:25:22.742397 [debug] [Thread-1 (]: Using postgres connection "test.pulse_transform.not_null_stg_weather_condition.0c9e947318"
[0m21:25:22.742897 [debug] [Thread-1 (]: On test.pulse_transform.not_null_stg_weather_condition.0c9e947318: /* {"app": "dbt", "dbt_version": "1.12.0", "profile_name": "pulse_transform_profile", "target_name": "dev", "node_id": "test.pulse_transform.not_null_stg_weather_condition.0c9e947318"} */

    
    select
      count(*) as failures,
      count(*) != 0 as should_warn,
      count(*) != 0 as should_error
    from (
      
    
  
    
    



select condition
from "pulse"."public_public"."stg_weather"
where condition is null



  
  
      
    ) dbt_internal_test
[0m21:25:22.742897 [debug] [Thread-1 (]: Opening a new connection, currently in state closed
[0m21:25:22.770925 [debug] [Thread-1 (]: SQL status: SELECT 1 in 0.028 seconds
[0m21:25:22.772937 [debug] [Thread-1 (]: On test.pulse_transform.not_null_stg_weather_condition.0c9e947318: ROLLBACK
[0m21:25:22.773436 [debug] [Thread-1 (]: On test.pulse_transform.not_null_stg_weather_condition.0c9e947318: Close
[0m21:25:22.773935 [info ] [Thread-1 (]: 16 of 23 PASS not_null_stg_weather_condition ................................... [[32mPASS[0m in 0.04s]
[0m21:25:22.774936 [debug] [Thread-1 (]: Finished running node test.pulse_transform.not_null_stg_weather_condition.0c9e947318
[0m21:25:22.774936 [debug] [Thread-1 (]: Began running node test.pulse_transform.not_null_stg_weather_id.0e1828fa23
[0m21:25:22.775437 [info ] [Thread-1 (]: 17 of 23 START test not_null_stg_weather_id .................................... [RUN]
[0m21:25:22.775936 [debug] [Thread-1 (]: Re-using an available connection from the pool (formerly test.pulse_transform.not_null_stg_weather_condition.0c9e947318, now test.pulse_transform.not_null_stg_weather_id.0e1828fa23)
[0m21:25:22.776436 [debug] [Thread-1 (]: Began compiling node test.pulse_transform.not_null_stg_weather_id.0e1828fa23
[0m21:25:22.780935 [debug] [Thread-1 (]: Writing injected SQL for node "test.pulse_transform.not_null_stg_weather_id.0e1828fa23"
[0m21:25:22.782442 [debug] [Thread-1 (]: Began executing node test.pulse_transform.not_null_stg_weather_id.0e1828fa23
[0m21:25:22.783943 [debug] [Thread-1 (]: Writing runtime sql for node "test.pulse_transform.not_null_stg_weather_id.0e1828fa23"
[0m21:25:22.784447 [debug] [Thread-1 (]: Using postgres connection "test.pulse_transform.not_null_stg_weather_id.0e1828fa23"
[0m21:25:22.784948 [debug] [Thread-1 (]: On test.pulse_transform.not_null_stg_weather_id.0e1828fa23: /* {"app": "dbt", "dbt_version": "1.12.0", "profile_name": "pulse_transform_profile", "target_name": "dev", "node_id": "test.pulse_transform.not_null_stg_weather_id.0e1828fa23"} */

    
    select
      count(*) as failures,
      count(*) != 0 as should_warn,
      count(*) != 0 as should_error
    from (
      
    
  
    
    



select id
from "pulse"."public_public"."stg_weather"
where id is null



  
  
      
    ) dbt_internal_test
[0m21:25:22.784948 [debug] [Thread-1 (]: Opening a new connection, currently in state closed
[0m21:25:22.813511 [debug] [Thread-1 (]: SQL status: SELECT 1 in 0.028 seconds
[0m21:25:22.815515 [debug] [Thread-1 (]: On test.pulse_transform.not_null_stg_weather_id.0e1828fa23: ROLLBACK
[0m21:25:22.816015 [debug] [Thread-1 (]: On test.pulse_transform.not_null_stg_weather_id.0e1828fa23: Close
[0m21:25:22.816516 [info ] [Thread-1 (]: 17 of 23 PASS not_null_stg_weather_id .......................................... [[32mPASS[0m in 0.04s]
[0m21:25:22.817016 [debug] [Thread-1 (]: Finished running node test.pulse_transform.not_null_stg_weather_id.0e1828fa23
[0m21:25:22.817516 [debug] [Thread-1 (]: Began running node test.pulse_transform.not_null_stg_weather_temperature.fe647a6746
[0m21:25:22.818015 [info ] [Thread-1 (]: 18 of 23 START test not_null_stg_weather_temperature ........................... [RUN]
[0m21:25:22.818515 [debug] [Thread-1 (]: Re-using an available connection from the pool (formerly test.pulse_transform.not_null_stg_weather_id.0e1828fa23, now test.pulse_transform.not_null_stg_weather_temperature.fe647a6746)
[0m21:25:22.819016 [debug] [Thread-1 (]: Began compiling node test.pulse_transform.not_null_stg_weather_temperature.fe647a6746
[0m21:25:22.823526 [debug] [Thread-1 (]: Writing injected SQL for node "test.pulse_transform.not_null_stg_weather_temperature.fe647a6746"
[0m21:25:22.824025 [debug] [Thread-1 (]: Began executing node test.pulse_transform.not_null_stg_weather_temperature.fe647a6746
[0m21:25:22.825024 [debug] [Thread-1 (]: Writing runtime sql for node "test.pulse_transform.not_null_stg_weather_temperature.fe647a6746"
[0m21:25:22.826534 [debug] [Thread-1 (]: Using postgres connection "test.pulse_transform.not_null_stg_weather_temperature.fe647a6746"
[0m21:25:22.827032 [debug] [Thread-1 (]: On test.pulse_transform.not_null_stg_weather_temperature.fe647a6746: /* {"app": "dbt", "dbt_version": "1.12.0", "profile_name": "pulse_transform_profile", "target_name": "dev", "node_id": "test.pulse_transform.not_null_stg_weather_temperature.fe647a6746"} */

    
    select
      count(*) as failures,
      count(*) != 0 as should_warn,
      count(*) != 0 as should_error
    from (
      
    
  
    
    



select temperature
from "pulse"."public_public"."stg_weather"
where temperature is null



  
  
      
    ) dbt_internal_test
[0m21:25:22.827032 [debug] [Thread-1 (]: Opening a new connection, currently in state closed
[0m21:25:22.855561 [debug] [Thread-1 (]: SQL status: SELECT 1 in 0.028 seconds
[0m21:25:22.857061 [debug] [Thread-1 (]: On test.pulse_transform.not_null_stg_weather_temperature.fe647a6746: ROLLBACK
[0m21:25:22.857562 [debug] [Thread-1 (]: On test.pulse_transform.not_null_stg_weather_temperature.fe647a6746: Close
[0m21:25:22.858062 [info ] [Thread-1 (]: 18 of 23 PASS not_null_stg_weather_temperature ................................. [[32mPASS[0m in 0.04s]
[0m21:25:22.859062 [debug] [Thread-1 (]: Finished running node test.pulse_transform.not_null_stg_weather_temperature.fe647a6746
[0m21:25:22.859562 [debug] [Thread-1 (]: Began running node test.pulse_transform.unique_stg_weather_id.c42c665fbe
[0m21:25:22.860062 [info ] [Thread-1 (]: 19 of 23 START test unique_stg_weather_id ...................................... [RUN]
[0m21:25:22.860562 [debug] [Thread-1 (]: Re-using an available connection from the pool (formerly test.pulse_transform.not_null_stg_weather_temperature.fe647a6746, now test.pulse_transform.unique_stg_weather_id.c42c665fbe)
[0m21:25:22.860562 [debug] [Thread-1 (]: Began compiling node test.pulse_transform.unique_stg_weather_id.c42c665fbe
[0m21:25:22.866580 [debug] [Thread-1 (]: Writing injected SQL for node "test.pulse_transform.unique_stg_weather_id.c42c665fbe"
[0m21:25:22.867584 [debug] [Thread-1 (]: Began executing node test.pulse_transform.unique_stg_weather_id.c42c665fbe
[0m21:25:22.868582 [debug] [Thread-1 (]: Writing runtime sql for node "test.pulse_transform.unique_stg_weather_id.c42c665fbe"
[0m21:25:22.869080 [debug] [Thread-1 (]: Using postgres connection "test.pulse_transform.unique_stg_weather_id.c42c665fbe"
[0m21:25:22.869581 [debug] [Thread-1 (]: On test.pulse_transform.unique_stg_weather_id.c42c665fbe: /* {"app": "dbt", "dbt_version": "1.12.0", "profile_name": "pulse_transform_profile", "target_name": "dev", "node_id": "test.pulse_transform.unique_stg_weather_id.c42c665fbe"} */

    
    select
      count(*) as failures,
      count(*) != 0 as should_warn,
      count(*) != 0 as should_error
    from (
      
    
  
    
    

select
    id as unique_field,
    count(*) as n_records

from "pulse"."public_public"."stg_weather"
where id is not null
group by id
having count(*) > 1



  
  
      
    ) dbt_internal_test
[0m21:25:22.869581 [debug] [Thread-1 (]: Opening a new connection, currently in state closed
[0m21:25:22.898110 [debug] [Thread-1 (]: SQL status: SELECT 1 in 0.028 seconds
[0m21:25:22.899610 [debug] [Thread-1 (]: On test.pulse_transform.unique_stg_weather_id.c42c665fbe: ROLLBACK
[0m21:25:22.900113 [debug] [Thread-1 (]: On test.pulse_transform.unique_stg_weather_id.c42c665fbe: Close
[0m21:25:22.901109 [info ] [Thread-1 (]: 19 of 23 PASS unique_stg_weather_id ............................................ [[32mPASS[0m in 0.04s]
[0m21:25:22.901109 [debug] [Thread-1 (]: Finished running node test.pulse_transform.unique_stg_weather_id.c42c665fbe
[0m21:25:22.902112 [debug] [Thread-1 (]: Began running node model.pulse_transform.daily_summary
[0m21:25:22.902617 [info ] [Thread-1 (]: 20 of 23 SKIP relation public_public.daily_summary ............................. [[33mSKIP[0m]
[0m21:25:22.903116 [debug] [Thread-1 (]: Finished running node model.pulse_transform.daily_summary
[0m21:25:22.903116 [debug] [Thread-4 (]: Marking all children of 'model.pulse_transform.daily_summary' to be skipped because of status 'skipped'. 
[0m21:25:22.904119 [debug] [Thread-1 (]: Began running node test.pulse_transform.not_null_daily_summary_crypto_coin.2b3c1f82f7
[0m21:25:22.904119 [info ] [Thread-1 (]: 21 of 23 SKIP test not_null_daily_summary_crypto_coin .......................... [[33mSKIP[0m]
[0m21:25:22.904620 [debug] [Thread-1 (]: Finished running node test.pulse_transform.not_null_daily_summary_crypto_coin.2b3c1f82f7
[0m21:25:22.905121 [debug] [Thread-1 (]: Began running node test.pulse_transform.not_null_daily_summary_sports_game_date.d349270fc3
[0m21:25:22.905619 [debug] [Thread-4 (]: Marking all children of 'test.pulse_transform.not_null_daily_summary_crypto_coin.2b3c1f82f7' to be skipped because of status 'skipped'. 
[0m21:25:22.905619 [info ] [Thread-1 (]: 22 of 23 SKIP test not_null_daily_summary_sports_game_date ..................... [[33mSKIP[0m]
[0m21:25:22.906620 [debug] [Thread-1 (]: Finished running node test.pulse_transform.not_null_daily_summary_sports_game_date.d349270fc3
[0m21:25:22.906620 [debug] [Thread-1 (]: Began running node test.pulse_transform.not_null_daily_summary_weather_city.efc8b36fcc
[0m21:25:22.907120 [debug] [Thread-4 (]: Marking all children of 'test.pulse_transform.not_null_daily_summary_sports_game_date.d349270fc3' to be skipped because of status 'skipped'. 
[0m21:25:22.907619 [info ] [Thread-1 (]: 23 of 23 SKIP test not_null_daily_summary_weather_city ......................... [[33mSKIP[0m]
[0m21:25:22.908120 [debug] [Thread-1 (]: Finished running node test.pulse_transform.not_null_daily_summary_weather_city.efc8b36fcc
[0m21:25:22.908120 [debug] [Thread-4 (]: Marking all children of 'test.pulse_transform.not_null_daily_summary_weather_city.efc8b36fcc' to be skipped because of status 'skipped'. 
[0m21:25:22.909119 [debug] [MainThread]: On master: COMMIT
[0m21:25:22.909619 [debug] [MainThread]: Using postgres connection "master"
[0m21:25:22.909619 [debug] [MainThread]: On master: COMMIT
[0m21:25:22.910119 [debug] [MainThread]: Opening a new connection, currently in state closed
[0m21:25:22.935665 [debug] [MainThread]: SQL status: COMMIT in 0.026 seconds
[0m21:25:22.936165 [debug] [MainThread]: On master: Close
[0m21:25:22.936665 [debug] [MainThread]: Connection 'master' was properly closed.
[0m21:25:22.937165 [debug] [MainThread]: Connection 'list_pulse' was properly closed.
[0m21:25:22.937165 [debug] [MainThread]: Connection 'list_pulse_public_public' was properly closed.
[0m21:25:22.937664 [debug] [MainThread]: Connection 'test.pulse_transform.unique_stg_weather_id.c42c665fbe' was properly closed.
[0m21:25:22.937664 [info ] [MainThread]: 
[0m21:25:22.938165 [info ] [MainThread]: Finished running 4 table models, 19 data tests in 0 hours 0 minutes and 1.53 seconds (1.53s).
[0m21:25:22.940164 [debug] [MainThread]: Command end result
[0m21:25:22.968691 [debug] [MainThread]: Wrote artifact WritableManifest to C:\Users\Steve\OneDrive\Desktop\code\pulse\transform\target\manifest.json
[0m21:25:22.972194 [debug] [MainThread]: Wrote artifact SemanticManifest to C:\Users\Steve\OneDrive\Desktop\code\pulse\transform\target\semantic_manifest.json
[0m21:25:22.974198 [debug] [MainThread]: Wrote artifact OsiDocument to C:\Users\Steve\OneDrive\Desktop\code\pulse\transform\target\osi_document.json
[0m21:25:22.980710 [debug] [MainThread]: Wrote artifact RunExecutionResult to C:\Users\Steve\OneDrive\Desktop\code\pulse\transform\target\run_results.json
[0m21:25:22.980710 [info ] [MainThread]: 
[0m21:25:22.981210 [info ] [MainThread]: [31mCompleted with 1 error, 0 partial successes, and 0 warnings:[0m
[0m21:25:22.981210 [info ] [MainThread]: 
[0m21:25:22.981210 [error] [MainThread]: [[31mERROR[0m]: in test not_null_stg_crypto_price_usd (models\schema.yml)
[0m21:25:22.982214 [error] [MainThread]:   Got 1 result, configured to fail if != 0
[0m21:25:22.982718 [info ] [MainThread]: 
[0m21:25:22.982718 [info ] [MainThread]:   compiled code at target\compiled\pulse_transform\models\schema.yml\not_null_stg_crypto_price_usd.sql
[0m21:25:22.983218 [info ] [MainThread]: 
[0m21:25:22.983722 [info ] [MainThread]: Done. PASS=18 WARN=0 ERROR=1 SKIP=4 NO-OP=0 REUSED=0 TOTAL=23
[0m21:25:22.984219 [warn ] [MainThread]: [[33mWARNING[0m][DeprecationsSummary]: Deprecated functionality
Summary of encountered deprecations:
- MissingArgumentsPropertyInGenericTestDeprecation: 1 occurrence
To see all deprecation instances instead of just the first occurrence of each,
run command again with the `--show-all-deprecations` flag. You may also need to
run with `--no-partial-parse` as some deprecations are only encountered during
parsing.
[0m21:25:22.985218 [debug] [MainThread]: Command `dbt build` failed at 21:25:22.985218 after 3.31 seconds
[0m21:25:22.985718 [debug] [MainThread]: Sending event: {'category': 'dbt', 'action': 'invocation', 'label': 'end', 'context': [<snowplow_tracker.self_describing_json.SelfDescribingJson object at 0x000001511E2A8E00>, <snowplow_tracker.self_describing_json.SelfDescribingJson object at 0x0000015121258710>, <snowplow_tracker.self_describing_json.SelfDescribingJson object at 0x00000151218BC830>]}
[0m21:25:22.985718 [debug] [MainThread]: Flushing usage events
[0m21:25:23.494174 [debug] [MainThread]: An error was encountered while trying to flush usage events
[0m21:28:06.592836 [debug] [MainThread]: Sending event: {'category': 'dbt', 'action': 'invocation', 'label': 'start', 'context': [<snowplow_tracker.self_describing_json.SelfDescribingJson object at 0x000001D57F33A0F0>, <snowplow_tracker.self_describing_json.SelfDescribingJson object at 0x000001D50226EAE0>, <snowplow_tracker.self_describing_json.SelfDescribingJson object at 0x000001D50226D370>]}


============================== 21:28:06.598837 | 8be86be2-9ee4-4591-82dd-3d8c8c043ee8 ==============================
[0m21:28:06.598837 [info ] [MainThread]: Running with dbt=1.12.0
[0m21:28:06.599338 [debug] [MainThread]: running dbt with arguments {'static_parser': 'True', 'no_print': 'None', 'version_check': 'True', 'warn_error_options': 'WarnErrorOptionsV2(error=[], warn=[], silence=[])', 'target_path': 'None', 'maximum_seed_size_mib': '1', 'printer_width': '80', 'write_json': 'True', 'empty': 'False', 'log_cache_events': 'False', 'introspect': 'True', 'cache_selected_only': 'False', 'log_format': 'default', 'debug': 'False', 'fail_fast': 'False', 'profiles_dir': '.', 'send_anonymous_usage_stats': 'True', 'quiet': 'False', 'warn_error': 'None', 'partial_parse': 'False', 'indirect_selection': 'eager', 'hints_enabled': 'True', 'invocation_command': 'dbt build --profiles-dir . --no-partial-parse', 'use_experimental_parser': 'False', 'use_colors': 'True', 'log_path': 'C:\\Users\\Steve\\OneDrive\\Desktop\\code\\pulse\\transform\\logs'}
[0m21:28:06.713459 [debug] [MainThread]: Sending event: {'category': 'dbt', 'action': 'project_id', 'label': '8be86be2-9ee4-4591-82dd-3d8c8c043ee8', 'context': [<snowplow_tracker.self_describing_json.SelfDescribingJson object at 0x000001D503E34740>]}
[0m21:28:06.754016 [debug] [MainThread]: Sending event: {'category': 'dbt', 'action': 'adapter_info', 'label': '8be86be2-9ee4-4591-82dd-3d8c8c043ee8', 'context': [<snowplow_tracker.self_describing_json.SelfDescribingJson object at 0x000001D50163E1E0>]}
[0m21:28:06.755016 [info ] [MainThread]: Registered adapter: postgres=1.11.0
[0m21:28:06.925741 [debug] [MainThread]: checksum: c88f2b38114df2604ccc177aea92f212ddffa831408be655762d132e6474640b, vars: {}, profile: pulse_transform_profile, target: dev, version: 1.12.0
[0m21:28:06.925741 [debug] [MainThread]: Partial parsing not enabled
[0m21:28:07.729776 [warn ] [MainThread]: [[33mWARNING[0m][MissingArgumentsPropertyInGenericTestDeprecation]: Deprecated
functionality
Found top-level arguments to test `accepted_values` defined on 'stg_weather' in
package 'pulse_transform' (models\schema.yml). Arguments to generic tests should
be nested under the `arguments` property.
[0m21:28:07.730278 [debug] [MainThread]: Sending event: {'category': 'dbt', 'action': 'deprecation', 'label': '8be86be2-9ee4-4591-82dd-3d8c8c043ee8', 'property_': 'warn', 'context': [<snowplow_tracker.self_describing_json.SelfDescribingJson object at 0x000001D504272960>]}
[0m21:28:07.896026 [debug] [MainThread]: Sending event: {'category': 'dbt', 'action': 'load_project', 'label': '8be86be2-9ee4-4591-82dd-3d8c8c043ee8', 'context': [<snowplow_tracker.self_describing_json.SelfDescribingJson object at 0x000001D504892810>]}
[0m21:28:07.960615 [debug] [MainThread]: Wrote artifact WritableManifest to C:\Users\Steve\OneDrive\Desktop\code\pulse\transform\target\manifest.json
[0m21:28:07.963111 [debug] [MainThread]: Wrote artifact SemanticManifest to C:\Users\Steve\OneDrive\Desktop\code\pulse\transform\target\semantic_manifest.json
[0m21:28:07.982643 [debug] [MainThread]: Wrote artifact OsiDocument to C:\Users\Steve\OneDrive\Desktop\code\pulse\transform\target\osi_document.json
[0m21:28:08.005662 [debug] [MainThread]: Sending event: {'category': 'dbt', 'action': 'resource_counts', 'label': '8be86be2-9ee4-4591-82dd-3d8c8c043ee8', 'context': [<snowplow_tracker.self_describing_json.SelfDescribingJson object at 0x000001D5049F8D40>]}
[0m21:28:08.005662 [info ] [MainThread]: Found 4 models, 19 data tests, 3 sources, 477 macros
[0m21:28:08.008173 [info ] [MainThread]: 
[0m21:28:08.008672 [info ] [MainThread]: Concurrency: 1 threads (target='dev')
[0m21:28:08.008672 [info ] [MainThread]: 
[0m21:28:08.009172 [debug] [MainThread]: Acquiring new postgres connection 'master'
[0m21:28:08.012680 [debug] [ThreadPool]: Acquiring new postgres connection 'list_pulse'
[0m21:28:08.062747 [debug] [ThreadPool]: Using postgres connection "list_pulse"
[0m21:28:08.063248 [debug] [ThreadPool]: On list_pulse: /* {"app": "dbt", "dbt_version": "1.12.0", "profile_name": "pulse_transform_profile", "target_name": "dev", "connection_name": "list_pulse"} */

    select distinct nspname from pg_namespace
  
[0m21:28:08.063248 [debug] [ThreadPool]: Opening a new connection, currently in state init
[0m21:28:08.093274 [debug] [ThreadPool]: SQL status: SELECT 5 in 0.030 seconds
[0m21:28:08.094278 [debug] [ThreadPool]: On list_pulse: Close
[0m21:28:08.095274 [debug] [ThreadPool]: Acquiring new postgres connection 'list_pulse_public_public'
[0m21:28:08.098782 [debug] [ThreadPool]: Using postgres connection "list_pulse_public_public"
[0m21:28:08.098782 [debug] [ThreadPool]: On list_pulse_public_public: /* {"app": "dbt", "dbt_version": "1.12.0", "profile_name": "pulse_transform_profile", "target_name": "dev", "connection_name": "list_pulse_public_public"} */
select
      'pulse' as database,
      tablename as name,
      schemaname as schema,
      'table' as type
    from pg_tables
    where schemaname ilike 'public_public'
    union all
    select
      'pulse' as database,
      viewname as name,
      schemaname as schema,
      'view' as type
    from pg_views
    where schemaname ilike 'public_public'
    union all
    select
      'pulse' as database,
      matviewname as name,
      schemaname as schema,
      'materialized_view' as type
    from pg_matviews
    where schemaname ilike 'public_public'
    union all
    select distinct
     'pulse' as database,
     proname as name,
     ns.nspname as schema,
     'function' as type
    from pg_proc
     join pg_namespace as ns on pronamespace = ns.oid
    where ns.nspname ilike 'public_public'
  
[0m21:28:08.099283 [debug] [ThreadPool]: Opening a new connection, currently in state init
[0m21:28:08.131827 [debug] [ThreadPool]: SQL status: SELECT 3 in 0.032 seconds
[0m21:28:08.132826 [debug] [ThreadPool]: On list_pulse_public_public: ROLLBACK
[0m21:28:08.132826 [debug] [ThreadPool]: On list_pulse_public_public: Close
[0m21:28:08.135829 [debug] [MainThread]: Using postgres connection "master"
[0m21:28:08.135829 [debug] [MainThread]: On master: /* {"app": "dbt", "dbt_version": "1.12.0", "profile_name": "pulse_transform_profile", "target_name": "dev", "connection_name": "master"} */
select distinct
        dependent_namespace.nspname as dependent_schema,
        dependent_class.relname as dependent_name,
        referenced_namespace.nspname as referenced_schema,
        referenced_class.relname as referenced_name

    -- Query for views: views are entries in pg_class with an entry in pg_rewrite, but we avoid
    -- a seq scan on pg_rewrite by leveraging the fact there is an "internal" row in pg_depend for
    -- the view...
    from pg_class as dependent_class
    join pg_namespace as dependent_namespace on dependent_namespace.oid = dependent_class.relnamespace
    join pg_depend as dependent_depend on dependent_depend.refobjid = dependent_class.oid
        and dependent_depend.classid = 'pg_rewrite'::regclass
        and dependent_depend.refclassid = 'pg_class'::regclass
        and dependent_depend.deptype = 'i'

    -- ... and via pg_depend (that has a row per column, hence the need for "distinct" above, and
    -- making sure to exclude the internal row to avoid a view appearing to depend on itself)...
    join pg_depend as joining_depend on joining_depend.objid = dependent_depend.objid
        and joining_depend.classid = 'pg_rewrite'::regclass
        and joining_depend.refclassid = 'pg_class'::regclass
        and joining_depend.refobjid != dependent_depend.refobjid

    -- ... we can find the tables they query from in pg_class, but excluding system tables. Note we
    -- don't need need to exclude _dependent_ system tables, because they only query from other
    -- system tables, and so are automatically excluded by excluding _referenced_ system tables
    join pg_class as referenced_class on referenced_class.oid = joining_depend.refobjid
    join pg_namespace as referenced_namespace on referenced_namespace.oid = referenced_class.relnamespace
        and referenced_namespace.nspname != 'information_schema'
        and referenced_namespace.nspname not like 'pg\_%'

    order by
        dependent_schema, dependent_name, referenced_schema, referenced_name;
[0m21:28:08.135829 [debug] [MainThread]: Opening a new connection, currently in state init
[0m21:28:08.172372 [debug] [MainThread]: SQL status: SELECT 0 in 0.036 seconds
[0m21:28:08.173873 [debug] [MainThread]: Sending event: {'category': 'dbt', 'action': 'runnable_timing', 'label': '8be86be2-9ee4-4591-82dd-3d8c8c043ee8', 'context': [<snowplow_tracker.self_describing_json.SelfDescribingJson object at 0x000001D50493B410>]}
[0m21:28:08.173873 [debug] [MainThread]: On master: ROLLBACK
[0m21:28:08.174372 [debug] [MainThread]: On master: COMMIT
[0m21:28:08.174872 [debug] [MainThread]: Using postgres connection "master"
[0m21:28:08.174872 [debug] [MainThread]: On master: COMMIT
[0m21:28:08.174872 [debug] [MainThread]: SQL status: COMMIT in 0.000 seconds
[0m21:28:08.175374 [debug] [MainThread]: On master: Close
[0m21:28:08.178887 [debug] [Thread-1 (]: Began running node model.pulse_transform.stg_crypto
[0m21:28:08.179385 [info ] [Thread-1 (]: 1 of 23 START sql table model public_public.stg_crypto ......................... [RUN]
[0m21:28:08.179888 [debug] [Thread-1 (]: Acquiring new postgres connection 'model.pulse_transform.stg_crypto'
[0m21:28:08.179888 [debug] [Thread-1 (]: Began compiling node model.pulse_transform.stg_crypto
[0m21:28:08.184385 [debug] [Thread-1 (]: Writing injected SQL for node "model.pulse_transform.stg_crypto"
[0m21:28:08.184885 [debug] [Thread-1 (]: Began executing node model.pulse_transform.stg_crypto
[0m21:28:08.206908 [debug] [Thread-1 (]: Writing runtime sql for node "model.pulse_transform.stg_crypto"
[0m21:28:08.208432 [debug] [Thread-1 (]: Using postgres connection "model.pulse_transform.stg_crypto"
[0m21:28:08.208930 [debug] [Thread-1 (]: On model.pulse_transform.stg_crypto: /* {"app": "dbt", "dbt_version": "1.12.0", "profile_name": "pulse_transform_profile", "target_name": "dev", "node_id": "model.pulse_transform.stg_crypto"} */

  
    

  create  table "pulse"."public_public"."stg_crypto__dbt_tmp"
  
  
    as
  
  (
    with source as (
    select
        id,
        source,
        raw_json,
        ingested_at,
        raw_json::jsonb as payload
    from "pulse"."public"."raw_crypto"
),
flattened as (
    select
        id,
        source,
        raw_json,
        ingested_at,
        key as coin,
        nullif(value ->> 'usd', '') as price_usd
    from source,
    jsonb_each(payload)
)
select
    row_number() over (order by id, coin) as id,
    source,
    coin,
    cast(price_usd as float) as price_usd,
    ingested_at,
    raw_json
from flattened
  );
  
[0m21:28:08.208930 [debug] [Thread-1 (]: Opening a new connection, currently in state init
[0m21:28:08.264490 [debug] [Thread-1 (]: SQL status: SELECT 11 in 0.055 seconds
[0m21:28:08.270499 [debug] [Thread-1 (]: Using postgres connection "model.pulse_transform.stg_crypto"
[0m21:28:08.270999 [debug] [Thread-1 (]: On model.pulse_transform.stg_crypto: /* {"app": "dbt", "dbt_version": "1.12.0", "profile_name": "pulse_transform_profile", "target_name": "dev", "node_id": "model.pulse_transform.stg_crypto"} */
alter table "pulse"."public_public"."stg_crypto" rename to "stg_crypto__dbt_backup"
[0m21:28:08.271501 [debug] [Thread-1 (]: SQL status: ALTER TABLE in 0.000 seconds
[0m21:28:08.272499 [debug] [Thread-1 (]: Using postgres connection "model.pulse_transform.stg_crypto"
[0m21:28:08.273000 [debug] [Thread-1 (]: On model.pulse_transform.stg_crypto: /* {"app": "dbt", "dbt_version": "1.12.0", "profile_name": "pulse_transform_profile", "target_name": "dev", "node_id": "model.pulse_transform.stg_crypto"} */
alter table "pulse"."public_public"."stg_crypto__dbt_tmp" rename to "stg_crypto"
[0m21:28:08.273501 [debug] [Thread-1 (]: SQL status: ALTER TABLE in 0.000 seconds
[0m21:28:08.284517 [debug] [Thread-1 (]: On model.pulse_transform.stg_crypto: COMMIT
[0m21:28:08.284517 [debug] [Thread-1 (]: Using postgres connection "model.pulse_transform.stg_crypto"
[0m21:28:08.285017 [debug] [Thread-1 (]: On model.pulse_transform.stg_crypto: COMMIT
[0m21:28:08.286022 [debug] [Thread-1 (]: SQL status: COMMIT in 0.001 seconds
[0m21:28:08.289528 [debug] [Thread-1 (]: Applying DROP to: "pulse"."public_public"."stg_crypto__dbt_backup"
[0m21:28:08.293533 [debug] [Thread-1 (]: Using postgres connection "model.pulse_transform.stg_crypto"
[0m21:28:08.294032 [debug] [Thread-1 (]: On model.pulse_transform.stg_crypto: /* {"app": "dbt", "dbt_version": "1.12.0", "profile_name": "pulse_transform_profile", "target_name": "dev", "node_id": "model.pulse_transform.stg_crypto"} */
drop table if exists "pulse"."public_public"."stg_crypto__dbt_backup" cascade
[0m21:28:08.296029 [debug] [Thread-1 (]: SQL status: DROP TABLE in 0.002 seconds
[0m21:28:08.298037 [debug] [Thread-1 (]: On model.pulse_transform.stg_crypto: Close
[0m21:28:08.299538 [debug] [Thread-1 (]: Sending event: {'category': 'dbt', 'action': 'run_model', 'label': '8be86be2-9ee4-4591-82dd-3d8c8c043ee8', 'context': [<snowplow_tracker.self_describing_json.SelfDescribingJson object at 0x000001D57F548290>]}
[0m21:28:08.299538 [info ] [Thread-1 (]: 1 of 23 OK created sql table model public_public.stg_crypto .................... [[32mSELECT 11[0m in 0.12s]
[0m21:28:08.300035 [debug] [Thread-1 (]: Finished running node model.pulse_transform.stg_crypto
[0m21:28:08.300537 [debug] [Thread-1 (]: Began running node model.pulse_transform.stg_sports
[0m21:28:08.301035 [info ] [Thread-1 (]: 2 of 23 START sql table model public_public.stg_sports ......................... [RUN]
[0m21:28:08.301537 [debug] [Thread-1 (]: Re-using an available connection from the pool (formerly model.pulse_transform.stg_crypto, now model.pulse_transform.stg_sports)
[0m21:28:08.301537 [debug] [Thread-1 (]: Began compiling node model.pulse_transform.stg_sports
[0m21:28:08.303035 [debug] [Thread-1 (]: Writing injected SQL for node "model.pulse_transform.stg_sports"
[0m21:28:08.303535 [debug] [Thread-1 (]: Began executing node model.pulse_transform.stg_sports
[0m21:28:08.306034 [debug] [Thread-1 (]: Writing runtime sql for node "model.pulse_transform.stg_sports"
[0m21:28:08.307037 [debug] [Thread-1 (]: Using postgres connection "model.pulse_transform.stg_sports"
[0m21:28:08.307037 [debug] [Thread-1 (]: On model.pulse_transform.stg_sports: /* {"app": "dbt", "dbt_version": "1.12.0", "profile_name": "pulse_transform_profile", "target_name": "dev", "node_id": "model.pulse_transform.stg_sports"} */

  
    

  create  table "pulse"."public_public"."stg_sports__dbt_tmp"
  
  
    as
  
  (
    with source as (
    select
        id,
        source,
        raw_json,
        ingested_at,
        raw_json::jsonb -> 'events' as events_json
    from "pulse"."public"."raw_sports"
),
parsed as (
    select
        id,
        source,
        raw_json,
        ingested_at,
        events_json -> 0 ->> 'date' as game_date,
        events_json -> 0 -> 'competitions' -> 0 -> 'competitors' -> 0 -> 'team' ->> 'abbreviation' as home_team,
        events_json -> 0 -> 'competitions' -> 0 -> 'competitors' -> 0 ->> 'score' as home_score,
        events_json -> 0 -> 'competitions' -> 0 -> 'competitors' -> 1 -> 'team' ->> 'abbreviation' as away_team,
        events_json -> 0 -> 'competitions' -> 0 -> 'competitors' -> 1 ->> 'score' as away_score
    from source
)
select
    id,
    source,
    trim(home_team) as home_team,
    trim(away_team) as away_team,
    cast(home_score as integer) as home_score,
    cast(away_score as integer) as away_score,
    game_date,
    ingested_at,
    raw_json
from parsed
  );
  
[0m21:28:08.307544 [debug] [Thread-1 (]: Opening a new connection, currently in state closed
[0m21:28:08.335579 [debug] [Thread-1 (]: SQL status: SELECT 1 in 0.029 seconds
[0m21:28:08.338088 [debug] [Thread-1 (]: Using postgres connection "model.pulse_transform.stg_sports"
[0m21:28:08.338088 [debug] [Thread-1 (]: On model.pulse_transform.stg_sports: /* {"app": "dbt", "dbt_version": "1.12.0", "profile_name": "pulse_transform_profile", "target_name": "dev", "node_id": "model.pulse_transform.stg_sports"} */
alter table "pulse"."public_public"."stg_sports" rename to "stg_sports__dbt_backup"
[0m21:28:08.338588 [debug] [Thread-1 (]: SQL status: ALTER TABLE in 0.000 seconds
[0m21:28:08.340588 [debug] [Thread-1 (]: Using postgres connection "model.pulse_transform.stg_sports"
[0m21:28:08.340588 [debug] [Thread-1 (]: On model.pulse_transform.stg_sports: /* {"app": "dbt", "dbt_version": "1.12.0", "profile_name": "pulse_transform_profile", "target_name": "dev", "node_id": "model.pulse_transform.stg_sports"} */
alter table "pulse"."public_public"."stg_sports__dbt_tmp" rename to "stg_sports"
[0m21:28:08.341086 [debug] [Thread-1 (]: SQL status: ALTER TABLE in 0.000 seconds
[0m21:28:08.342087 [debug] [Thread-1 (]: On model.pulse_transform.stg_sports: COMMIT
[0m21:28:08.342087 [debug] [Thread-1 (]: Using postgres connection "model.pulse_transform.stg_sports"
[0m21:28:08.342586 [debug] [Thread-1 (]: On model.pulse_transform.stg_sports: COMMIT
[0m21:28:08.343085 [debug] [Thread-1 (]: SQL status: COMMIT in 0.000 seconds
[0m21:28:08.344090 [debug] [Thread-1 (]: Applying DROP to: "pulse"."public_public"."stg_sports__dbt_backup"
[0m21:28:08.344587 [debug] [Thread-1 (]: Using postgres connection "model.pulse_transform.stg_sports"
[0m21:28:08.345086 [debug] [Thread-1 (]: On model.pulse_transform.stg_sports: /* {"app": "dbt", "dbt_version": "1.12.0", "profile_name": "pulse_transform_profile", "target_name": "dev", "node_id": "model.pulse_transform.stg_sports"} */
drop table if exists "pulse"."public_public"."stg_sports__dbt_backup" cascade
[0m21:28:08.347595 [debug] [Thread-1 (]: SQL status: DROP TABLE in 0.002 seconds
[0m21:28:08.348598 [debug] [Thread-1 (]: On model.pulse_transform.stg_sports: Close
[0m21:28:08.349097 [debug] [Thread-1 (]: Sending event: {'category': 'dbt', 'action': 'run_model', 'label': '8be86be2-9ee4-4591-82dd-3d8c8c043ee8', 'context': [<snowplow_tracker.self_describing_json.SelfDescribingJson object at 0x000001D504C200B0>]}
[0m21:28:08.349097 [info ] [Thread-1 (]: 2 of 23 OK created sql table model public_public.stg_sports .................... [[32mSELECT 1[0m in 0.05s]
[0m21:28:08.349597 [debug] [Thread-1 (]: Finished running node model.pulse_transform.stg_sports
[0m21:28:08.350100 [debug] [Thread-1 (]: Began running node model.pulse_transform.stg_weather
[0m21:28:08.350100 [info ] [Thread-1 (]: 3 of 23 START sql table model public_public.stg_weather ........................ [RUN]
[0m21:28:08.350600 [debug] [Thread-1 (]: Re-using an available connection from the pool (formerly model.pulse_transform.stg_sports, now model.pulse_transform.stg_weather)
[0m21:28:08.351100 [debug] [Thread-1 (]: Began compiling node model.pulse_transform.stg_weather
[0m21:28:08.352096 [debug] [Thread-1 (]: Writing injected SQL for node "model.pulse_transform.stg_weather"
[0m21:28:08.353097 [debug] [Thread-1 (]: Began executing node model.pulse_transform.stg_weather
[0m21:28:08.354596 [debug] [Thread-1 (]: Writing runtime sql for node "model.pulse_transform.stg_weather"
[0m21:28:08.355096 [debug] [Thread-1 (]: Using postgres connection "model.pulse_transform.stg_weather"
[0m21:28:08.355597 [debug] [Thread-1 (]: On model.pulse_transform.stg_weather: /* {"app": "dbt", "dbt_version": "1.12.0", "profile_name": "pulse_transform_profile", "target_name": "dev", "node_id": "model.pulse_transform.stg_weather"} */

  
    

  create  table "pulse"."public_public"."stg_weather__dbt_tmp"
  
  
    as
  
  (
    with source as (
    select
        id,
        source,
        raw_json::jsonb ->> 'requested_city' as city,
        raw_json::jsonb -> 'current_weather' ->> 'temperature' as temperature,
        raw_json::jsonb -> 'current_weather' ->> 'weathercode' as weather_code,
        raw_json::jsonb ->> 'requested_latitude' as latitude,
        raw_json::jsonb ->> 'requested_longitude' as longitude,
        ingested_at,
        raw_json
    from "pulse"."public"."raw_weather"
)

select
    id,
    source,
    city,
    cast(temperature as float) as temperature,
    case cast(weather_code as integer)
        when 0 then 'clear'
        when 1 then 'mainly_clear'
        when 2 then 'partly_cloudy'
        when 3 then 'overcast'
        when 45 then 'fog'
        when 48 then 'depositing_rime_fog'
        when 51 then 'drizzle_light'
        when 53 then 'drizzle_moderate'
        when 55 then 'drizzle_dense'
        when 56 then 'freezing_drizzle_light'
        when 57 then 'freezing_drizzle_dense'
        when 61 then 'rain_slight'
        when 63 then 'rain_moderate'
        when 65 then 'rain_heavy'
        when 66 then 'freezing_rain_light'
        when 67 then 'freezing_rain_heavy'
        when 71 then 'snow_fall_slight'
        when 73 then 'snow_fall_moderate'
        when 75 then 'snow_fall_heavy'
        when 77 then 'snow_grains'
        when 80 then 'rain_showers_slight'
        when 81 then 'rain_showers_moderate'
        when 82 then 'rain_showers_violent'
        when 85 then 'snow_showers_slight'
        when 86 then 'snow_showers_heavy'
        when 95 then 'thunderstorm_slight_or_moderate'
        when 96 then 'thunderstorm_hail_slight'
        when 99 then 'thunderstorm_hail_heavy'
        else 'unknown'
    end as condition,
    ingested_at,
    raw_json
from source
  );
  
[0m21:28:08.355597 [debug] [Thread-1 (]: Opening a new connection, currently in state closed
[0m21:28:08.389646 [debug] [Thread-1 (]: SQL status: SELECT 10 in 0.034 seconds
[0m21:28:08.392144 [debug] [Thread-1 (]: Using postgres connection "model.pulse_transform.stg_weather"
[0m21:28:08.392144 [debug] [Thread-1 (]: On model.pulse_transform.stg_weather: /* {"app": "dbt", "dbt_version": "1.12.0", "profile_name": "pulse_transform_profile", "target_name": "dev", "node_id": "model.pulse_transform.stg_weather"} */
alter table "pulse"."public_public"."stg_weather" rename to "stg_weather__dbt_backup"
[0m21:28:08.392646 [debug] [Thread-1 (]: SQL status: ALTER TABLE in 0.000 seconds
[0m21:28:08.393644 [debug] [Thread-1 (]: Using postgres connection "model.pulse_transform.stg_weather"
[0m21:28:08.394148 [debug] [Thread-1 (]: On model.pulse_transform.stg_weather: /* {"app": "dbt", "dbt_version": "1.12.0", "profile_name": "pulse_transform_profile", "target_name": "dev", "node_id": "model.pulse_transform.stg_weather"} */
alter table "pulse"."public_public"."stg_weather__dbt_tmp" rename to "stg_weather"
[0m21:28:08.394644 [debug] [Thread-1 (]: SQL status: ALTER TABLE in 0.000 seconds
[0m21:28:08.395644 [debug] [Thread-1 (]: On model.pulse_transform.stg_weather: COMMIT
[0m21:28:08.395644 [debug] [Thread-1 (]: Using postgres connection "model.pulse_transform.stg_weather"
[0m21:28:08.395644 [debug] [Thread-1 (]: On model.pulse_transform.stg_weather: COMMIT
[0m21:28:08.396670 [debug] [Thread-1 (]: SQL status: COMMIT in 0.000 seconds
[0m21:28:08.397674 [debug] [Thread-1 (]: Applying DROP to: "pulse"."public_public"."stg_weather__dbt_backup"
[0m21:28:08.398177 [debug] [Thread-1 (]: Using postgres connection "model.pulse_transform.stg_weather"
[0m21:28:08.398177 [debug] [Thread-1 (]: On model.pulse_transform.stg_weather: /* {"app": "dbt", "dbt_version": "1.12.0", "profile_name": "pulse_transform_profile", "target_name": "dev", "node_id": "model.pulse_transform.stg_weather"} */
drop table if exists "pulse"."public_public"."stg_weather__dbt_backup" cascade
[0m21:28:08.400688 [debug] [Thread-1 (]: SQL status: DROP TABLE in 0.002 seconds
[0m21:28:08.401188 [debug] [Thread-1 (]: On model.pulse_transform.stg_weather: Close
[0m21:28:08.401686 [debug] [Thread-1 (]: Sending event: {'category': 'dbt', 'action': 'run_model', 'label': '8be86be2-9ee4-4591-82dd-3d8c8c043ee8', 'context': [<snowplow_tracker.self_describing_json.SelfDescribingJson object at 0x000001D50493B920>]}
[0m21:28:08.402188 [info ] [Thread-1 (]: 3 of 23 OK created sql table model public_public.stg_weather ................... [[32mSELECT 10[0m in 0.05s]
[0m21:28:08.402688 [debug] [Thread-1 (]: Finished running node model.pulse_transform.stg_weather
[0m21:28:08.403187 [debug] [Thread-1 (]: Began running node test.pulse_transform.dbt_utils_expression_is_true_stg_crypto_price_usd__price_usd_is_not_null.7c33019fb9
[0m21:28:08.403187 [info ] [Thread-1 (]: 4 of 23 START test dbt_utils_expression_is_true_stg_crypto_price_usd__price_usd_is_not_null  [RUN]
[0m21:28:08.404190 [debug] [Thread-1 (]: Re-using an available connection from the pool (formerly model.pulse_transform.stg_weather, now test.pulse_transform.dbt_utils_expression_is_true_stg_crypto_price_usd__price_usd_is_not_null.7c33019fb9)
[0m21:28:08.404190 [debug] [Thread-1 (]: Began compiling node test.pulse_transform.dbt_utils_expression_is_true_stg_crypto_price_usd__price_usd_is_not_null.7c33019fb9
[0m21:28:08.437233 [debug] [Thread-1 (]: Compilation Error in test dbt_utils_expression_is_true_stg_crypto_price_usd__price_usd_is_not_null (models\schema.yml)
  'dbt_utils' is undefined. This can happen when calling a macro that does not exist. Check for typos and/or install package dependencies with "dbt deps".
[0m21:28:08.437734 [error] [Thread-1 (]: 4 of 23 ERROR dbt_utils_expression_is_true_stg_crypto_price_usd__price_usd_is_not_null  [[31mERROR[0m in 0.03s]
[0m21:28:08.437734 [debug] [Thread-1 (]: Finished running node test.pulse_transform.dbt_utils_expression_is_true_stg_crypto_price_usd__price_usd_is_not_null.7c33019fb9
[0m21:28:08.438740 [debug] [Thread-1 (]: Began running node test.pulse_transform.not_null_stg_crypto_coin.1a9a7af2fe
[0m21:28:08.438740 [debug] [Thread-4 (]: Marking all children of 'test.pulse_transform.dbt_utils_expression_is_true_stg_crypto_price_usd__price_usd_is_not_null.7c33019fb9' to be skipped because of status 'error'.  Reason: Compilation Error in test dbt_utils_expression_is_true_stg_crypto_price_usd__price_usd_is_not_null (models\schema.yml)
  'dbt_utils' is undefined. This can happen when calling a macro that does not exist. Check for typos and/or install package dependencies with "dbt deps"..
[0m21:28:08.439245 [info ] [Thread-1 (]: 5 of 23 START test not_null_stg_crypto_coin .................................... [RUN]
[0m21:28:08.440245 [debug] [Thread-1 (]: Re-using an available connection from the pool (formerly test.pulse_transform.dbt_utils_expression_is_true_stg_crypto_price_usd__price_usd_is_not_null.7c33019fb9, now test.pulse_transform.not_null_stg_crypto_coin.1a9a7af2fe)
[0m21:28:08.440245 [debug] [Thread-1 (]: Began compiling node test.pulse_transform.not_null_stg_crypto_coin.1a9a7af2fe
[0m21:28:08.447250 [debug] [Thread-1 (]: Writing injected SQL for node "test.pulse_transform.not_null_stg_crypto_coin.1a9a7af2fe"
[0m21:28:08.447752 [debug] [Thread-1 (]: Began executing node test.pulse_transform.not_null_stg_crypto_coin.1a9a7af2fe
[0m21:28:08.458258 [debug] [Thread-1 (]: Writing runtime sql for node "test.pulse_transform.not_null_stg_crypto_coin.1a9a7af2fe"
[0m21:28:08.459259 [debug] [Thread-1 (]: Using postgres connection "test.pulse_transform.not_null_stg_crypto_coin.1a9a7af2fe"
[0m21:28:08.459259 [debug] [Thread-1 (]: On test.pulse_transform.not_null_stg_crypto_coin.1a9a7af2fe: /* {"app": "dbt", "dbt_version": "1.12.0", "profile_name": "pulse_transform_profile", "target_name": "dev", "node_id": "test.pulse_transform.not_null_stg_crypto_coin.1a9a7af2fe"} */

    
    select
      count(*) as failures,
      count(*) != 0 as should_warn,
      count(*) != 0 as should_error
    from (
      
    
  
    
    



select coin
from "pulse"."public_public"."stg_crypto"
where coin is null



  
  
      
    ) dbt_internal_test
[0m21:28:08.459761 [debug] [Thread-1 (]: Opening a new connection, currently in state closed
[0m21:28:08.484287 [debug] [Thread-1 (]: SQL status: SELECT 1 in 0.024 seconds
[0m21:28:08.485789 [debug] [Thread-1 (]: On test.pulse_transform.not_null_stg_crypto_coin.1a9a7af2fe: ROLLBACK
[0m21:28:08.486796 [debug] [Thread-1 (]: On test.pulse_transform.not_null_stg_crypto_coin.1a9a7af2fe: Close
[0m21:28:08.487302 [info ] [Thread-1 (]: 5 of 23 PASS not_null_stg_crypto_coin .......................................... [[32mPASS[0m in 0.05s]
[0m21:28:08.487803 [debug] [Thread-1 (]: Finished running node test.pulse_transform.not_null_stg_crypto_coin.1a9a7af2fe
[0m21:28:08.487803 [debug] [Thread-1 (]: Began running node test.pulse_transform.not_null_stg_crypto_id.6ded0cac78
[0m21:28:08.488302 [info ] [Thread-1 (]: 6 of 23 START test not_null_stg_crypto_id ...................................... [RUN]
[0m21:28:08.488802 [debug] [Thread-1 (]: Re-using an available connection from the pool (formerly test.pulse_transform.not_null_stg_crypto_coin.1a9a7af2fe, now test.pulse_transform.not_null_stg_crypto_id.6ded0cac78)
[0m21:28:08.488802 [debug] [Thread-1 (]: Began compiling node test.pulse_transform.not_null_stg_crypto_id.6ded0cac78
[0m21:28:08.493803 [debug] [Thread-1 (]: Writing injected SQL for node "test.pulse_transform.not_null_stg_crypto_id.6ded0cac78"
[0m21:28:08.494803 [debug] [Thread-1 (]: Began executing node test.pulse_transform.not_null_stg_crypto_id.6ded0cac78
[0m21:28:08.495801 [debug] [Thread-1 (]: Writing runtime sql for node "test.pulse_transform.not_null_stg_crypto_id.6ded0cac78"
[0m21:28:08.495801 [debug] [Thread-1 (]: Using postgres connection "test.pulse_transform.not_null_stg_crypto_id.6ded0cac78"
[0m21:28:08.496805 [debug] [Thread-1 (]: On test.pulse_transform.not_null_stg_crypto_id.6ded0cac78: /* {"app": "dbt", "dbt_version": "1.12.0", "profile_name": "pulse_transform_profile", "target_name": "dev", "node_id": "test.pulse_transform.not_null_stg_crypto_id.6ded0cac78"} */

    
    select
      count(*) as failures,
      count(*) != 0 as should_warn,
      count(*) != 0 as should_error
    from (
      
    
  
    
    



select id
from "pulse"."public_public"."stg_crypto"
where id is null



  
  
      
    ) dbt_internal_test
[0m21:28:08.496805 [debug] [Thread-1 (]: Opening a new connection, currently in state closed
[0m21:28:08.525855 [debug] [Thread-1 (]: SQL status: SELECT 1 in 0.029 seconds
[0m21:28:08.527363 [debug] [Thread-1 (]: On test.pulse_transform.not_null_stg_crypto_id.6ded0cac78: ROLLBACK
[0m21:28:08.527862 [debug] [Thread-1 (]: On test.pulse_transform.not_null_stg_crypto_id.6ded0cac78: Close
[0m21:28:08.528369 [info ] [Thread-1 (]: 6 of 23 PASS not_null_stg_crypto_id ............................................ [[32mPASS[0m in 0.04s]
[0m21:28:08.528866 [debug] [Thread-1 (]: Finished running node test.pulse_transform.not_null_stg_crypto_id.6ded0cac78
[0m21:28:08.528866 [debug] [Thread-1 (]: Began running node test.pulse_transform.unique_stg_crypto_id.a906923065
[0m21:28:08.529365 [info ] [Thread-1 (]: 7 of 23 START test unique_stg_crypto_id ........................................ [RUN]
[0m21:28:08.529365 [debug] [Thread-1 (]: Re-using an available connection from the pool (formerly test.pulse_transform.not_null_stg_crypto_id.6ded0cac78, now test.pulse_transform.unique_stg_crypto_id.a906923065)
[0m21:28:08.529868 [debug] [Thread-1 (]: Began compiling node test.pulse_transform.unique_stg_crypto_id.a906923065
[0m21:28:08.535365 [debug] [Thread-1 (]: Writing injected SQL for node "test.pulse_transform.unique_stg_crypto_id.a906923065"
[0m21:28:08.535869 [debug] [Thread-1 (]: Began executing node test.pulse_transform.unique_stg_crypto_id.a906923065
[0m21:28:08.536873 [debug] [Thread-1 (]: Writing runtime sql for node "test.pulse_transform.unique_stg_crypto_id.a906923065"
[0m21:28:08.537377 [debug] [Thread-1 (]: Using postgres connection "test.pulse_transform.unique_stg_crypto_id.a906923065"
[0m21:28:08.537879 [debug] [Thread-1 (]: On test.pulse_transform.unique_stg_crypto_id.a906923065: /* {"app": "dbt", "dbt_version": "1.12.0", "profile_name": "pulse_transform_profile", "target_name": "dev", "node_id": "test.pulse_transform.unique_stg_crypto_id.a906923065"} */

    
    select
      count(*) as failures,
      count(*) != 0 as should_warn,
      count(*) != 0 as should_error
    from (
      
    
  
    
    

select
    id as unique_field,
    count(*) as n_records

from "pulse"."public_public"."stg_crypto"
where id is not null
group by id
having count(*) > 1



  
  
      
    ) dbt_internal_test
[0m21:28:08.537879 [debug] [Thread-1 (]: Opening a new connection, currently in state closed
[0m21:28:08.564403 [debug] [Thread-1 (]: SQL status: SELECT 1 in 0.026 seconds
[0m21:28:08.565907 [debug] [Thread-1 (]: On test.pulse_transform.unique_stg_crypto_id.a906923065: ROLLBACK
[0m21:28:08.565907 [debug] [Thread-1 (]: On test.pulse_transform.unique_stg_crypto_id.a906923065: Close
[0m21:28:08.566909 [info ] [Thread-1 (]: 7 of 23 PASS unique_stg_crypto_id .............................................. [[32mPASS[0m in 0.04s]
[0m21:28:08.567414 [debug] [Thread-1 (]: Finished running node test.pulse_transform.unique_stg_crypto_id.a906923065
[0m21:28:08.567414 [debug] [Thread-1 (]: Began running node test.pulse_transform.not_null_stg_sports_away_score.8a079e60bc
[0m21:28:08.567914 [info ] [Thread-1 (]: 8 of 23 START test not_null_stg_sports_away_score .............................. [RUN]
[0m21:28:08.568413 [debug] [Thread-1 (]: Re-using an available connection from the pool (formerly test.pulse_transform.unique_stg_crypto_id.a906923065, now test.pulse_transform.not_null_stg_sports_away_score.8a079e60bc)
[0m21:28:08.568413 [debug] [Thread-1 (]: Began compiling node test.pulse_transform.not_null_stg_sports_away_score.8a079e60bc
[0m21:28:08.573416 [debug] [Thread-1 (]: Writing injected SQL for node "test.pulse_transform.not_null_stg_sports_away_score.8a079e60bc"
[0m21:28:08.574413 [debug] [Thread-1 (]: Began executing node test.pulse_transform.not_null_stg_sports_away_score.8a079e60bc
[0m21:28:08.575413 [debug] [Thread-1 (]: Writing runtime sql for node "test.pulse_transform.not_null_stg_sports_away_score.8a079e60bc"
[0m21:28:08.575912 [debug] [Thread-1 (]: Using postgres connection "test.pulse_transform.not_null_stg_sports_away_score.8a079e60bc"
[0m21:28:08.575912 [debug] [Thread-1 (]: On test.pulse_transform.not_null_stg_sports_away_score.8a079e60bc: /* {"app": "dbt", "dbt_version": "1.12.0", "profile_name": "pulse_transform_profile", "target_name": "dev", "node_id": "test.pulse_transform.not_null_stg_sports_away_score.8a079e60bc"} */

    
    select
      count(*) as failures,
      count(*) != 0 as should_warn,
      count(*) != 0 as should_error
    from (
      
    
  
    
    



select away_score
from "pulse"."public_public"."stg_sports"
where away_score is null



  
  
      
    ) dbt_internal_test
[0m21:28:08.575912 [debug] [Thread-1 (]: Opening a new connection, currently in state closed
[0m21:28:08.604948 [debug] [Thread-1 (]: SQL status: SELECT 1 in 0.029 seconds
[0m21:28:08.605949 [debug] [Thread-1 (]: On test.pulse_transform.not_null_stg_sports_away_score.8a079e60bc: ROLLBACK
[0m21:28:08.605949 [debug] [Thread-1 (]: On test.pulse_transform.not_null_stg_sports_away_score.8a079e60bc: Close
[0m21:28:08.606952 [info ] [Thread-1 (]: 8 of 23 PASS not_null_stg_sports_away_score .................................... [[32mPASS[0m in 0.04s]
[0m21:28:08.607457 [debug] [Thread-1 (]: Finished running node test.pulse_transform.not_null_stg_sports_away_score.8a079e60bc
[0m21:28:08.607957 [debug] [Thread-1 (]: Began running node test.pulse_transform.not_null_stg_sports_away_team.cfb7ffdcd4
[0m21:28:08.607957 [info ] [Thread-1 (]: 9 of 23 START test not_null_stg_sports_away_team ............................... [RUN]
[0m21:28:08.608461 [debug] [Thread-1 (]: Re-using an available connection from the pool (formerly test.pulse_transform.not_null_stg_sports_away_score.8a079e60bc, now test.pulse_transform.not_null_stg_sports_away_team.cfb7ffdcd4)
[0m21:28:08.608961 [debug] [Thread-1 (]: Began compiling node test.pulse_transform.not_null_stg_sports_away_team.cfb7ffdcd4
[0m21:28:08.613961 [debug] [Thread-1 (]: Writing injected SQL for node "test.pulse_transform.not_null_stg_sports_away_team.cfb7ffdcd4"
[0m21:28:08.614461 [debug] [Thread-1 (]: Began executing node test.pulse_transform.not_null_stg_sports_away_team.cfb7ffdcd4
[0m21:28:08.615462 [debug] [Thread-1 (]: Writing runtime sql for node "test.pulse_transform.not_null_stg_sports_away_team.cfb7ffdcd4"
[0m21:28:08.615961 [debug] [Thread-1 (]: Using postgres connection "test.pulse_transform.not_null_stg_sports_away_team.cfb7ffdcd4"
[0m21:28:08.615961 [debug] [Thread-1 (]: On test.pulse_transform.not_null_stg_sports_away_team.cfb7ffdcd4: /* {"app": "dbt", "dbt_version": "1.12.0", "profile_name": "pulse_transform_profile", "target_name": "dev", "node_id": "test.pulse_transform.not_null_stg_sports_away_team.cfb7ffdcd4"} */

    
    select
      count(*) as failures,
      count(*) != 0 as should_warn,
      count(*) != 0 as should_error
    from (
      
    
  
    
    



select away_team
from "pulse"."public_public"."stg_sports"
where away_team is null



  
  
      
    ) dbt_internal_test
[0m21:28:08.615961 [debug] [Thread-1 (]: Opening a new connection, currently in state closed
[0m21:28:08.642012 [debug] [Thread-1 (]: SQL status: SELECT 1 in 0.025 seconds
[0m21:28:08.643010 [debug] [Thread-1 (]: On test.pulse_transform.not_null_stg_sports_away_team.cfb7ffdcd4: ROLLBACK
[0m21:28:08.643510 [debug] [Thread-1 (]: On test.pulse_transform.not_null_stg_sports_away_team.cfb7ffdcd4: Close
[0m21:28:08.644010 [info ] [Thread-1 (]: 9 of 23 PASS not_null_stg_sports_away_team ..................................... [[32mPASS[0m in 0.04s]
[0m21:28:08.644510 [debug] [Thread-1 (]: Finished running node test.pulse_transform.not_null_stg_sports_away_team.cfb7ffdcd4
[0m21:28:08.645012 [debug] [Thread-1 (]: Began running node test.pulse_transform.not_null_stg_sports_game_date.7a0e7af6c4
[0m21:28:08.645012 [info ] [Thread-1 (]: 10 of 23 START test not_null_stg_sports_game_date .............................. [RUN]
[0m21:28:08.645512 [debug] [Thread-1 (]: Re-using an available connection from the pool (formerly test.pulse_transform.not_null_stg_sports_away_team.cfb7ffdcd4, now test.pulse_transform.not_null_stg_sports_game_date.7a0e7af6c4)
[0m21:28:08.645512 [debug] [Thread-1 (]: Began compiling node test.pulse_transform.not_null_stg_sports_game_date.7a0e7af6c4
[0m21:28:08.650022 [debug] [Thread-1 (]: Writing injected SQL for node "test.pulse_transform.not_null_stg_sports_game_date.7a0e7af6c4"
[0m21:28:08.650524 [debug] [Thread-1 (]: Began executing node test.pulse_transform.not_null_stg_sports_game_date.7a0e7af6c4
[0m21:28:08.651523 [debug] [Thread-1 (]: Writing runtime sql for node "test.pulse_transform.not_null_stg_sports_game_date.7a0e7af6c4"
[0m21:28:08.652024 [debug] [Thread-1 (]: Using postgres connection "test.pulse_transform.not_null_stg_sports_game_date.7a0e7af6c4"
[0m21:28:08.652522 [debug] [Thread-1 (]: On test.pulse_transform.not_null_stg_sports_game_date.7a0e7af6c4: /* {"app": "dbt", "dbt_version": "1.12.0", "profile_name": "pulse_transform_profile", "target_name": "dev", "node_id": "test.pulse_transform.not_null_stg_sports_game_date.7a0e7af6c4"} */

    
    select
      count(*) as failures,
      count(*) != 0 as should_warn,
      count(*) != 0 as should_error
    from (
      
    
  
    
    



select game_date
from "pulse"."public_public"."stg_sports"
where game_date is null



  
  
      
    ) dbt_internal_test
[0m21:28:08.652522 [debug] [Thread-1 (]: Opening a new connection, currently in state closed
[0m21:28:08.677561 [debug] [Thread-1 (]: SQL status: SELECT 1 in 0.024 seconds
[0m21:28:08.678561 [debug] [Thread-1 (]: On test.pulse_transform.not_null_stg_sports_game_date.7a0e7af6c4: ROLLBACK
[0m21:28:08.679060 [debug] [Thread-1 (]: On test.pulse_transform.not_null_stg_sports_game_date.7a0e7af6c4: Close
[0m21:28:08.679562 [info ] [Thread-1 (]: 10 of 23 PASS not_null_stg_sports_game_date .................................... [[32mPASS[0m in 0.03s]
[0m21:28:08.680063 [debug] [Thread-1 (]: Finished running node test.pulse_transform.not_null_stg_sports_game_date.7a0e7af6c4
[0m21:28:08.680563 [debug] [Thread-1 (]: Began running node test.pulse_transform.not_null_stg_sports_home_score.e8726cdba9
[0m21:28:08.680563 [info ] [Thread-1 (]: 11 of 23 START test not_null_stg_sports_home_score ............................. [RUN]
[0m21:28:08.681063 [debug] [Thread-1 (]: Re-using an available connection from the pool (formerly test.pulse_transform.not_null_stg_sports_game_date.7a0e7af6c4, now test.pulse_transform.not_null_stg_sports_home_score.e8726cdba9)
[0m21:28:08.681562 [debug] [Thread-1 (]: Began compiling node test.pulse_transform.not_null_stg_sports_home_score.e8726cdba9
[0m21:28:08.685564 [debug] [Thread-1 (]: Writing injected SQL for node "test.pulse_transform.not_null_stg_sports_home_score.e8726cdba9"
[0m21:28:08.685564 [debug] [Thread-1 (]: Began executing node test.pulse_transform.not_null_stg_sports_home_score.e8726cdba9
[0m21:28:08.687072 [debug] [Thread-1 (]: Writing runtime sql for node "test.pulse_transform.not_null_stg_sports_home_score.e8726cdba9"
[0m21:28:08.687572 [debug] [Thread-1 (]: Using postgres connection "test.pulse_transform.not_null_stg_sports_home_score.e8726cdba9"
[0m21:28:08.688075 [debug] [Thread-1 (]: On test.pulse_transform.not_null_stg_sports_home_score.e8726cdba9: /* {"app": "dbt", "dbt_version": "1.12.0", "profile_name": "pulse_transform_profile", "target_name": "dev", "node_id": "test.pulse_transform.not_null_stg_sports_home_score.e8726cdba9"} */

    
    select
      count(*) as failures,
      count(*) != 0 as should_warn,
      count(*) != 0 as should_error
    from (
      
    
  
    
    



select home_score
from "pulse"."public_public"."stg_sports"
where home_score is null



  
  
      
    ) dbt_internal_test
[0m21:28:08.688075 [debug] [Thread-1 (]: Opening a new connection, currently in state closed
[0m21:28:08.714105 [debug] [Thread-1 (]: SQL status: SELECT 1 in 0.026 seconds
[0m21:28:08.715107 [debug] [Thread-1 (]: On test.pulse_transform.not_null_stg_sports_home_score.e8726cdba9: ROLLBACK
[0m21:28:08.715603 [debug] [Thread-1 (]: On test.pulse_transform.not_null_stg_sports_home_score.e8726cdba9: Close
[0m21:28:08.715603 [info ] [Thread-1 (]: 11 of 23 PASS not_null_stg_sports_home_score ................................... [[32mPASS[0m in 0.03s]
[0m21:28:08.716609 [debug] [Thread-1 (]: Finished running node test.pulse_transform.not_null_stg_sports_home_score.e8726cdba9
[0m21:28:08.717116 [debug] [Thread-1 (]: Began running node test.pulse_transform.not_null_stg_sports_home_team.9d8def7714
[0m21:28:08.717116 [info ] [Thread-1 (]: 12 of 23 START test not_null_stg_sports_home_team .............................. [RUN]
[0m21:28:08.717616 [debug] [Thread-1 (]: Re-using an available connection from the pool (formerly test.pulse_transform.not_null_stg_sports_home_score.e8726cdba9, now test.pulse_transform.not_null_stg_sports_home_team.9d8def7714)
[0m21:28:08.717616 [debug] [Thread-1 (]: Began compiling node test.pulse_transform.not_null_stg_sports_home_team.9d8def7714
[0m21:28:08.721618 [debug] [Thread-1 (]: Writing injected SQL for node "test.pulse_transform.not_null_stg_sports_home_team.9d8def7714"
[0m21:28:08.722623 [debug] [Thread-1 (]: Began executing node test.pulse_transform.not_null_stg_sports_home_team.9d8def7714
[0m21:28:08.723623 [debug] [Thread-1 (]: Writing runtime sql for node "test.pulse_transform.not_null_stg_sports_home_team.9d8def7714"
[0m21:28:08.724123 [debug] [Thread-1 (]: Using postgres connection "test.pulse_transform.not_null_stg_sports_home_team.9d8def7714"
[0m21:28:08.724123 [debug] [Thread-1 (]: On test.pulse_transform.not_null_stg_sports_home_team.9d8def7714: /* {"app": "dbt", "dbt_version": "1.12.0", "profile_name": "pulse_transform_profile", "target_name": "dev", "node_id": "test.pulse_transform.not_null_stg_sports_home_team.9d8def7714"} */

    
    select
      count(*) as failures,
      count(*) != 0 as should_warn,
      count(*) != 0 as should_error
    from (
      
    
  
    
    



select home_team
from "pulse"."public_public"."stg_sports"
where home_team is null



  
  
      
    ) dbt_internal_test
[0m21:28:08.724621 [debug] [Thread-1 (]: Opening a new connection, currently in state closed
[0m21:28:08.750159 [debug] [Thread-1 (]: SQL status: SELECT 1 in 0.026 seconds
[0m21:28:08.751155 [debug] [Thread-1 (]: On test.pulse_transform.not_null_stg_sports_home_team.9d8def7714: ROLLBACK
[0m21:28:08.751656 [debug] [Thread-1 (]: On test.pulse_transform.not_null_stg_sports_home_team.9d8def7714: Close
[0m21:28:08.752157 [info ] [Thread-1 (]: 12 of 23 PASS not_null_stg_sports_home_team .................................... [[32mPASS[0m in 0.03s]
[0m21:28:08.752657 [debug] [Thread-1 (]: Finished running node test.pulse_transform.not_null_stg_sports_home_team.9d8def7714
[0m21:28:08.753656 [debug] [Thread-1 (]: Began running node test.pulse_transform.not_null_stg_sports_id.a70dda288b
[0m21:28:08.754157 [info ] [Thread-1 (]: 13 of 23 START test not_null_stg_sports_id ..................................... [RUN]
[0m21:28:08.754157 [debug] [Thread-1 (]: Re-using an available connection from the pool (formerly test.pulse_transform.not_null_stg_sports_home_team.9d8def7714, now test.pulse_transform.not_null_stg_sports_id.a70dda288b)
[0m21:28:08.754657 [debug] [Thread-1 (]: Began compiling node test.pulse_transform.not_null_stg_sports_id.a70dda288b
[0m21:28:08.758664 [debug] [Thread-1 (]: Writing injected SQL for node "test.pulse_transform.not_null_stg_sports_id.a70dda288b"
[0m21:28:08.759668 [debug] [Thread-1 (]: Began executing node test.pulse_transform.not_null_stg_sports_id.a70dda288b
[0m21:28:08.760668 [debug] [Thread-1 (]: Writing runtime sql for node "test.pulse_transform.not_null_stg_sports_id.a70dda288b"
[0m21:28:08.761168 [debug] [Thread-1 (]: Using postgres connection "test.pulse_transform.not_null_stg_sports_id.a70dda288b"
[0m21:28:08.761668 [debug] [Thread-1 (]: On test.pulse_transform.not_null_stg_sports_id.a70dda288b: /* {"app": "dbt", "dbt_version": "1.12.0", "profile_name": "pulse_transform_profile", "target_name": "dev", "node_id": "test.pulse_transform.not_null_stg_sports_id.a70dda288b"} */

    
    select
      count(*) as failures,
      count(*) != 0 as should_warn,
      count(*) != 0 as should_error
    from (
      
    
  
    
    



select id
from "pulse"."public_public"."stg_sports"
where id is null



  
  
      
    ) dbt_internal_test
[0m21:28:08.761668 [debug] [Thread-1 (]: Opening a new connection, currently in state closed
[0m21:28:08.791207 [debug] [Thread-1 (]: SQL status: SELECT 1 in 0.029 seconds
[0m21:28:08.792207 [debug] [Thread-1 (]: On test.pulse_transform.not_null_stg_sports_id.a70dda288b: ROLLBACK
[0m21:28:08.792207 [debug] [Thread-1 (]: On test.pulse_transform.not_null_stg_sports_id.a70dda288b: Close
[0m21:28:08.792707 [info ] [Thread-1 (]: 13 of 23 PASS not_null_stg_sports_id ........................................... [[32mPASS[0m in 0.04s]
[0m21:28:08.793207 [debug] [Thread-1 (]: Finished running node test.pulse_transform.not_null_stg_sports_id.a70dda288b
[0m21:28:08.793707 [debug] [Thread-1 (]: Began running node test.pulse_transform.accepted_values_stg_weather_condition__clear__mainly_clear__partly_cloudy__overcast__fog__depositing_rime_fog__drizzle_light__drizzle_moderate__drizzle_dense__freezing_drizzle_light__freezing_drizzle_dense__rain_slight__rain_moderate__rain_heavy__freezing_rain_light__freezing_rain_heavy__snow_fall_slight__snow_fall_moderate__snow_fall_heavy__snow_grains__rain_showers_slight__rain_showers_moderate__rain_showers_violent__snow_showers_slight__snow_showers_heavy__thunderstorm_slight_or_moderate__thunderstorm_hail_slight__thunderstorm_hail_heavy__unknown.49df99636f
[0m21:28:08.794207 [info ] [Thread-1 (]: 14 of 23 START test accepted_values_stg_weather_condition__clear__mainly_clear__partly_cloudy__overcast__fog__depositing_rime_fog__drizzle_light__drizzle_moderate__drizzle_dense__freezing_drizzle_light__freezing_drizzle_dense__rain_slight__rain_moderate__rain_heavy__freezing_rain_light__freezing_rain_heavy__snow_fall_slight__snow_fall_moderate__snow_fall_heavy__snow_grains__rain_showers_slight__rain_showers_moderate__rain_showers_violent__snow_showers_slight__snow_showers_heavy__thunderstorm_slight_or_moderate__thunderstorm_hail_slight__thunderstorm_hail_heavy__unknown  [RUN]
[0m21:28:08.794707 [debug] [Thread-1 (]: Re-using an available connection from the pool (formerly test.pulse_transform.not_null_stg_sports_id.a70dda288b, now test.pulse_transform.accepted_values_stg_weather_condition__clear__mainly_clear__partly_cloudy__overcast__fog__depositing_rime_fog__drizzle_light__drizzle_moderate__drizzle_dense__freezing_drizzle_light__freezing_drizzle_dense__rain_slight__rain_moderate__rain_heavy__freezing_rain_light__freezing_rain_heavy__snow_fall_slight__snow_fall_moderate__snow_fall_heavy__snow_grains__rain_showers_slight__rain_showers_moderate__rain_showers_violent__snow_showers_slight__snow_showers_heavy__thunderstorm_slight_or_moderate__thunderstorm_hail_slight__thunderstorm_hail_heavy__unknown.49df99636f)
[0m21:28:08.794707 [debug] [Thread-1 (]: Began compiling node test.pulse_transform.accepted_values_stg_weather_condition__clear__mainly_clear__partly_cloudy__overcast__fog__depositing_rime_fog__drizzle_light__drizzle_moderate__drizzle_dense__freezing_drizzle_light__freezing_drizzle_dense__rain_slight__rain_moderate__rain_heavy__freezing_rain_light__freezing_rain_heavy__snow_fall_slight__snow_fall_moderate__snow_fall_heavy__snow_grains__rain_showers_slight__rain_showers_moderate__rain_showers_violent__snow_showers_slight__snow_showers_heavy__thunderstorm_slight_or_moderate__thunderstorm_hail_slight__thunderstorm_hail_heavy__unknown.49df99636f
[0m21:28:08.799216 [debug] [Thread-1 (]: Writing injected SQL for node "test.pulse_transform.accepted_values_stg_weather_condition__clear__mainly_clear__partly_cloudy__overcast__fog__depositing_rime_fog__drizzle_light__drizzle_moderate__drizzle_dense__freezing_drizzle_light__freezing_drizzle_dense__rain_slight__rain_moderate__rain_heavy__freezing_rain_light__freezing_rain_heavy__snow_fall_slight__snow_fall_moderate__snow_fall_heavy__snow_grains__rain_showers_slight__rain_showers_moderate__rain_showers_violent__snow_showers_slight__snow_showers_heavy__thunderstorm_slight_or_moderate__thunderstorm_hail_slight__thunderstorm_hail_heavy__unknown.49df99636f"
[0m21:28:08.800216 [debug] [Thread-1 (]: Began executing node test.pulse_transform.accepted_values_stg_weather_condition__clear__mainly_clear__partly_cloudy__overcast__fog__depositing_rime_fog__drizzle_light__drizzle_moderate__drizzle_dense__freezing_drizzle_light__freezing_drizzle_dense__rain_slight__rain_moderate__rain_heavy__freezing_rain_light__freezing_rain_heavy__snow_fall_slight__snow_fall_moderate__snow_fall_heavy__snow_grains__rain_showers_slight__rain_showers_moderate__rain_showers_violent__snow_showers_slight__snow_showers_heavy__thunderstorm_slight_or_moderate__thunderstorm_hail_slight__thunderstorm_hail_heavy__unknown.49df99636f
[0m21:28:08.801216 [debug] [Thread-1 (]: Writing runtime sql for node "test.pulse_transform.accepted_values_stg_weather_condition__clear__mainly_clear__partly_cloudy__overcast__fog__depositing_rime_fog__drizzle_light__drizzle_moderate__drizzle_dense__freezing_drizzle_light__freezing_drizzle_dense__rain_slight__rain_moderate__rain_heavy__freezing_rain_light__freezing_rain_heavy__snow_fall_slight__snow_fall_moderate__snow_fall_heavy__snow_grains__rain_showers_slight__rain_showers_moderate__rain_showers_violent__snow_showers_slight__snow_showers_heavy__thunderstorm_slight_or_moderate__thunderstorm_hail_slight__thunderstorm_hail_heavy__unknown.49df99636f"
[0m21:28:08.802216 [debug] [Thread-1 (]: Using postgres connection "test.pulse_transform.accepted_values_stg_weather_condition__clear__mainly_clear__partly_cloudy__overcast__fog__depositing_rime_fog__drizzle_light__drizzle_moderate__drizzle_dense__freezing_drizzle_light__freezing_drizzle_dense__rain_slight__rain_moderate__rain_heavy__freezing_rain_light__freezing_rain_heavy__snow_fall_slight__snow_fall_moderate__snow_fall_heavy__snow_grains__rain_showers_slight__rain_showers_moderate__rain_showers_violent__snow_showers_slight__snow_showers_heavy__thunderstorm_slight_or_moderate__thunderstorm_hail_slight__thunderstorm_hail_heavy__unknown.49df99636f"
[0m21:28:08.802719 [debug] [Thread-1 (]: On test.pulse_transform.accepted_values_stg_weather_condition__clear__mainly_clear__partly_cloudy__overcast__fog__depositing_rime_fog__drizzle_light__drizzle_moderate__drizzle_dense__freezing_drizzle_light__freezing_drizzle_dense__rain_slight__rain_moderate__rain_heavy__freezing_rain_light__freezing_rain_heavy__snow_fall_slight__snow_fall_moderate__snow_fall_heavy__snow_grains__rain_showers_slight__rain_showers_moderate__rain_showers_violent__snow_showers_slight__snow_showers_heavy__thunderstorm_slight_or_moderate__thunderstorm_hail_slight__thunderstorm_hail_heavy__unknown.49df99636f: /* {"app": "dbt", "dbt_version": "1.12.0", "profile_name": "pulse_transform_profile", "target_name": "dev", "node_id": "test.pulse_transform.accepted_values_stg_weather_condition__clear__mainly_clear__partly_cloudy__overcast__fog__depositing_rime_fog__drizzle_light__drizzle_moderate__drizzle_dense__freezing_drizzle_light__freezing_drizzle_dense__rain_slight__rain_moderate__rain_heavy__freezing_rain_light__freezing_rain_heavy__snow_fall_slight__snow_fall_moderate__snow_fall_heavy__snow_grains__rain_showers_slight__rain_showers_moderate__rain_showers_violent__snow_showers_slight__snow_showers_heavy__thunderstorm_slight_or_moderate__thunderstorm_hail_slight__thunderstorm_hail_heavy__unknown.49df99636f"} */

    
    select
      count(*) as failures,
      count(*) != 0 as should_warn,
      count(*) != 0 as should_error
    from (
      
    
  
    
    

with all_values as (

    select
        condition as value_field,
        count(*) as n_records

    from "pulse"."public_public"."stg_weather"
    group by condition

)

select *
from all_values
where value_field not in (
    'clear','mainly_clear','partly_cloudy','overcast','fog','depositing_rime_fog','drizzle_light','drizzle_moderate','drizzle_dense','freezing_drizzle_light','freezing_drizzle_dense','rain_slight','rain_moderate','rain_heavy','freezing_rain_light','freezing_rain_heavy','snow_fall_slight','snow_fall_moderate','snow_fall_heavy','snow_grains','rain_showers_slight','rain_showers_moderate','rain_showers_violent','snow_showers_slight','snow_showers_heavy','thunderstorm_slight_or_moderate','thunderstorm_hail_slight','thunderstorm_hail_heavy','unknown'
)



  
  
      
    ) dbt_internal_test
[0m21:28:08.802719 [debug] [Thread-1 (]: Opening a new connection, currently in state closed
[0m21:28:08.827266 [debug] [Thread-1 (]: SQL status: SELECT 1 in 0.024 seconds
[0m21:28:08.828770 [debug] [Thread-1 (]: On test.pulse_transform.accepted_values_stg_weather_condition__clear__mainly_clear__partly_cloudy__overcast__fog__depositing_rime_fog__drizzle_light__drizzle_moderate__drizzle_dense__freezing_drizzle_light__freezing_drizzle_dense__rain_slight__rain_moderate__rain_heavy__freezing_rain_light__freezing_rain_heavy__snow_fall_slight__snow_fall_moderate__snow_fall_heavy__snow_grains__rain_showers_slight__rain_showers_moderate__rain_showers_violent__snow_showers_slight__snow_showers_heavy__thunderstorm_slight_or_moderate__thunderstorm_hail_slight__thunderstorm_hail_heavy__unknown.49df99636f: ROLLBACK
[0m21:28:08.828770 [debug] [Thread-1 (]: On test.pulse_transform.accepted_values_stg_weather_condition__clear__mainly_clear__partly_cloudy__overcast__fog__depositing_rime_fog__drizzle_light__drizzle_moderate__drizzle_dense__freezing_drizzle_light__freezing_drizzle_dense__rain_slight__rain_moderate__rain_heavy__freezing_rain_light__freezing_rain_heavy__snow_fall_slight__snow_fall_moderate__snow_fall_heavy__snow_grains__rain_showers_slight__rain_showers_moderate__rain_showers_violent__snow_showers_slight__snow_showers_heavy__thunderstorm_slight_or_moderate__thunderstorm_hail_slight__thunderstorm_hail_heavy__unknown.49df99636f: Close
[0m21:28:08.829270 [info ] [Thread-1 (]: 14 of 23 PASS accepted_values_stg_weather_condition__clear__mainly_clear__partly_cloudy__overcast__fog__depositing_rime_fog__drizzle_light__drizzle_moderate__drizzle_dense__freezing_drizzle_light__freezing_drizzle_dense__rain_slight__rain_moderate__rain_heavy__freezing_rain_light__freezing_rain_heavy__snow_fall_slight__snow_fall_moderate__snow_fall_heavy__snow_grains__rain_showers_slight__rain_showers_moderate__rain_showers_violent__snow_showers_slight__snow_showers_heavy__thunderstorm_slight_or_moderate__thunderstorm_hail_slight__thunderstorm_hail_heavy__unknown  [[32mPASS[0m in 0.04s]
[0m21:28:08.829772 [debug] [Thread-1 (]: Finished running node test.pulse_transform.accepted_values_stg_weather_condition__clear__mainly_clear__partly_cloudy__overcast__fog__depositing_rime_fog__drizzle_light__drizzle_moderate__drizzle_dense__freezing_drizzle_light__freezing_drizzle_dense__rain_slight__rain_moderate__rain_heavy__freezing_rain_light__freezing_rain_heavy__snow_fall_slight__snow_fall_moderate__snow_fall_heavy__snow_grains__rain_showers_slight__rain_showers_moderate__rain_showers_violent__snow_showers_slight__snow_showers_heavy__thunderstorm_slight_or_moderate__thunderstorm_hail_slight__thunderstorm_hail_heavy__unknown.49df99636f
[0m21:28:08.830271 [debug] [Thread-1 (]: Began running node test.pulse_transform.not_null_stg_weather_city.c03e0c0127
[0m21:28:08.830271 [info ] [Thread-1 (]: 15 of 23 START test not_null_stg_weather_city .................................. [RUN]
[0m21:28:08.831269 [debug] [Thread-1 (]: Re-using an available connection from the pool (formerly test.pulse_transform.accepted_values_stg_weather_condition__clear__mainly_clear__partly_cloudy__overcast__fog__depositing_rime_fog__drizzle_light__drizzle_moderate__drizzle_dense__freezing_drizzle_light__freezing_drizzle_dense__rain_slight__rain_moderate__rain_heavy__freezing_rain_light__freezing_rain_heavy__snow_fall_slight__snow_fall_moderate__snow_fall_heavy__snow_grains__rain_showers_slight__rain_showers_moderate__rain_showers_violent__snow_showers_slight__snow_showers_heavy__thunderstorm_slight_or_moderate__thunderstorm_hail_slight__thunderstorm_hail_heavy__unknown.49df99636f, now test.pulse_transform.not_null_stg_weather_city.c03e0c0127)
[0m21:28:08.831269 [debug] [Thread-1 (]: Began compiling node test.pulse_transform.not_null_stg_weather_city.c03e0c0127
[0m21:28:08.835270 [debug] [Thread-1 (]: Writing injected SQL for node "test.pulse_transform.not_null_stg_weather_city.c03e0c0127"
[0m21:28:08.835771 [debug] [Thread-1 (]: Began executing node test.pulse_transform.not_null_stg_weather_city.c03e0c0127
[0m21:28:08.836775 [debug] [Thread-1 (]: Writing runtime sql for node "test.pulse_transform.not_null_stg_weather_city.c03e0c0127"
[0m21:28:08.837782 [debug] [Thread-1 (]: Using postgres connection "test.pulse_transform.not_null_stg_weather_city.c03e0c0127"
[0m21:28:08.837782 [debug] [Thread-1 (]: On test.pulse_transform.not_null_stg_weather_city.c03e0c0127: /* {"app": "dbt", "dbt_version": "1.12.0", "profile_name": "pulse_transform_profile", "target_name": "dev", "node_id": "test.pulse_transform.not_null_stg_weather_city.c03e0c0127"} */

    
    select
      count(*) as failures,
      count(*) != 0 as should_warn,
      count(*) != 0 as should_error
    from (
      
    
  
    
    



select city
from "pulse"."public_public"."stg_weather"
where city is null



  
  
      
    ) dbt_internal_test
[0m21:28:08.838279 [debug] [Thread-1 (]: Opening a new connection, currently in state closed
[0m21:28:08.863302 [debug] [Thread-1 (]: SQL status: SELECT 1 in 0.025 seconds
[0m21:28:08.864301 [debug] [Thread-1 (]: On test.pulse_transform.not_null_stg_weather_city.c03e0c0127: ROLLBACK
[0m21:28:08.864802 [debug] [Thread-1 (]: On test.pulse_transform.not_null_stg_weather_city.c03e0c0127: Close
[0m21:28:08.865303 [info ] [Thread-1 (]: 15 of 23 PASS not_null_stg_weather_city ........................................ [[32mPASS[0m in 0.03s]
[0m21:28:08.865303 [debug] [Thread-1 (]: Finished running node test.pulse_transform.not_null_stg_weather_city.c03e0c0127
[0m21:28:08.866306 [debug] [Thread-1 (]: Began running node test.pulse_transform.not_null_stg_weather_condition.0c9e947318
[0m21:28:08.866306 [info ] [Thread-1 (]: 16 of 23 START test not_null_stg_weather_condition ............................. [RUN]
[0m21:28:08.866812 [debug] [Thread-1 (]: Re-using an available connection from the pool (formerly test.pulse_transform.not_null_stg_weather_city.c03e0c0127, now test.pulse_transform.not_null_stg_weather_condition.0c9e947318)
[0m21:28:08.867309 [debug] [Thread-1 (]: Began compiling node test.pulse_transform.not_null_stg_weather_condition.0c9e947318
[0m21:28:08.871314 [debug] [Thread-1 (]: Writing injected SQL for node "test.pulse_transform.not_null_stg_weather_condition.0c9e947318"
[0m21:28:08.871814 [debug] [Thread-1 (]: Began executing node test.pulse_transform.not_null_stg_weather_condition.0c9e947318
[0m21:28:08.873314 [debug] [Thread-1 (]: Writing runtime sql for node "test.pulse_transform.not_null_stg_weather_condition.0c9e947318"
[0m21:28:08.874315 [debug] [Thread-1 (]: Using postgres connection "test.pulse_transform.not_null_stg_weather_condition.0c9e947318"
[0m21:28:08.874315 [debug] [Thread-1 (]: On test.pulse_transform.not_null_stg_weather_condition.0c9e947318: /* {"app": "dbt", "dbt_version": "1.12.0", "profile_name": "pulse_transform_profile", "target_name": "dev", "node_id": "test.pulse_transform.not_null_stg_weather_condition.0c9e947318"} */

    
    select
      count(*) as failures,
      count(*) != 0 as should_warn,
      count(*) != 0 as should_error
    from (
      
    
  
    
    



select condition
from "pulse"."public_public"."stg_weather"
where condition is null



  
  
      
    ) dbt_internal_test
[0m21:28:08.874814 [debug] [Thread-1 (]: Opening a new connection, currently in state closed
[0m21:28:08.900349 [debug] [Thread-1 (]: SQL status: SELECT 1 in 0.026 seconds
[0m21:28:08.901849 [debug] [Thread-1 (]: On test.pulse_transform.not_null_stg_weather_condition.0c9e947318: ROLLBACK
[0m21:28:08.902350 [debug] [Thread-1 (]: On test.pulse_transform.not_null_stg_weather_condition.0c9e947318: Close
[0m21:28:08.902350 [info ] [Thread-1 (]: 16 of 23 PASS not_null_stg_weather_condition ................................... [[32mPASS[0m in 0.04s]
[0m21:28:08.902851 [debug] [Thread-1 (]: Finished running node test.pulse_transform.not_null_stg_weather_condition.0c9e947318
[0m21:28:08.903350 [debug] [Thread-1 (]: Began running node test.pulse_transform.not_null_stg_weather_id.0e1828fa23
[0m21:28:08.903350 [info ] [Thread-1 (]: 17 of 23 START test not_null_stg_weather_id .................................... [RUN]
[0m21:28:08.903350 [debug] [Thread-1 (]: Re-using an available connection from the pool (formerly test.pulse_transform.not_null_stg_weather_condition.0c9e947318, now test.pulse_transform.not_null_stg_weather_id.0e1828fa23)
[0m21:28:08.904354 [debug] [Thread-1 (]: Began compiling node test.pulse_transform.not_null_stg_weather_id.0e1828fa23
[0m21:28:08.909871 [debug] [Thread-1 (]: Writing injected SQL for node "test.pulse_transform.not_null_stg_weather_id.0e1828fa23"
[0m21:28:08.910370 [debug] [Thread-1 (]: Began executing node test.pulse_transform.not_null_stg_weather_id.0e1828fa23
[0m21:28:08.911871 [debug] [Thread-1 (]: Writing runtime sql for node "test.pulse_transform.not_null_stg_weather_id.0e1828fa23"
[0m21:28:08.912370 [debug] [Thread-1 (]: Using postgres connection "test.pulse_transform.not_null_stg_weather_id.0e1828fa23"
[0m21:28:08.912869 [debug] [Thread-1 (]: On test.pulse_transform.not_null_stg_weather_id.0e1828fa23: /* {"app": "dbt", "dbt_version": "1.12.0", "profile_name": "pulse_transform_profile", "target_name": "dev", "node_id": "test.pulse_transform.not_null_stg_weather_id.0e1828fa23"} */

    
    select
      count(*) as failures,
      count(*) != 0 as should_warn,
      count(*) != 0 as should_error
    from (
      
    
  
    
    



select id
from "pulse"."public_public"."stg_weather"
where id is null



  
  
      
    ) dbt_internal_test
[0m21:28:08.912869 [debug] [Thread-1 (]: Opening a new connection, currently in state closed
[0m21:28:08.937411 [debug] [Thread-1 (]: SQL status: SELECT 1 in 0.024 seconds
[0m21:28:08.938414 [debug] [Thread-1 (]: On test.pulse_transform.not_null_stg_weather_id.0e1828fa23: ROLLBACK
[0m21:28:08.938414 [debug] [Thread-1 (]: On test.pulse_transform.not_null_stg_weather_id.0e1828fa23: Close
[0m21:28:08.938914 [info ] [Thread-1 (]: 17 of 23 PASS not_null_stg_weather_id .......................................... [[32mPASS[0m in 0.04s]
[0m21:28:08.939415 [debug] [Thread-1 (]: Finished running node test.pulse_transform.not_null_stg_weather_id.0e1828fa23
[0m21:28:08.939916 [debug] [Thread-1 (]: Began running node test.pulse_transform.not_null_stg_weather_temperature.fe647a6746
[0m21:28:08.940416 [info ] [Thread-1 (]: 18 of 23 START test not_null_stg_weather_temperature ........................... [RUN]
[0m21:28:08.940416 [debug] [Thread-1 (]: Re-using an available connection from the pool (formerly test.pulse_transform.not_null_stg_weather_id.0e1828fa23, now test.pulse_transform.not_null_stg_weather_temperature.fe647a6746)
[0m21:28:08.940915 [debug] [Thread-1 (]: Began compiling node test.pulse_transform.not_null_stg_weather_temperature.fe647a6746
[0m21:28:08.944929 [debug] [Thread-1 (]: Writing injected SQL for node "test.pulse_transform.not_null_stg_weather_temperature.fe647a6746"
[0m21:28:08.945929 [debug] [Thread-1 (]: Began executing node test.pulse_transform.not_null_stg_weather_temperature.fe647a6746
[0m21:28:08.946935 [debug] [Thread-1 (]: Writing runtime sql for node "test.pulse_transform.not_null_stg_weather_temperature.fe647a6746"
[0m21:28:08.947443 [debug] [Thread-1 (]: Using postgres connection "test.pulse_transform.not_null_stg_weather_temperature.fe647a6746"
[0m21:28:08.947940 [debug] [Thread-1 (]: On test.pulse_transform.not_null_stg_weather_temperature.fe647a6746: /* {"app": "dbt", "dbt_version": "1.12.0", "profile_name": "pulse_transform_profile", "target_name": "dev", "node_id": "test.pulse_transform.not_null_stg_weather_temperature.fe647a6746"} */

    
    select
      count(*) as failures,
      count(*) != 0 as should_warn,
      count(*) != 0 as should_error
    from (
      
    
  
    
    



select temperature
from "pulse"."public_public"."stg_weather"
where temperature is null



  
  
      
    ) dbt_internal_test
[0m21:28:08.947940 [debug] [Thread-1 (]: Opening a new connection, currently in state closed
[0m21:28:08.976968 [debug] [Thread-1 (]: SQL status: SELECT 1 in 0.029 seconds
[0m21:28:08.977972 [debug] [Thread-1 (]: On test.pulse_transform.not_null_stg_weather_temperature.fe647a6746: ROLLBACK
[0m21:28:08.978472 [debug] [Thread-1 (]: On test.pulse_transform.not_null_stg_weather_temperature.fe647a6746: Close
[0m21:28:08.978972 [info ] [Thread-1 (]: 18 of 23 PASS not_null_stg_weather_temperature ................................. [[32mPASS[0m in 0.04s]
[0m21:28:08.979472 [debug] [Thread-1 (]: Finished running node test.pulse_transform.not_null_stg_weather_temperature.fe647a6746
[0m21:28:08.979971 [debug] [Thread-1 (]: Began running node test.pulse_transform.unique_stg_weather_id.c42c665fbe
[0m21:28:08.979971 [info ] [Thread-1 (]: 19 of 23 START test unique_stg_weather_id ...................................... [RUN]
[0m21:28:08.980472 [debug] [Thread-1 (]: Re-using an available connection from the pool (formerly test.pulse_transform.not_null_stg_weather_temperature.fe647a6746, now test.pulse_transform.unique_stg_weather_id.c42c665fbe)
[0m21:28:08.980472 [debug] [Thread-1 (]: Began compiling node test.pulse_transform.unique_stg_weather_id.c42c665fbe
[0m21:28:08.984983 [debug] [Thread-1 (]: Writing injected SQL for node "test.pulse_transform.unique_stg_weather_id.c42c665fbe"
[0m21:28:08.985483 [debug] [Thread-1 (]: Began executing node test.pulse_transform.unique_stg_weather_id.c42c665fbe
[0m21:28:08.985983 [debug] [Thread-1 (]: Writing runtime sql for node "test.pulse_transform.unique_stg_weather_id.c42c665fbe"
[0m21:28:08.987492 [debug] [Thread-1 (]: Using postgres connection "test.pulse_transform.unique_stg_weather_id.c42c665fbe"
[0m21:28:08.987492 [debug] [Thread-1 (]: On test.pulse_transform.unique_stg_weather_id.c42c665fbe: /* {"app": "dbt", "dbt_version": "1.12.0", "profile_name": "pulse_transform_profile", "target_name": "dev", "node_id": "test.pulse_transform.unique_stg_weather_id.c42c665fbe"} */

    
    select
      count(*) as failures,
      count(*) != 0 as should_warn,
      count(*) != 0 as should_error
    from (
      
    
  
    
    

select
    id as unique_field,
    count(*) as n_records

from "pulse"."public_public"."stg_weather"
where id is not null
group by id
having count(*) > 1



  
  
      
    ) dbt_internal_test
[0m21:28:08.987992 [debug] [Thread-1 (]: Opening a new connection, currently in state closed
[0m21:28:09.014517 [debug] [Thread-1 (]: SQL status: SELECT 1 in 0.027 seconds
[0m21:28:09.016017 [debug] [Thread-1 (]: On test.pulse_transform.unique_stg_weather_id.c42c665fbe: ROLLBACK
[0m21:28:09.016017 [debug] [Thread-1 (]: On test.pulse_transform.unique_stg_weather_id.c42c665fbe: Close
[0m21:28:09.016017 [info ] [Thread-1 (]: 19 of 23 PASS unique_stg_weather_id ............................................ [[32mPASS[0m in 0.04s]
[0m21:28:09.017021 [debug] [Thread-1 (]: Finished running node test.pulse_transform.unique_stg_weather_id.c42c665fbe
[0m21:28:09.017526 [debug] [Thread-1 (]: Began running node model.pulse_transform.daily_summary
[0m21:28:09.018025 [info ] [Thread-1 (]: 20 of 23 SKIP relation public_public.daily_summary ............................. [[33mSKIP[0m]
[0m21:28:09.018526 [debug] [Thread-1 (]: Finished running node model.pulse_transform.daily_summary
[0m21:28:09.018526 [debug] [Thread-4 (]: Marking all children of 'model.pulse_transform.daily_summary' to be skipped because of status 'skipped'. 
[0m21:28:09.019026 [debug] [Thread-1 (]: Began running node test.pulse_transform.not_null_daily_summary_crypto_coin.2b3c1f82f7
[0m21:28:09.019526 [info ] [Thread-1 (]: 21 of 23 SKIP test not_null_daily_summary_crypto_coin .......................... [[33mSKIP[0m]
[0m21:28:09.020026 [debug] [Thread-1 (]: Finished running node test.pulse_transform.not_null_daily_summary_crypto_coin.2b3c1f82f7
[0m21:28:09.020026 [debug] [Thread-1 (]: Began running node test.pulse_transform.not_null_daily_summary_sports_game_date.d349270fc3
[0m21:28:09.020026 [debug] [Thread-4 (]: Marking all children of 'test.pulse_transform.not_null_daily_summary_crypto_coin.2b3c1f82f7' to be skipped because of status 'skipped'. 
[0m21:28:09.020026 [info ] [Thread-1 (]: 22 of 23 SKIP test not_null_daily_summary_sports_game_date ..................... [[33mSKIP[0m]
[0m21:28:09.021030 [debug] [Thread-1 (]: Finished running node test.pulse_transform.not_null_daily_summary_sports_game_date.d349270fc3
[0m21:28:09.021030 [debug] [Thread-1 (]: Began running node test.pulse_transform.not_null_daily_summary_weather_city.efc8b36fcc
[0m21:28:09.021030 [debug] [Thread-4 (]: Marking all children of 'test.pulse_transform.not_null_daily_summary_sports_game_date.d349270fc3' to be skipped because of status 'skipped'. 
[0m21:28:09.022046 [info ] [Thread-1 (]: 23 of 23 SKIP test not_null_daily_summary_weather_city ......................... [[33mSKIP[0m]
[0m21:28:09.022046 [debug] [Thread-1 (]: Finished running node test.pulse_transform.not_null_daily_summary_weather_city.efc8b36fcc
[0m21:28:09.022551 [debug] [Thread-4 (]: Marking all children of 'test.pulse_transform.not_null_daily_summary_weather_city.efc8b36fcc' to be skipped because of status 'skipped'. 
[0m21:28:09.023552 [debug] [MainThread]: On master: COMMIT
[0m21:28:09.023552 [debug] [MainThread]: Using postgres connection "master"
[0m21:28:09.024051 [debug] [MainThread]: On master: COMMIT
[0m21:28:09.024551 [debug] [MainThread]: Opening a new connection, currently in state closed
[0m21:28:09.048589 [debug] [MainThread]: SQL status: COMMIT in 0.024 seconds
[0m21:28:09.049091 [debug] [MainThread]: On master: Close
[0m21:28:09.049589 [debug] [MainThread]: Connection 'master' was properly closed.
[0m21:28:09.050089 [debug] [MainThread]: Connection 'list_pulse' was properly closed.
[0m21:28:09.050089 [debug] [MainThread]: Connection 'list_pulse_public_public' was properly closed.
[0m21:28:09.050089 [debug] [MainThread]: Connection 'test.pulse_transform.unique_stg_weather_id.c42c665fbe' was properly closed.
[0m21:28:09.050591 [info ] [MainThread]: 
[0m21:28:09.050591 [info ] [MainThread]: Finished running 4 table models, 19 data tests in 0 hours 0 minutes and 1.04 seconds (1.04s).
[0m21:28:09.052589 [debug] [MainThread]: Command end result
[0m21:28:09.075614 [debug] [MainThread]: Wrote artifact WritableManifest to C:\Users\Steve\OneDrive\Desktop\code\pulse\transform\target\manifest.json
[0m21:28:09.078128 [debug] [MainThread]: Wrote artifact SemanticManifest to C:\Users\Steve\OneDrive\Desktop\code\pulse\transform\target\semantic_manifest.json
[0m21:28:09.080626 [debug] [MainThread]: Wrote artifact OsiDocument to C:\Users\Steve\OneDrive\Desktop\code\pulse\transform\target\osi_document.json
[0m21:28:09.085128 [debug] [MainThread]: Wrote artifact RunExecutionResult to C:\Users\Steve\OneDrive\Desktop\code\pulse\transform\target\run_results.json
[0m21:28:09.085627 [info ] [MainThread]: 
[0m21:28:09.085627 [info ] [MainThread]: [31mCompleted with 1 error, 0 partial successes, and 0 warnings:[0m
[0m21:28:09.086631 [info ] [MainThread]: 
[0m21:28:09.087136 [error] [MainThread]: [[31mERROR[0m]: in test dbt_utils_expression_is_true_stg_crypto_price_usd__price_usd_is_not_null (models\schema.yml)
[0m21:28:09.087634 [error] [MainThread]:   Compilation Error in test dbt_utils_expression_is_true_stg_crypto_price_usd__price_usd_is_not_null (models\schema.yml)
  'dbt_utils' is undefined. This can happen when calling a macro that does not exist. Check for typos and/or install package dependencies with "dbt deps".
[0m21:28:09.087634 [info ] [MainThread]: 
[0m21:28:09.088135 [info ] [MainThread]: Done. PASS=18 WARN=0 ERROR=1 SKIP=4 NO-OP=0 REUSED=0 TOTAL=23
[0m21:28:09.088636 [warn ] [MainThread]: [[33mWARNING[0m][DeprecationsSummary]: Deprecated functionality
Summary of encountered deprecations:
- MissingArgumentsPropertyInGenericTestDeprecation: 2 occurrences
To see all deprecation instances instead of just the first occurrence of each,
run command again with the `--show-all-deprecations` flag. You may also need to
run with `--no-partial-parse` as some deprecations are only encountered during
parsing.
[0m21:28:09.089635 [debug] [MainThread]: Command `dbt build` failed at 21:28:09.089135 after 2.60 seconds
[0m21:28:09.089635 [debug] [MainThread]: Sending event: {'category': 'dbt', 'action': 'invocation', 'label': 'end', 'context': [<snowplow_tracker.self_describing_json.SelfDescribingJson object at 0x000001D57F851F70>, <snowplow_tracker.self_describing_json.SelfDescribingJson object at 0x000001D503D9F530>, <snowplow_tracker.self_describing_json.SelfDescribingJson object at 0x000001D503D9F590>]}
[0m21:28:09.090137 [debug] [MainThread]: Flushing usage events
[0m21:28:09.603300 [debug] [MainThread]: An error was encountered while trying to flush usage events
[0m21:28:40.354472 [debug] [MainThread]: Sending event: {'category': 'dbt', 'action': 'invocation', 'label': 'start', 'context': [<snowplow_tracker.self_describing_json.SelfDescribingJson object at 0x0000021008CEAF00>, <snowplow_tracker.self_describing_json.SelfDescribingJson object at 0x00000210065524B0>, <snowplow_tracker.self_describing_json.SelfDescribingJson object at 0x0000021007DCE3C0>]}


============================== 21:28:40.360488 | 3c52b109-950f-4e49-ac33-7152c3352a3e ==============================
[0m21:28:40.360488 [info ] [MainThread]: Running with dbt=1.12.0
[0m21:28:40.360488 [debug] [MainThread]: running dbt with arguments {'maximum_seed_size_mib': '1', 'no_print': 'None', 'static_parser': 'True', 'target_path': 'None', 'warn_error_options': 'WarnErrorOptionsV2(error=[], warn=[], silence=[])', 'version_check': 'True', 'printer_width': '80', 'write_json': 'True', 'introspect': 'True', 'log_cache_events': 'False', 'empty': 'False', 'cache_selected_only': 'False', 'log_format': 'default', 'debug': 'False', 'fail_fast': 'False', 'partial_parse': 'False', 'send_anonymous_usage_stats': 'True', 'quiet': 'False', 'warn_error': 'None', 'profiles_dir': '.', 'invocation_command': 'dbt build --profiles-dir . --no-partial-parse', 'hints_enabled': 'True', 'indirect_selection': 'eager', 'use_experimental_parser': 'False', 'use_colors': 'True', 'log_path': 'C:\\Users\\Steve\\OneDrive\\Desktop\\code\\pulse\\transform\\logs'}
[0m21:28:40.479193 [debug] [MainThread]: Sending event: {'category': 'dbt', 'action': 'project_id', 'label': '3c52b109-950f-4e49-ac33-7152c3352a3e', 'context': [<snowplow_tracker.self_describing_json.SelfDescribingJson object at 0x00000210090F13A0>]}
[0m21:28:40.520274 [debug] [MainThread]: Sending event: {'category': 'dbt', 'action': 'adapter_info', 'label': '3c52b109-950f-4e49-ac33-7152c3352a3e', 'context': [<snowplow_tracker.self_describing_json.SelfDescribingJson object at 0x000002100AF9A000>]}
[0m21:28:40.521276 [info ] [MainThread]: Registered adapter: postgres=1.11.0
[0m21:28:40.698509 [debug] [MainThread]: checksum: c88f2b38114df2604ccc177aea92f212ddffa831408be655762d132e6474640b, vars: {}, profile: pulse_transform_profile, target: dev, version: 1.12.0
[0m21:28:40.699010 [debug] [MainThread]: Partial parsing not enabled
[0m21:28:41.469041 [warn ] [MainThread]: [[33mWARNING[0m][MissingArgumentsPropertyInGenericTestDeprecation]: Deprecated
functionality
Found top-level arguments to test `accepted_values` defined on 'stg_weather' in
package 'pulse_transform' (models\schema.yml). Arguments to generic tests should
be nested under the `arguments` property.
[0m21:28:41.469544 [debug] [MainThread]: Sending event: {'category': 'dbt', 'action': 'deprecation', 'label': '3c52b109-950f-4e49-ac33-7152c3352a3e', 'property_': 'warn', 'context': [<snowplow_tracker.self_describing_json.SelfDescribingJson object at 0x000002100B8D24B0>]}
[0m21:28:41.630322 [debug] [MainThread]: Sending event: {'category': 'dbt', 'action': 'load_project', 'label': '3c52b109-950f-4e49-ac33-7152c3352a3e', 'context': [<snowplow_tracker.self_describing_json.SelfDescribingJson object at 0x000002100AF9A7E0>]}
[0m21:28:41.694908 [debug] [MainThread]: Wrote artifact WritableManifest to C:\Users\Steve\OneDrive\Desktop\code\pulse\transform\target\manifest.json
[0m21:28:41.696908 [debug] [MainThread]: Wrote artifact SemanticManifest to C:\Users\Steve\OneDrive\Desktop\code\pulse\transform\target\semantic_manifest.json
[0m21:28:41.718432 [debug] [MainThread]: Wrote artifact OsiDocument to C:\Users\Steve\OneDrive\Desktop\code\pulse\transform\target\osi_document.json
[0m21:28:41.743463 [debug] [MainThread]: Sending event: {'category': 'dbt', 'action': 'resource_counts', 'label': '3c52b109-950f-4e49-ac33-7152c3352a3e', 'context': [<snowplow_tracker.self_describing_json.SelfDescribingJson object at 0x000002100BB21910>]}
[0m21:28:41.743463 [info ] [MainThread]: Found 4 models, 19 data tests, 3 sources, 477 macros
[0m21:28:41.745465 [info ] [MainThread]: 
[0m21:28:41.745963 [info ] [MainThread]: Concurrency: 1 threads (target='dev')
[0m21:28:41.746463 [info ] [MainThread]: 
[0m21:28:41.746463 [debug] [MainThread]: Acquiring new postgres connection 'master'
[0m21:28:41.749474 [debug] [ThreadPool]: Acquiring new postgres connection 'list_pulse'
[0m21:28:41.800048 [debug] [ThreadPool]: Using postgres connection "list_pulse"
[0m21:28:41.800546 [debug] [ThreadPool]: On list_pulse: /* {"app": "dbt", "dbt_version": "1.12.0", "profile_name": "pulse_transform_profile", "target_name": "dev", "connection_name": "list_pulse"} */

    select distinct nspname from pg_namespace
  
[0m21:28:41.800546 [debug] [ThreadPool]: Opening a new connection, currently in state init
[0m21:28:41.835596 [debug] [ThreadPool]: SQL status: SELECT 5 in 0.035 seconds
[0m21:28:41.836592 [debug] [ThreadPool]: On list_pulse: Close
[0m21:28:41.838105 [debug] [ThreadPool]: Acquiring new postgres connection 'list_pulse_public_public'
[0m21:28:41.841603 [debug] [ThreadPool]: Using postgres connection "list_pulse_public_public"
[0m21:28:41.841603 [debug] [ThreadPool]: On list_pulse_public_public: /* {"app": "dbt", "dbt_version": "1.12.0", "profile_name": "pulse_transform_profile", "target_name": "dev", "connection_name": "list_pulse_public_public"} */
select
      'pulse' as database,
      tablename as name,
      schemaname as schema,
      'table' as type
    from pg_tables
    where schemaname ilike 'public_public'
    union all
    select
      'pulse' as database,
      viewname as name,
      schemaname as schema,
      'view' as type
    from pg_views
    where schemaname ilike 'public_public'
    union all
    select
      'pulse' as database,
      matviewname as name,
      schemaname as schema,
      'materialized_view' as type
    from pg_matviews
    where schemaname ilike 'public_public'
    union all
    select distinct
     'pulse' as database,
     proname as name,
     ns.nspname as schema,
     'function' as type
    from pg_proc
     join pg_namespace as ns on pronamespace = ns.oid
    where ns.nspname ilike 'public_public'
  
[0m21:28:41.842104 [debug] [ThreadPool]: Opening a new connection, currently in state init
[0m21:28:41.883659 [debug] [ThreadPool]: SQL status: SELECT 3 in 0.042 seconds
[0m21:28:41.884658 [debug] [ThreadPool]: On list_pulse_public_public: ROLLBACK
[0m21:28:41.885158 [debug] [ThreadPool]: On list_pulse_public_public: Close
[0m21:28:41.889171 [debug] [MainThread]: Using postgres connection "master"
[0m21:28:41.889171 [debug] [MainThread]: On master: /* {"app": "dbt", "dbt_version": "1.12.0", "profile_name": "pulse_transform_profile", "target_name": "dev", "connection_name": "master"} */
select distinct
        dependent_namespace.nspname as dependent_schema,
        dependent_class.relname as dependent_name,
        referenced_namespace.nspname as referenced_schema,
        referenced_class.relname as referenced_name

    -- Query for views: views are entries in pg_class with an entry in pg_rewrite, but we avoid
    -- a seq scan on pg_rewrite by leveraging the fact there is an "internal" row in pg_depend for
    -- the view...
    from pg_class as dependent_class
    join pg_namespace as dependent_namespace on dependent_namespace.oid = dependent_class.relnamespace
    join pg_depend as dependent_depend on dependent_depend.refobjid = dependent_class.oid
        and dependent_depend.classid = 'pg_rewrite'::regclass
        and dependent_depend.refclassid = 'pg_class'::regclass
        and dependent_depend.deptype = 'i'

    -- ... and via pg_depend (that has a row per column, hence the need for "distinct" above, and
    -- making sure to exclude the internal row to avoid a view appearing to depend on itself)...
    join pg_depend as joining_depend on joining_depend.objid = dependent_depend.objid
        and joining_depend.classid = 'pg_rewrite'::regclass
        and joining_depend.refclassid = 'pg_class'::regclass
        and joining_depend.refobjid != dependent_depend.refobjid

    -- ... we can find the tables they query from in pg_class, but excluding system tables. Note we
    -- don't need need to exclude _dependent_ system tables, because they only query from other
    -- system tables, and so are automatically excluded by excluding _referenced_ system tables
    join pg_class as referenced_class on referenced_class.oid = joining_depend.refobjid
    join pg_namespace as referenced_namespace on referenced_namespace.oid = referenced_class.relnamespace
        and referenced_namespace.nspname != 'information_schema'
        and referenced_namespace.nspname not like 'pg\_%'

    order by
        dependent_schema, dependent_name, referenced_schema, referenced_name;
[0m21:28:41.889171 [debug] [MainThread]: Opening a new connection, currently in state init
[0m21:28:41.916702 [debug] [MainThread]: SQL status: SELECT 0 in 0.028 seconds
[0m21:28:41.917703 [debug] [MainThread]: Sending event: {'category': 'dbt', 'action': 'runnable_timing', 'label': '3c52b109-950f-4e49-ac33-7152c3352a3e', 'context': [<snowplow_tracker.self_describing_json.SelfDescribingJson object at 0x000002100B8D3B30>]}
[0m21:28:41.918205 [debug] [MainThread]: On master: ROLLBACK
[0m21:28:41.918205 [debug] [MainThread]: On master: COMMIT
[0m21:28:41.918705 [debug] [MainThread]: Using postgres connection "master"
[0m21:28:41.918705 [debug] [MainThread]: On master: COMMIT
[0m21:28:41.919205 [debug] [MainThread]: SQL status: COMMIT in 0.000 seconds
[0m21:28:41.919205 [debug] [MainThread]: On master: Close
[0m21:28:41.923208 [debug] [Thread-1 (]: Began running node model.pulse_transform.stg_crypto
[0m21:28:41.923708 [info ] [Thread-1 (]: 1 of 23 START sql table model public_public.stg_crypto ......................... [RUN]
[0m21:28:41.924210 [debug] [Thread-1 (]: Acquiring new postgres connection 'model.pulse_transform.stg_crypto'
[0m21:28:41.924210 [debug] [Thread-1 (]: Began compiling node model.pulse_transform.stg_crypto
[0m21:28:41.928215 [debug] [Thread-1 (]: Writing injected SQL for node "model.pulse_transform.stg_crypto"
[0m21:28:41.928714 [debug] [Thread-1 (]: Began executing node model.pulse_transform.stg_crypto
[0m21:28:41.950734 [debug] [Thread-1 (]: Writing runtime sql for node "model.pulse_transform.stg_crypto"
[0m21:28:41.951234 [debug] [Thread-1 (]: Using postgres connection "model.pulse_transform.stg_crypto"
[0m21:28:41.951734 [debug] [Thread-1 (]: On model.pulse_transform.stg_crypto: /* {"app": "dbt", "dbt_version": "1.12.0", "profile_name": "pulse_transform_profile", "target_name": "dev", "node_id": "model.pulse_transform.stg_crypto"} */

  
    

  create  table "pulse"."public_public"."stg_crypto__dbt_tmp"
  
  
    as
  
  (
    with source as (
    select
        id,
        source,
        raw_json,
        ingested_at,
        raw_json::jsonb as payload
    from "pulse"."public"."raw_crypto"
),
flattened as (
    select
        id,
        source,
        raw_json,
        ingested_at,
        key as coin,
        nullif(value ->> 'usd', '') as price_usd
    from source,
    jsonb_each(payload)
)
select
    row_number() over (order by id, coin) as id,
    source,
    coin,
    cast(price_usd as float) as price_usd,
    ingested_at,
    raw_json
from flattened
  );
  
[0m21:28:41.951734 [debug] [Thread-1 (]: Opening a new connection, currently in state init
[0m21:28:41.981260 [debug] [Thread-1 (]: SQL status: SELECT 11 in 0.029 seconds
[0m21:28:41.986774 [debug] [Thread-1 (]: Using postgres connection "model.pulse_transform.stg_crypto"
[0m21:28:41.987778 [debug] [Thread-1 (]: On model.pulse_transform.stg_crypto: /* {"app": "dbt", "dbt_version": "1.12.0", "profile_name": "pulse_transform_profile", "target_name": "dev", "node_id": "model.pulse_transform.stg_crypto"} */
alter table "pulse"."public_public"."stg_crypto" rename to "stg_crypto__dbt_backup"
[0m21:28:41.988282 [debug] [Thread-1 (]: SQL status: ALTER TABLE in 0.000 seconds
[0m21:28:41.989282 [debug] [Thread-1 (]: Using postgres connection "model.pulse_transform.stg_crypto"
[0m21:28:41.989784 [debug] [Thread-1 (]: On model.pulse_transform.stg_crypto: /* {"app": "dbt", "dbt_version": "1.12.0", "profile_name": "pulse_transform_profile", "target_name": "dev", "node_id": "model.pulse_transform.stg_crypto"} */
alter table "pulse"."public_public"."stg_crypto__dbt_tmp" rename to "stg_crypto"
[0m21:28:41.990283 [debug] [Thread-1 (]: SQL status: ALTER TABLE in 0.000 seconds
[0m21:28:42.001295 [debug] [Thread-1 (]: On model.pulse_transform.stg_crypto: COMMIT
[0m21:28:42.001295 [debug] [Thread-1 (]: Using postgres connection "model.pulse_transform.stg_crypto"
[0m21:28:42.001797 [debug] [Thread-1 (]: On model.pulse_transform.stg_crypto: COMMIT
[0m21:28:42.002796 [debug] [Thread-1 (]: SQL status: COMMIT in 0.001 seconds
[0m21:28:42.005794 [debug] [Thread-1 (]: Applying DROP to: "pulse"."public_public"."stg_crypto__dbt_backup"
[0m21:28:42.008807 [debug] [Thread-1 (]: Using postgres connection "model.pulse_transform.stg_crypto"
[0m21:28:42.009305 [debug] [Thread-1 (]: On model.pulse_transform.stg_crypto: /* {"app": "dbt", "dbt_version": "1.12.0", "profile_name": "pulse_transform_profile", "target_name": "dev", "node_id": "model.pulse_transform.stg_crypto"} */
drop table if exists "pulse"."public_public"."stg_crypto__dbt_backup" cascade
[0m21:28:42.011808 [debug] [Thread-1 (]: SQL status: DROP TABLE in 0.002 seconds
[0m21:28:42.013306 [debug] [Thread-1 (]: On model.pulse_transform.stg_crypto: Close
[0m21:28:42.014308 [debug] [Thread-1 (]: Sending event: {'category': 'dbt', 'action': 'run_model', 'label': '3c52b109-950f-4e49-ac33-7152c3352a3e', 'context': [<snowplow_tracker.self_describing_json.SelfDescribingJson object at 0x000002100BF74050>]}
[0m21:28:42.014806 [info ] [Thread-1 (]: 1 of 23 OK created sql table model public_public.stg_crypto .................... [[32mSELECT 11[0m in 0.09s]
[0m21:28:42.015307 [debug] [Thread-1 (]: Finished running node model.pulse_transform.stg_crypto
[0m21:28:42.015808 [debug] [Thread-1 (]: Began running node model.pulse_transform.stg_sports
[0m21:28:42.016307 [info ] [Thread-1 (]: 2 of 23 START sql table model public_public.stg_sports ......................... [RUN]
[0m21:28:42.016806 [debug] [Thread-1 (]: Re-using an available connection from the pool (formerly model.pulse_transform.stg_crypto, now model.pulse_transform.stg_sports)
[0m21:28:42.016806 [debug] [Thread-1 (]: Began compiling node model.pulse_transform.stg_sports
[0m21:28:42.018314 [debug] [Thread-1 (]: Writing injected SQL for node "model.pulse_transform.stg_sports"
[0m21:28:42.018813 [debug] [Thread-1 (]: Began executing node model.pulse_transform.stg_sports
[0m21:28:42.020812 [debug] [Thread-1 (]: Writing runtime sql for node "model.pulse_transform.stg_sports"
[0m21:28:42.021313 [debug] [Thread-1 (]: Using postgres connection "model.pulse_transform.stg_sports"
[0m21:28:42.021313 [debug] [Thread-1 (]: On model.pulse_transform.stg_sports: /* {"app": "dbt", "dbt_version": "1.12.0", "profile_name": "pulse_transform_profile", "target_name": "dev", "node_id": "model.pulse_transform.stg_sports"} */

  
    

  create  table "pulse"."public_public"."stg_sports__dbt_tmp"
  
  
    as
  
  (
    with source as (
    select
        id,
        source,
        raw_json,
        ingested_at,
        raw_json::jsonb -> 'events' as events_json
    from "pulse"."public"."raw_sports"
),
parsed as (
    select
        id,
        source,
        raw_json,
        ingested_at,
        events_json -> 0 ->> 'date' as game_date,
        events_json -> 0 -> 'competitions' -> 0 -> 'competitors' -> 0 -> 'team' ->> 'abbreviation' as home_team,
        events_json -> 0 -> 'competitions' -> 0 -> 'competitors' -> 0 ->> 'score' as home_score,
        events_json -> 0 -> 'competitions' -> 0 -> 'competitors' -> 1 -> 'team' ->> 'abbreviation' as away_team,
        events_json -> 0 -> 'competitions' -> 0 -> 'competitors' -> 1 ->> 'score' as away_score
    from source
)
select
    id,
    source,
    trim(home_team) as home_team,
    trim(away_team) as away_team,
    cast(home_score as integer) as home_score,
    cast(away_score as integer) as away_score,
    game_date,
    ingested_at,
    raw_json
from parsed
  );
  
[0m21:28:42.021313 [debug] [Thread-1 (]: Opening a new connection, currently in state closed
[0m21:28:42.058903 [debug] [Thread-1 (]: SQL status: SELECT 1 in 0.037 seconds
[0m21:28:42.061910 [debug] [Thread-1 (]: Using postgres connection "model.pulse_transform.stg_sports"
[0m21:28:42.061910 [debug] [Thread-1 (]: On model.pulse_transform.stg_sports: /* {"app": "dbt", "dbt_version": "1.12.0", "profile_name": "pulse_transform_profile", "target_name": "dev", "node_id": "model.pulse_transform.stg_sports"} */
alter table "pulse"."public_public"."stg_sports" rename to "stg_sports__dbt_backup"
[0m21:28:42.062409 [debug] [Thread-1 (]: SQL status: ALTER TABLE in 0.000 seconds
[0m21:28:42.063408 [debug] [Thread-1 (]: Using postgres connection "model.pulse_transform.stg_sports"
[0m21:28:42.063908 [debug] [Thread-1 (]: On model.pulse_transform.stg_sports: /* {"app": "dbt", "dbt_version": "1.12.0", "profile_name": "pulse_transform_profile", "target_name": "dev", "node_id": "model.pulse_transform.stg_sports"} */
alter table "pulse"."public_public"."stg_sports__dbt_tmp" rename to "stg_sports"
[0m21:28:42.064412 [debug] [Thread-1 (]: SQL status: ALTER TABLE in 0.000 seconds
[0m21:28:42.065410 [debug] [Thread-1 (]: On model.pulse_transform.stg_sports: COMMIT
[0m21:28:42.065410 [debug] [Thread-1 (]: Using postgres connection "model.pulse_transform.stg_sports"
[0m21:28:42.065909 [debug] [Thread-1 (]: On model.pulse_transform.stg_sports: COMMIT
[0m21:28:42.066409 [debug] [Thread-1 (]: SQL status: COMMIT in 0.001 seconds
[0m21:28:42.066909 [debug] [Thread-1 (]: Applying DROP to: "pulse"."public_public"."stg_sports__dbt_backup"
[0m21:28:42.067913 [debug] [Thread-1 (]: Using postgres connection "model.pulse_transform.stg_sports"
[0m21:28:42.067913 [debug] [Thread-1 (]: On model.pulse_transform.stg_sports: /* {"app": "dbt", "dbt_version": "1.12.0", "profile_name": "pulse_transform_profile", "target_name": "dev", "node_id": "model.pulse_transform.stg_sports"} */
drop table if exists "pulse"."public_public"."stg_sports__dbt_backup" cascade
[0m21:28:42.070920 [debug] [Thread-1 (]: SQL status: DROP TABLE in 0.003 seconds
[0m21:28:42.071920 [debug] [Thread-1 (]: On model.pulse_transform.stg_sports: Close
[0m21:28:42.072420 [debug] [Thread-1 (]: Sending event: {'category': 'dbt', 'action': 'run_model', 'label': '3c52b109-950f-4e49-ac33-7152c3352a3e', 'context': [<snowplow_tracker.self_describing_json.SelfDescribingJson object at 0x000002100BA6E630>]}
[0m21:28:42.072922 [info ] [Thread-1 (]: 2 of 23 OK created sql table model public_public.stg_sports .................... [[32mSELECT 1[0m in 0.06s]
[0m21:28:42.073421 [debug] [Thread-1 (]: Finished running node model.pulse_transform.stg_sports
[0m21:28:42.073421 [debug] [Thread-1 (]: Began running node model.pulse_transform.stg_weather
[0m21:28:42.073922 [info ] [Thread-1 (]: 3 of 23 START sql table model public_public.stg_weather ........................ [RUN]
[0m21:28:42.074420 [debug] [Thread-1 (]: Re-using an available connection from the pool (formerly model.pulse_transform.stg_sports, now model.pulse_transform.stg_weather)
[0m21:28:42.074920 [debug] [Thread-1 (]: Began compiling node model.pulse_transform.stg_weather
[0m21:28:42.075920 [debug] [Thread-1 (]: Writing injected SQL for node "model.pulse_transform.stg_weather"
[0m21:28:42.076419 [debug] [Thread-1 (]: Began executing node model.pulse_transform.stg_weather
[0m21:28:42.078432 [debug] [Thread-1 (]: Writing runtime sql for node "model.pulse_transform.stg_weather"
[0m21:28:42.079429 [debug] [Thread-1 (]: Using postgres connection "model.pulse_transform.stg_weather"
[0m21:28:42.079429 [debug] [Thread-1 (]: On model.pulse_transform.stg_weather: /* {"app": "dbt", "dbt_version": "1.12.0", "profile_name": "pulse_transform_profile", "target_name": "dev", "node_id": "model.pulse_transform.stg_weather"} */

  
    

  create  table "pulse"."public_public"."stg_weather__dbt_tmp"
  
  
    as
  
  (
    with source as (
    select
        id,
        source,
        raw_json::jsonb ->> 'requested_city' as city,
        raw_json::jsonb -> 'current_weather' ->> 'temperature' as temperature,
        raw_json::jsonb -> 'current_weather' ->> 'weathercode' as weather_code,
        raw_json::jsonb ->> 'requested_latitude' as latitude,
        raw_json::jsonb ->> 'requested_longitude' as longitude,
        ingested_at,
        raw_json
    from "pulse"."public"."raw_weather"
)

select
    id,
    source,
    city,
    cast(temperature as float) as temperature,
    case cast(weather_code as integer)
        when 0 then 'clear'
        when 1 then 'mainly_clear'
        when 2 then 'partly_cloudy'
        when 3 then 'overcast'
        when 45 then 'fog'
        when 48 then 'depositing_rime_fog'
        when 51 then 'drizzle_light'
        when 53 then 'drizzle_moderate'
        when 55 then 'drizzle_dense'
        when 56 then 'freezing_drizzle_light'
        when 57 then 'freezing_drizzle_dense'
        when 61 then 'rain_slight'
        when 63 then 'rain_moderate'
        when 65 then 'rain_heavy'
        when 66 then 'freezing_rain_light'
        when 67 then 'freezing_rain_heavy'
        when 71 then 'snow_fall_slight'
        when 73 then 'snow_fall_moderate'
        when 75 then 'snow_fall_heavy'
        when 77 then 'snow_grains'
        when 80 then 'rain_showers_slight'
        when 81 then 'rain_showers_moderate'
        when 82 then 'rain_showers_violent'
        when 85 then 'snow_showers_slight'
        when 86 then 'snow_showers_heavy'
        when 95 then 'thunderstorm_slight_or_moderate'
        when 96 then 'thunderstorm_hail_slight'
        when 99 then 'thunderstorm_hail_heavy'
        else 'unknown'
    end as condition,
    ingested_at,
    raw_json
from source
  );
  
[0m21:28:42.079930 [debug] [Thread-1 (]: Opening a new connection, currently in state closed
[0m21:28:42.110478 [debug] [Thread-1 (]: SQL status: SELECT 10 in 0.030 seconds
[0m21:28:42.112478 [debug] [Thread-1 (]: Using postgres connection "model.pulse_transform.stg_weather"
[0m21:28:42.112478 [debug] [Thread-1 (]: On model.pulse_transform.stg_weather: /* {"app": "dbt", "dbt_version": "1.12.0", "profile_name": "pulse_transform_profile", "target_name": "dev", "node_id": "model.pulse_transform.stg_weather"} */
alter table "pulse"."public_public"."stg_weather" rename to "stg_weather__dbt_backup"
[0m21:28:42.112977 [debug] [Thread-1 (]: SQL status: ALTER TABLE in 0.000 seconds
[0m21:28:42.114477 [debug] [Thread-1 (]: Using postgres connection "model.pulse_transform.stg_weather"
[0m21:28:42.114477 [debug] [Thread-1 (]: On model.pulse_transform.stg_weather: /* {"app": "dbt", "dbt_version": "1.12.0", "profile_name": "pulse_transform_profile", "target_name": "dev", "node_id": "model.pulse_transform.stg_weather"} */
alter table "pulse"."public_public"."stg_weather__dbt_tmp" rename to "stg_weather"
[0m21:28:42.114978 [debug] [Thread-1 (]: SQL status: ALTER TABLE in 0.000 seconds
[0m21:28:42.116480 [debug] [Thread-1 (]: On model.pulse_transform.stg_weather: COMMIT
[0m21:28:42.116480 [debug] [Thread-1 (]: Using postgres connection "model.pulse_transform.stg_weather"
[0m21:28:42.116978 [debug] [Thread-1 (]: On model.pulse_transform.stg_weather: COMMIT
[0m21:28:42.116978 [debug] [Thread-1 (]: SQL status: COMMIT in 0.000 seconds
[0m21:28:42.118484 [debug] [Thread-1 (]: Applying DROP to: "pulse"."public_public"."stg_weather__dbt_backup"
[0m21:28:42.118985 [debug] [Thread-1 (]: Using postgres connection "model.pulse_transform.stg_weather"
[0m21:28:42.119485 [debug] [Thread-1 (]: On model.pulse_transform.stg_weather: /* {"app": "dbt", "dbt_version": "1.12.0", "profile_name": "pulse_transform_profile", "target_name": "dev", "node_id": "model.pulse_transform.stg_weather"} */
drop table if exists "pulse"."public_public"."stg_weather__dbt_backup" cascade
[0m21:28:42.121988 [debug] [Thread-1 (]: SQL status: DROP TABLE in 0.002 seconds
[0m21:28:42.122988 [debug] [Thread-1 (]: On model.pulse_transform.stg_weather: Close
[0m21:28:42.122988 [debug] [Thread-1 (]: Sending event: {'category': 'dbt', 'action': 'run_model', 'label': '3c52b109-950f-4e49-ac33-7152c3352a3e', 'context': [<snowplow_tracker.self_describing_json.SelfDescribingJson object at 0x000002100B192570>]}
[0m21:28:42.123489 [info ] [Thread-1 (]: 3 of 23 OK created sql table model public_public.stg_weather ................... [[32mSELECT 10[0m in 0.05s]
[0m21:28:42.124489 [debug] [Thread-1 (]: Finished running node model.pulse_transform.stg_weather
[0m21:28:42.124989 [debug] [Thread-1 (]: Began running node test.pulse_transform.not_null_stg_crypto_coin.1a9a7af2fe
[0m21:28:42.124989 [info ] [Thread-1 (]: 4 of 23 START test not_null_stg_crypto_coin .................................... [RUN]
[0m21:28:42.125492 [debug] [Thread-1 (]: Re-using an available connection from the pool (formerly model.pulse_transform.stg_weather, now test.pulse_transform.not_null_stg_crypto_coin.1a9a7af2fe)
[0m21:28:42.125990 [debug] [Thread-1 (]: Began compiling node test.pulse_transform.not_null_stg_crypto_coin.1a9a7af2fe
[0m21:28:42.132498 [debug] [Thread-1 (]: Writing injected SQL for node "test.pulse_transform.not_null_stg_crypto_coin.1a9a7af2fe"
[0m21:28:42.133001 [debug] [Thread-1 (]: Began executing node test.pulse_transform.not_null_stg_crypto_coin.1a9a7af2fe
[0m21:28:42.143510 [debug] [Thread-1 (]: Writing runtime sql for node "test.pulse_transform.not_null_stg_crypto_coin.1a9a7af2fe"
[0m21:28:42.144012 [debug] [Thread-1 (]: Using postgres connection "test.pulse_transform.not_null_stg_crypto_coin.1a9a7af2fe"
[0m21:28:42.144012 [debug] [Thread-1 (]: On test.pulse_transform.not_null_stg_crypto_coin.1a9a7af2fe: /* {"app": "dbt", "dbt_version": "1.12.0", "profile_name": "pulse_transform_profile", "target_name": "dev", "node_id": "test.pulse_transform.not_null_stg_crypto_coin.1a9a7af2fe"} */

    
    select
      count(*) as failures,
      count(*) != 0 as should_warn,
      count(*) != 0 as should_error
    from (
      
    
  
    
    



select coin
from "pulse"."public_public"."stg_crypto"
where coin is null



  
  
      
    ) dbt_internal_test
[0m21:28:42.144511 [debug] [Thread-1 (]: Opening a new connection, currently in state closed
[0m21:28:42.168544 [debug] [Thread-1 (]: SQL status: SELECT 1 in 0.024 seconds
[0m21:28:42.171045 [debug] [Thread-1 (]: On test.pulse_transform.not_null_stg_crypto_coin.1a9a7af2fe: ROLLBACK
[0m21:28:42.171547 [debug] [Thread-1 (]: On test.pulse_transform.not_null_stg_crypto_coin.1a9a7af2fe: Close
[0m21:28:42.172048 [info ] [Thread-1 (]: 4 of 23 PASS not_null_stg_crypto_coin .......................................... [[32mPASS[0m in 0.05s]
[0m21:28:42.172547 [debug] [Thread-1 (]: Finished running node test.pulse_transform.not_null_stg_crypto_coin.1a9a7af2fe
[0m21:28:42.172547 [debug] [Thread-1 (]: Began running node test.pulse_transform.not_null_stg_crypto_id.6ded0cac78
[0m21:28:42.172547 [info ] [Thread-1 (]: 5 of 23 START test not_null_stg_crypto_id ...................................... [RUN]
[0m21:28:42.172547 [debug] [Thread-1 (]: Re-using an available connection from the pool (formerly test.pulse_transform.not_null_stg_crypto_coin.1a9a7af2fe, now test.pulse_transform.not_null_stg_crypto_id.6ded0cac78)
[0m21:28:42.173551 [debug] [Thread-1 (]: Began compiling node test.pulse_transform.not_null_stg_crypto_id.6ded0cac78
[0m21:28:42.177560 [debug] [Thread-1 (]: Writing injected SQL for node "test.pulse_transform.not_null_stg_crypto_id.6ded0cac78"
[0m21:28:42.178067 [debug] [Thread-1 (]: Began executing node test.pulse_transform.not_null_stg_crypto_id.6ded0cac78
[0m21:28:42.179068 [debug] [Thread-1 (]: Writing runtime sql for node "test.pulse_transform.not_null_stg_crypto_id.6ded0cac78"
[0m21:28:42.180067 [debug] [Thread-1 (]: Using postgres connection "test.pulse_transform.not_null_stg_crypto_id.6ded0cac78"
[0m21:28:42.180067 [debug] [Thread-1 (]: On test.pulse_transform.not_null_stg_crypto_id.6ded0cac78: /* {"app": "dbt", "dbt_version": "1.12.0", "profile_name": "pulse_transform_profile", "target_name": "dev", "node_id": "test.pulse_transform.not_null_stg_crypto_id.6ded0cac78"} */

    
    select
      count(*) as failures,
      count(*) != 0 as should_warn,
      count(*) != 0 as should_error
    from (
      
    
  
    
    



select id
from "pulse"."public_public"."stg_crypto"
where id is null



  
  
      
    ) dbt_internal_test
[0m21:28:42.180067 [debug] [Thread-1 (]: Opening a new connection, currently in state closed
[0m21:28:42.208608 [debug] [Thread-1 (]: SQL status: SELECT 1 in 0.028 seconds
[0m21:28:42.209609 [debug] [Thread-1 (]: On test.pulse_transform.not_null_stg_crypto_id.6ded0cac78: ROLLBACK
[0m21:28:42.209609 [debug] [Thread-1 (]: On test.pulse_transform.not_null_stg_crypto_id.6ded0cac78: Close
[0m21:28:42.210613 [info ] [Thread-1 (]: 5 of 23 PASS not_null_stg_crypto_id ............................................ [[32mPASS[0m in 0.04s]
[0m21:28:42.211118 [debug] [Thread-1 (]: Finished running node test.pulse_transform.not_null_stg_crypto_id.6ded0cac78
[0m21:28:42.211621 [debug] [Thread-1 (]: Began running node test.pulse_transform.not_null_stg_crypto_price_usd.366c53d8e4
[0m21:28:42.211621 [info ] [Thread-1 (]: 6 of 23 START test not_null_stg_crypto_price_usd ............................... [RUN]
[0m21:28:42.212117 [debug] [Thread-1 (]: Re-using an available connection from the pool (formerly test.pulse_transform.not_null_stg_crypto_id.6ded0cac78, now test.pulse_transform.not_null_stg_crypto_price_usd.366c53d8e4)
[0m21:28:42.212617 [debug] [Thread-1 (]: Began compiling node test.pulse_transform.not_null_stg_crypto_price_usd.366c53d8e4
[0m21:28:42.216617 [debug] [Thread-1 (]: Writing injected SQL for node "test.pulse_transform.not_null_stg_crypto_price_usd.366c53d8e4"
[0m21:28:42.216617 [debug] [Thread-1 (]: Began executing node test.pulse_transform.not_null_stg_crypto_price_usd.366c53d8e4
[0m21:28:42.218124 [debug] [Thread-1 (]: Writing runtime sql for node "test.pulse_transform.not_null_stg_crypto_price_usd.366c53d8e4"
[0m21:28:42.218624 [debug] [Thread-1 (]: Using postgres connection "test.pulse_transform.not_null_stg_crypto_price_usd.366c53d8e4"
[0m21:28:42.219125 [debug] [Thread-1 (]: On test.pulse_transform.not_null_stg_crypto_price_usd.366c53d8e4: /* {"app": "dbt", "dbt_version": "1.12.0", "profile_name": "pulse_transform_profile", "target_name": "dev", "node_id": "test.pulse_transform.not_null_stg_crypto_price_usd.366c53d8e4"} */

    
    select
      count(*) as failures,
      count(*) != 0 as should_warn,
      count(*) != 0 as should_error
    from (
      
    
  
    
    



select price_usd
from "pulse"."public_public"."stg_crypto"
where price_usd is null



  
  
      
    ) dbt_internal_test
[0m21:28:42.219629 [debug] [Thread-1 (]: Opening a new connection, currently in state closed
[0m21:28:42.243155 [debug] [Thread-1 (]: SQL status: SELECT 1 in 0.024 seconds
[0m21:28:42.244154 [debug] [Thread-1 (]: On test.pulse_transform.not_null_stg_crypto_price_usd.366c53d8e4: ROLLBACK
[0m21:28:42.244655 [debug] [Thread-1 (]: On test.pulse_transform.not_null_stg_crypto_price_usd.366c53d8e4: Close
[0m21:28:42.245155 [error] [Thread-1 (]: 6 of 23 FAIL 1 not_null_stg_crypto_price_usd ................................... [[31mFAIL 1[0m in 0.03s]
[0m21:28:42.245653 [debug] [Thread-1 (]: Finished running node test.pulse_transform.not_null_stg_crypto_price_usd.366c53d8e4
[0m21:28:42.245653 [debug] [Thread-1 (]: Began running node test.pulse_transform.unique_stg_crypto_id.a906923065
[0m21:28:42.246154 [debug] [Thread-4 (]: Marking all children of 'test.pulse_transform.not_null_stg_crypto_price_usd.366c53d8e4' to be skipped because of status 'fail'.  Reason: Got 1 result, configured to fail if != 0.
[0m21:28:42.246154 [info ] [Thread-1 (]: 7 of 23 START test unique_stg_crypto_id ........................................ [RUN]
[0m21:28:42.246656 [debug] [Thread-1 (]: Re-using an available connection from the pool (formerly test.pulse_transform.not_null_stg_crypto_price_usd.366c53d8e4, now test.pulse_transform.unique_stg_crypto_id.a906923065)
[0m21:28:42.246656 [debug] [Thread-1 (]: Began compiling node test.pulse_transform.unique_stg_crypto_id.a906923065
[0m21:28:42.253173 [debug] [Thread-1 (]: Writing injected SQL for node "test.pulse_transform.unique_stg_crypto_id.a906923065"
[0m21:28:42.253673 [debug] [Thread-1 (]: Began executing node test.pulse_transform.unique_stg_crypto_id.a906923065
[0m21:28:42.254674 [debug] [Thread-1 (]: Writing runtime sql for node "test.pulse_transform.unique_stg_crypto_id.a906923065"
[0m21:28:42.255673 [debug] [Thread-1 (]: Using postgres connection "test.pulse_transform.unique_stg_crypto_id.a906923065"
[0m21:28:42.255673 [debug] [Thread-1 (]: On test.pulse_transform.unique_stg_crypto_id.a906923065: /* {"app": "dbt", "dbt_version": "1.12.0", "profile_name": "pulse_transform_profile", "target_name": "dev", "node_id": "test.pulse_transform.unique_stg_crypto_id.a906923065"} */

    
    select
      count(*) as failures,
      count(*) != 0 as should_warn,
      count(*) != 0 as should_error
    from (
      
    
  
    
    

select
    id as unique_field,
    count(*) as n_records

from "pulse"."public_public"."stg_crypto"
where id is not null
group by id
having count(*) > 1



  
  
      
    ) dbt_internal_test
[0m21:28:42.256173 [debug] [Thread-1 (]: Opening a new connection, currently in state closed
[0m21:28:42.286681 [debug] [Thread-1 (]: SQL status: SELECT 1 in 0.031 seconds
[0m21:28:42.287686 [debug] [Thread-1 (]: On test.pulse_transform.unique_stg_crypto_id.a906923065: ROLLBACK
[0m21:28:42.287686 [debug] [Thread-1 (]: On test.pulse_transform.unique_stg_crypto_id.a906923065: Close
[0m21:28:42.288698 [info ] [Thread-1 (]: 7 of 23 PASS unique_stg_crypto_id .............................................. [[32mPASS[0m in 0.04s]
[0m21:28:42.289205 [debug] [Thread-1 (]: Finished running node test.pulse_transform.unique_stg_crypto_id.a906923065
[0m21:28:42.289205 [debug] [Thread-1 (]: Began running node test.pulse_transform.not_null_stg_sports_away_score.8a079e60bc
[0m21:28:42.289704 [info ] [Thread-1 (]: 8 of 23 START test not_null_stg_sports_away_score .............................. [RUN]
[0m21:28:42.290204 [debug] [Thread-1 (]: Re-using an available connection from the pool (formerly test.pulse_transform.unique_stg_crypto_id.a906923065, now test.pulse_transform.not_null_stg_sports_away_score.8a079e60bc)
[0m21:28:42.290702 [debug] [Thread-1 (]: Began compiling node test.pulse_transform.not_null_stg_sports_away_score.8a079e60bc
[0m21:28:42.295210 [debug] [Thread-1 (]: Writing injected SQL for node "test.pulse_transform.not_null_stg_sports_away_score.8a079e60bc"
[0m21:28:42.295710 [debug] [Thread-1 (]: Began executing node test.pulse_transform.not_null_stg_sports_away_score.8a079e60bc
[0m21:28:42.296710 [debug] [Thread-1 (]: Writing runtime sql for node "test.pulse_transform.not_null_stg_sports_away_score.8a079e60bc"
[0m21:28:42.296710 [debug] [Thread-1 (]: Using postgres connection "test.pulse_transform.not_null_stg_sports_away_score.8a079e60bc"
[0m21:28:42.297714 [debug] [Thread-1 (]: On test.pulse_transform.not_null_stg_sports_away_score.8a079e60bc: /* {"app": "dbt", "dbt_version": "1.12.0", "profile_name": "pulse_transform_profile", "target_name": "dev", "node_id": "test.pulse_transform.not_null_stg_sports_away_score.8a079e60bc"} */

    
    select
      count(*) as failures,
      count(*) != 0 as should_warn,
      count(*) != 0 as should_error
    from (
      
    
  
    
    



select away_score
from "pulse"."public_public"."stg_sports"
where away_score is null



  
  
      
    ) dbt_internal_test
[0m21:28:42.297714 [debug] [Thread-1 (]: Opening a new connection, currently in state closed
[0m21:28:42.322234 [debug] [Thread-1 (]: SQL status: SELECT 1 in 0.024 seconds
[0m21:28:42.323235 [debug] [Thread-1 (]: On test.pulse_transform.not_null_stg_sports_away_score.8a079e60bc: ROLLBACK
[0m21:28:42.323740 [debug] [Thread-1 (]: On test.pulse_transform.not_null_stg_sports_away_score.8a079e60bc: Close
[0m21:28:42.324236 [info ] [Thread-1 (]: 8 of 23 PASS not_null_stg_sports_away_score .................................... [[32mPASS[0m in 0.03s]
[0m21:28:42.324734 [debug] [Thread-1 (]: Finished running node test.pulse_transform.not_null_stg_sports_away_score.8a079e60bc
[0m21:28:42.325235 [debug] [Thread-1 (]: Began running node test.pulse_transform.not_null_stg_sports_away_team.cfb7ffdcd4
[0m21:28:42.325235 [info ] [Thread-1 (]: 9 of 23 START test not_null_stg_sports_away_team ............................... [RUN]
[0m21:28:42.325235 [debug] [Thread-1 (]: Re-using an available connection from the pool (formerly test.pulse_transform.not_null_stg_sports_away_score.8a079e60bc, now test.pulse_transform.not_null_stg_sports_away_team.cfb7ffdcd4)
[0m21:28:42.326239 [debug] [Thread-1 (]: Began compiling node test.pulse_transform.not_null_stg_sports_away_team.cfb7ffdcd4
[0m21:28:42.330253 [debug] [Thread-1 (]: Writing injected SQL for node "test.pulse_transform.not_null_stg_sports_away_team.cfb7ffdcd4"
[0m21:28:42.331257 [debug] [Thread-1 (]: Began executing node test.pulse_transform.not_null_stg_sports_away_team.cfb7ffdcd4
[0m21:28:42.332255 [debug] [Thread-1 (]: Writing runtime sql for node "test.pulse_transform.not_null_stg_sports_away_team.cfb7ffdcd4"
[0m21:28:42.332757 [debug] [Thread-1 (]: Using postgres connection "test.pulse_transform.not_null_stg_sports_away_team.cfb7ffdcd4"
[0m21:28:42.332757 [debug] [Thread-1 (]: On test.pulse_transform.not_null_stg_sports_away_team.cfb7ffdcd4: /* {"app": "dbt", "dbt_version": "1.12.0", "profile_name": "pulse_transform_profile", "target_name": "dev", "node_id": "test.pulse_transform.not_null_stg_sports_away_team.cfb7ffdcd4"} */

    
    select
      count(*) as failures,
      count(*) != 0 as should_warn,
      count(*) != 0 as should_error
    from (
      
    
  
    
    



select away_team
from "pulse"."public_public"."stg_sports"
where away_team is null



  
  
      
    ) dbt_internal_test
[0m21:28:42.333257 [debug] [Thread-1 (]: Opening a new connection, currently in state closed
[0m21:28:42.363806 [debug] [Thread-1 (]: SQL status: SELECT 1 in 0.031 seconds
[0m21:28:42.365310 [debug] [Thread-1 (]: On test.pulse_transform.not_null_stg_sports_away_team.cfb7ffdcd4: ROLLBACK
[0m21:28:42.365310 [debug] [Thread-1 (]: On test.pulse_transform.not_null_stg_sports_away_team.cfb7ffdcd4: Close
[0m21:28:42.365810 [info ] [Thread-1 (]: 9 of 23 PASS not_null_stg_sports_away_team ..................................... [[32mPASS[0m in 0.04s]
[0m21:28:42.366309 [debug] [Thread-1 (]: Finished running node test.pulse_transform.not_null_stg_sports_away_team.cfb7ffdcd4
[0m21:28:42.366806 [debug] [Thread-1 (]: Began running node test.pulse_transform.not_null_stg_sports_game_date.7a0e7af6c4
[0m21:28:42.366806 [info ] [Thread-1 (]: 10 of 23 START test not_null_stg_sports_game_date .............................. [RUN]
[0m21:28:42.366806 [debug] [Thread-1 (]: Re-using an available connection from the pool (formerly test.pulse_transform.not_null_stg_sports_away_team.cfb7ffdcd4, now test.pulse_transform.not_null_stg_sports_game_date.7a0e7af6c4)
[0m21:28:42.367808 [debug] [Thread-1 (]: Began compiling node test.pulse_transform.not_null_stg_sports_game_date.7a0e7af6c4
[0m21:28:42.371812 [debug] [Thread-1 (]: Writing injected SQL for node "test.pulse_transform.not_null_stg_sports_game_date.7a0e7af6c4"
[0m21:28:42.372312 [debug] [Thread-1 (]: Began executing node test.pulse_transform.not_null_stg_sports_game_date.7a0e7af6c4
[0m21:28:42.373813 [debug] [Thread-1 (]: Writing runtime sql for node "test.pulse_transform.not_null_stg_sports_game_date.7a0e7af6c4"
[0m21:28:42.374314 [debug] [Thread-1 (]: Using postgres connection "test.pulse_transform.not_null_stg_sports_game_date.7a0e7af6c4"
[0m21:28:42.374815 [debug] [Thread-1 (]: On test.pulse_transform.not_null_stg_sports_game_date.7a0e7af6c4: /* {"app": "dbt", "dbt_version": "1.12.0", "profile_name": "pulse_transform_profile", "target_name": "dev", "node_id": "test.pulse_transform.not_null_stg_sports_game_date.7a0e7af6c4"} */

    
    select
      count(*) as failures,
      count(*) != 0 as should_warn,
      count(*) != 0 as should_error
    from (
      
    
  
    
    



select game_date
from "pulse"."public_public"."stg_sports"
where game_date is null



  
  
      
    ) dbt_internal_test
[0m21:28:42.374815 [debug] [Thread-1 (]: Opening a new connection, currently in state closed
[0m21:28:42.398361 [debug] [Thread-1 (]: SQL status: SELECT 1 in 0.023 seconds
[0m21:28:42.399365 [debug] [Thread-1 (]: On test.pulse_transform.not_null_stg_sports_game_date.7a0e7af6c4: ROLLBACK
[0m21:28:42.399870 [debug] [Thread-1 (]: On test.pulse_transform.not_null_stg_sports_game_date.7a0e7af6c4: Close
[0m21:28:42.400368 [info ] [Thread-1 (]: 10 of 23 PASS not_null_stg_sports_game_date .................................... [[32mPASS[0m in 0.03s]
[0m21:28:42.400869 [debug] [Thread-1 (]: Finished running node test.pulse_transform.not_null_stg_sports_game_date.7a0e7af6c4
[0m21:28:42.400869 [debug] [Thread-1 (]: Began running node test.pulse_transform.not_null_stg_sports_home_score.e8726cdba9
[0m21:28:42.401368 [info ] [Thread-1 (]: 11 of 23 START test not_null_stg_sports_home_score ............................. [RUN]
[0m21:28:42.401870 [debug] [Thread-1 (]: Re-using an available connection from the pool (formerly test.pulse_transform.not_null_stg_sports_game_date.7a0e7af6c4, now test.pulse_transform.not_null_stg_sports_home_score.e8726cdba9)
[0m21:28:42.401870 [debug] [Thread-1 (]: Began compiling node test.pulse_transform.not_null_stg_sports_home_score.e8726cdba9
[0m21:28:42.405868 [debug] [Thread-1 (]: Writing injected SQL for node "test.pulse_transform.not_null_stg_sports_home_score.e8726cdba9"
[0m21:28:42.406368 [debug] [Thread-1 (]: Began executing node test.pulse_transform.not_null_stg_sports_home_score.e8726cdba9
[0m21:28:42.407873 [debug] [Thread-1 (]: Writing runtime sql for node "test.pulse_transform.not_null_stg_sports_home_score.e8726cdba9"
[0m21:28:42.408377 [debug] [Thread-1 (]: Using postgres connection "test.pulse_transform.not_null_stg_sports_home_score.e8726cdba9"
[0m21:28:42.408879 [debug] [Thread-1 (]: On test.pulse_transform.not_null_stg_sports_home_score.e8726cdba9: /* {"app": "dbt", "dbt_version": "1.12.0", "profile_name": "pulse_transform_profile", "target_name": "dev", "node_id": "test.pulse_transform.not_null_stg_sports_home_score.e8726cdba9"} */

    
    select
      count(*) as failures,
      count(*) != 0 as should_warn,
      count(*) != 0 as should_error
    from (
      
    
  
    
    



select home_score
from "pulse"."public_public"."stg_sports"
where home_score is null



  
  
      
    ) dbt_internal_test
[0m21:28:42.408879 [debug] [Thread-1 (]: Opening a new connection, currently in state closed
[0m21:28:42.432904 [debug] [Thread-1 (]: SQL status: SELECT 1 in 0.024 seconds
[0m21:28:42.433901 [debug] [Thread-1 (]: On test.pulse_transform.not_null_stg_sports_home_score.e8726cdba9: ROLLBACK
[0m21:28:42.434402 [debug] [Thread-1 (]: On test.pulse_transform.not_null_stg_sports_home_score.e8726cdba9: Close
[0m21:28:42.434901 [info ] [Thread-1 (]: 11 of 23 PASS not_null_stg_sports_home_score ................................... [[32mPASS[0m in 0.03s]
[0m21:28:42.435405 [debug] [Thread-1 (]: Finished running node test.pulse_transform.not_null_stg_sports_home_score.e8726cdba9
[0m21:28:42.435405 [debug] [Thread-1 (]: Began running node test.pulse_transform.not_null_stg_sports_home_team.9d8def7714
[0m21:28:42.435905 [info ] [Thread-1 (]: 12 of 23 START test not_null_stg_sports_home_team .............................. [RUN]
[0m21:28:42.436404 [debug] [Thread-1 (]: Re-using an available connection from the pool (formerly test.pulse_transform.not_null_stg_sports_home_score.e8726cdba9, now test.pulse_transform.not_null_stg_sports_home_team.9d8def7714)
[0m21:28:42.436902 [debug] [Thread-1 (]: Began compiling node test.pulse_transform.not_null_stg_sports_home_team.9d8def7714
[0m21:28:42.440916 [debug] [Thread-1 (]: Writing injected SQL for node "test.pulse_transform.not_null_stg_sports_home_team.9d8def7714"
[0m21:28:42.441915 [debug] [Thread-1 (]: Began executing node test.pulse_transform.not_null_stg_sports_home_team.9d8def7714
[0m21:28:42.442916 [debug] [Thread-1 (]: Writing runtime sql for node "test.pulse_transform.not_null_stg_sports_home_team.9d8def7714"
[0m21:28:42.443414 [debug] [Thread-1 (]: Using postgres connection "test.pulse_transform.not_null_stg_sports_home_team.9d8def7714"
[0m21:28:42.443414 [debug] [Thread-1 (]: On test.pulse_transform.not_null_stg_sports_home_team.9d8def7714: /* {"app": "dbt", "dbt_version": "1.12.0", "profile_name": "pulse_transform_profile", "target_name": "dev", "node_id": "test.pulse_transform.not_null_stg_sports_home_team.9d8def7714"} */

    
    select
      count(*) as failures,
      count(*) != 0 as should_warn,
      count(*) != 0 as should_error
    from (
      
    
  
    
    



select home_team
from "pulse"."public_public"."stg_sports"
where home_team is null



  
  
      
    ) dbt_internal_test
[0m21:28:42.443915 [debug] [Thread-1 (]: Opening a new connection, currently in state closed
[0m21:28:42.472948 [debug] [Thread-1 (]: SQL status: SELECT 1 in 0.029 seconds
[0m21:28:42.473948 [debug] [Thread-1 (]: On test.pulse_transform.not_null_stg_sports_home_team.9d8def7714: ROLLBACK
[0m21:28:42.473948 [debug] [Thread-1 (]: On test.pulse_transform.not_null_stg_sports_home_team.9d8def7714: Close
[0m21:28:42.474951 [info ] [Thread-1 (]: 12 of 23 PASS not_null_stg_sports_home_team .................................... [[32mPASS[0m in 0.04s]
[0m21:28:42.475456 [debug] [Thread-1 (]: Finished running node test.pulse_transform.not_null_stg_sports_home_team.9d8def7714
[0m21:28:42.475456 [debug] [Thread-1 (]: Began running node test.pulse_transform.not_null_stg_sports_id.a70dda288b
[0m21:28:42.475956 [info ] [Thread-1 (]: 13 of 23 START test not_null_stg_sports_id ..................................... [RUN]
[0m21:28:42.475956 [debug] [Thread-1 (]: Re-using an available connection from the pool (formerly test.pulse_transform.not_null_stg_sports_home_team.9d8def7714, now test.pulse_transform.not_null_stg_sports_id.a70dda288b)
[0m21:28:42.476455 [debug] [Thread-1 (]: Began compiling node test.pulse_transform.not_null_stg_sports_id.a70dda288b
[0m21:28:42.480968 [debug] [Thread-1 (]: Writing injected SQL for node "test.pulse_transform.not_null_stg_sports_id.a70dda288b"
[0m21:28:42.481469 [debug] [Thread-1 (]: Began executing node test.pulse_transform.not_null_stg_sports_id.a70dda288b
[0m21:28:42.482969 [debug] [Thread-1 (]: Writing runtime sql for node "test.pulse_transform.not_null_stg_sports_id.a70dda288b"
[0m21:28:42.483471 [debug] [Thread-1 (]: Using postgres connection "test.pulse_transform.not_null_stg_sports_id.a70dda288b"
[0m21:28:42.483970 [debug] [Thread-1 (]: On test.pulse_transform.not_null_stg_sports_id.a70dda288b: /* {"app": "dbt", "dbt_version": "1.12.0", "profile_name": "pulse_transform_profile", "target_name": "dev", "node_id": "test.pulse_transform.not_null_stg_sports_id.a70dda288b"} */

    
    select
      count(*) as failures,
      count(*) != 0 as should_warn,
      count(*) != 0 as should_error
    from (
      
    
  
    
    



select id
from "pulse"."public_public"."stg_sports"
where id is null



  
  
      
    ) dbt_internal_test
[0m21:28:42.483970 [debug] [Thread-1 (]: Opening a new connection, currently in state closed
[0m21:28:42.509506 [debug] [Thread-1 (]: SQL status: SELECT 1 in 0.026 seconds
[0m21:28:42.510506 [debug] [Thread-1 (]: On test.pulse_transform.not_null_stg_sports_id.a70dda288b: ROLLBACK
[0m21:28:42.510506 [debug] [Thread-1 (]: On test.pulse_transform.not_null_stg_sports_id.a70dda288b: Close
[0m21:28:42.511510 [info ] [Thread-1 (]: 13 of 23 PASS not_null_stg_sports_id ........................................... [[32mPASS[0m in 0.04s]
[0m21:28:42.512014 [debug] [Thread-1 (]: Finished running node test.pulse_transform.not_null_stg_sports_id.a70dda288b
[0m21:28:42.512515 [debug] [Thread-1 (]: Began running node test.pulse_transform.accepted_values_stg_weather_condition__clear__mainly_clear__partly_cloudy__overcast__fog__depositing_rime_fog__drizzle_light__drizzle_moderate__drizzle_dense__freezing_drizzle_light__freezing_drizzle_dense__rain_slight__rain_moderate__rain_heavy__freezing_rain_light__freezing_rain_heavy__snow_fall_slight__snow_fall_moderate__snow_fall_heavy__snow_grains__rain_showers_slight__rain_showers_moderate__rain_showers_violent__snow_showers_slight__snow_showers_heavy__thunderstorm_slight_or_moderate__thunderstorm_hail_slight__thunderstorm_hail_heavy__unknown.49df99636f
[0m21:28:42.512515 [info ] [Thread-1 (]: 14 of 23 START test accepted_values_stg_weather_condition__clear__mainly_clear__partly_cloudy__overcast__fog__depositing_rime_fog__drizzle_light__drizzle_moderate__drizzle_dense__freezing_drizzle_light__freezing_drizzle_dense__rain_slight__rain_moderate__rain_heavy__freezing_rain_light__freezing_rain_heavy__snow_fall_slight__snow_fall_moderate__snow_fall_heavy__snow_grains__rain_showers_slight__rain_showers_moderate__rain_showers_violent__snow_showers_slight__snow_showers_heavy__thunderstorm_slight_or_moderate__thunderstorm_hail_slight__thunderstorm_hail_heavy__unknown  [RUN]
[0m21:28:42.513014 [debug] [Thread-1 (]: Re-using an available connection from the pool (formerly test.pulse_transform.not_null_stg_sports_id.a70dda288b, now test.pulse_transform.accepted_values_stg_weather_condition__clear__mainly_clear__partly_cloudy__overcast__fog__depositing_rime_fog__drizzle_light__drizzle_moderate__drizzle_dense__freezing_drizzle_light__freezing_drizzle_dense__rain_slight__rain_moderate__rain_heavy__freezing_rain_light__freezing_rain_heavy__snow_fall_slight__snow_fall_moderate__snow_fall_heavy__snow_grains__rain_showers_slight__rain_showers_moderate__rain_showers_violent__snow_showers_slight__snow_showers_heavy__thunderstorm_slight_or_moderate__thunderstorm_hail_slight__thunderstorm_hail_heavy__unknown.49df99636f)
[0m21:28:42.513514 [debug] [Thread-1 (]: Began compiling node test.pulse_transform.accepted_values_stg_weather_condition__clear__mainly_clear__partly_cloudy__overcast__fog__depositing_rime_fog__drizzle_light__drizzle_moderate__drizzle_dense__freezing_drizzle_light__freezing_drizzle_dense__rain_slight__rain_moderate__rain_heavy__freezing_rain_light__freezing_rain_heavy__snow_fall_slight__snow_fall_moderate__snow_fall_heavy__snow_grains__rain_showers_slight__rain_showers_moderate__rain_showers_violent__snow_showers_slight__snow_showers_heavy__thunderstorm_slight_or_moderate__thunderstorm_hail_slight__thunderstorm_hail_heavy__unknown.49df99636f
[0m21:28:42.518025 [debug] [Thread-1 (]: Writing injected SQL for node "test.pulse_transform.accepted_values_stg_weather_condition__clear__mainly_clear__partly_cloudy__overcast__fog__depositing_rime_fog__drizzle_light__drizzle_moderate__drizzle_dense__freezing_drizzle_light__freezing_drizzle_dense__rain_slight__rain_moderate__rain_heavy__freezing_rain_light__freezing_rain_heavy__snow_fall_slight__snow_fall_moderate__snow_fall_heavy__snow_grains__rain_showers_slight__rain_showers_moderate__rain_showers_violent__snow_showers_slight__snow_showers_heavy__thunderstorm_slight_or_moderate__thunderstorm_hail_slight__thunderstorm_hail_heavy__unknown.49df99636f"
[0m21:28:42.518534 [debug] [Thread-1 (]: Began executing node test.pulse_transform.accepted_values_stg_weather_condition__clear__mainly_clear__partly_cloudy__overcast__fog__depositing_rime_fog__drizzle_light__drizzle_moderate__drizzle_dense__freezing_drizzle_light__freezing_drizzle_dense__rain_slight__rain_moderate__rain_heavy__freezing_rain_light__freezing_rain_heavy__snow_fall_slight__snow_fall_moderate__snow_fall_heavy__snow_grains__rain_showers_slight__rain_showers_moderate__rain_showers_violent__snow_showers_slight__snow_showers_heavy__thunderstorm_slight_or_moderate__thunderstorm_hail_slight__thunderstorm_hail_heavy__unknown.49df99636f
[0m21:28:42.520029 [debug] [Thread-1 (]: Writing runtime sql for node "test.pulse_transform.accepted_values_stg_weather_condition__clear__mainly_clear__partly_cloudy__overcast__fog__depositing_rime_fog__drizzle_light__drizzle_moderate__drizzle_dense__freezing_drizzle_light__freezing_drizzle_dense__rain_slight__rain_moderate__rain_heavy__freezing_rain_light__freezing_rain_heavy__snow_fall_slight__snow_fall_moderate__snow_fall_heavy__snow_grains__rain_showers_slight__rain_showers_moderate__rain_showers_violent__snow_showers_slight__snow_showers_heavy__thunderstorm_slight_or_moderate__thunderstorm_hail_slight__thunderstorm_hail_heavy__unknown.49df99636f"
[0m21:28:42.520529 [debug] [Thread-1 (]: Using postgres connection "test.pulse_transform.accepted_values_stg_weather_condition__clear__mainly_clear__partly_cloudy__overcast__fog__depositing_rime_fog__drizzle_light__drizzle_moderate__drizzle_dense__freezing_drizzle_light__freezing_drizzle_dense__rain_slight__rain_moderate__rain_heavy__freezing_rain_light__freezing_rain_heavy__snow_fall_slight__snow_fall_moderate__snow_fall_heavy__snow_grains__rain_showers_slight__rain_showers_moderate__rain_showers_violent__snow_showers_slight__snow_showers_heavy__thunderstorm_slight_or_moderate__thunderstorm_hail_slight__thunderstorm_hail_heavy__unknown.49df99636f"
[0m21:28:42.521029 [debug] [Thread-1 (]: On test.pulse_transform.accepted_values_stg_weather_condition__clear__mainly_clear__partly_cloudy__overcast__fog__depositing_rime_fog__drizzle_light__drizzle_moderate__drizzle_dense__freezing_drizzle_light__freezing_drizzle_dense__rain_slight__rain_moderate__rain_heavy__freezing_rain_light__freezing_rain_heavy__snow_fall_slight__snow_fall_moderate__snow_fall_heavy__snow_grains__rain_showers_slight__rain_showers_moderate__rain_showers_violent__snow_showers_slight__snow_showers_heavy__thunderstorm_slight_or_moderate__thunderstorm_hail_slight__thunderstorm_hail_heavy__unknown.49df99636f: /* {"app": "dbt", "dbt_version": "1.12.0", "profile_name": "pulse_transform_profile", "target_name": "dev", "node_id": "test.pulse_transform.accepted_values_stg_weather_condition__clear__mainly_clear__partly_cloudy__overcast__fog__depositing_rime_fog__drizzle_light__drizzle_moderate__drizzle_dense__freezing_drizzle_light__freezing_drizzle_dense__rain_slight__rain_moderate__rain_heavy__freezing_rain_light__freezing_rain_heavy__snow_fall_slight__snow_fall_moderate__snow_fall_heavy__snow_grains__rain_showers_slight__rain_showers_moderate__rain_showers_violent__snow_showers_slight__snow_showers_heavy__thunderstorm_slight_or_moderate__thunderstorm_hail_slight__thunderstorm_hail_heavy__unknown.49df99636f"} */

    
    select
      count(*) as failures,
      count(*) != 0 as should_warn,
      count(*) != 0 as should_error
    from (
      
    
  
    
    

with all_values as (

    select
        condition as value_field,
        count(*) as n_records

    from "pulse"."public_public"."stg_weather"
    group by condition

)

select *
from all_values
where value_field not in (
    'clear','mainly_clear','partly_cloudy','overcast','fog','depositing_rime_fog','drizzle_light','drizzle_moderate','drizzle_dense','freezing_drizzle_light','freezing_drizzle_dense','rain_slight','rain_moderate','rain_heavy','freezing_rain_light','freezing_rain_heavy','snow_fall_slight','snow_fall_moderate','snow_fall_heavy','snow_grains','rain_showers_slight','rain_showers_moderate','rain_showers_violent','snow_showers_slight','snow_showers_heavy','thunderstorm_slight_or_moderate','thunderstorm_hail_slight','thunderstorm_hail_heavy','unknown'
)



  
  
      
    ) dbt_internal_test
[0m21:28:42.521029 [debug] [Thread-1 (]: Opening a new connection, currently in state closed
[0m21:28:42.552057 [debug] [Thread-1 (]: SQL status: SELECT 1 in 0.030 seconds
[0m21:28:42.554057 [debug] [Thread-1 (]: On test.pulse_transform.accepted_values_stg_weather_condition__clear__mainly_clear__partly_cloudy__overcast__fog__depositing_rime_fog__drizzle_light__drizzle_moderate__drizzle_dense__freezing_drizzle_light__freezing_drizzle_dense__rain_slight__rain_moderate__rain_heavy__freezing_rain_light__freezing_rain_heavy__snow_fall_slight__snow_fall_moderate__snow_fall_heavy__snow_grains__rain_showers_slight__rain_showers_moderate__rain_showers_violent__snow_showers_slight__snow_showers_heavy__thunderstorm_slight_or_moderate__thunderstorm_hail_slight__thunderstorm_hail_heavy__unknown.49df99636f: ROLLBACK
[0m21:28:42.554556 [debug] [Thread-1 (]: On test.pulse_transform.accepted_values_stg_weather_condition__clear__mainly_clear__partly_cloudy__overcast__fog__depositing_rime_fog__drizzle_light__drizzle_moderate__drizzle_dense__freezing_drizzle_light__freezing_drizzle_dense__rain_slight__rain_moderate__rain_heavy__freezing_rain_light__freezing_rain_heavy__snow_fall_slight__snow_fall_moderate__snow_fall_heavy__snow_grains__rain_showers_slight__rain_showers_moderate__rain_showers_violent__snow_showers_slight__snow_showers_heavy__thunderstorm_slight_or_moderate__thunderstorm_hail_slight__thunderstorm_hail_heavy__unknown.49df99636f: Close
[0m21:28:42.555056 [info ] [Thread-1 (]: 14 of 23 PASS accepted_values_stg_weather_condition__clear__mainly_clear__partly_cloudy__overcast__fog__depositing_rime_fog__drizzle_light__drizzle_moderate__drizzle_dense__freezing_drizzle_light__freezing_drizzle_dense__rain_slight__rain_moderate__rain_heavy__freezing_rain_light__freezing_rain_heavy__snow_fall_slight__snow_fall_moderate__snow_fall_heavy__snow_grains__rain_showers_slight__rain_showers_moderate__rain_showers_violent__snow_showers_slight__snow_showers_heavy__thunderstorm_slight_or_moderate__thunderstorm_hail_slight__thunderstorm_hail_heavy__unknown  [[32mPASS[0m in 0.04s]
[0m21:28:42.556055 [debug] [Thread-1 (]: Finished running node test.pulse_transform.accepted_values_stg_weather_condition__clear__mainly_clear__partly_cloudy__overcast__fog__depositing_rime_fog__drizzle_light__drizzle_moderate__drizzle_dense__freezing_drizzle_light__freezing_drizzle_dense__rain_slight__rain_moderate__rain_heavy__freezing_rain_light__freezing_rain_heavy__snow_fall_slight__snow_fall_moderate__snow_fall_heavy__snow_grains__rain_showers_slight__rain_showers_moderate__rain_showers_violent__snow_showers_slight__snow_showers_heavy__thunderstorm_slight_or_moderate__thunderstorm_hail_slight__thunderstorm_hail_heavy__unknown.49df99636f
[0m21:28:42.556055 [debug] [Thread-1 (]: Began running node test.pulse_transform.not_null_stg_weather_city.c03e0c0127
[0m21:28:42.556554 [info ] [Thread-1 (]: 15 of 23 START test not_null_stg_weather_city .................................. [RUN]
[0m21:28:42.556554 [debug] [Thread-1 (]: Re-using an available connection from the pool (formerly test.pulse_transform.accepted_values_stg_weather_condition__clear__mainly_clear__partly_cloudy__overcast__fog__depositing_rime_fog__drizzle_light__drizzle_moderate__drizzle_dense__freezing_drizzle_light__freezing_drizzle_dense__rain_slight__rain_moderate__rain_heavy__freezing_rain_light__freezing_rain_heavy__snow_fall_slight__snow_fall_moderate__snow_fall_heavy__snow_grains__rain_showers_slight__rain_showers_moderate__rain_showers_violent__snow_showers_slight__snow_showers_heavy__thunderstorm_slight_or_moderate__thunderstorm_hail_slight__thunderstorm_hail_heavy__unknown.49df99636f, now test.pulse_transform.not_null_stg_weather_city.c03e0c0127)
[0m21:28:42.557560 [debug] [Thread-1 (]: Began compiling node test.pulse_transform.not_null_stg_weather_city.c03e0c0127
[0m21:28:42.563568 [debug] [Thread-1 (]: Writing injected SQL for node "test.pulse_transform.not_null_stg_weather_city.c03e0c0127"
[0m21:28:42.564068 [debug] [Thread-1 (]: Began executing node test.pulse_transform.not_null_stg_weather_city.c03e0c0127
[0m21:28:42.565570 [debug] [Thread-1 (]: Writing runtime sql for node "test.pulse_transform.not_null_stg_weather_city.c03e0c0127"
[0m21:28:42.566568 [debug] [Thread-1 (]: Using postgres connection "test.pulse_transform.not_null_stg_weather_city.c03e0c0127"
[0m21:28:42.566568 [debug] [Thread-1 (]: On test.pulse_transform.not_null_stg_weather_city.c03e0c0127: /* {"app": "dbt", "dbt_version": "1.12.0", "profile_name": "pulse_transform_profile", "target_name": "dev", "node_id": "test.pulse_transform.not_null_stg_weather_city.c03e0c0127"} */

    
    select
      count(*) as failures,
      count(*) != 0 as should_warn,
      count(*) != 0 as should_error
    from (
      
    
  
    
    



select city
from "pulse"."public_public"."stg_weather"
where city is null



  
  
      
    ) dbt_internal_test
[0m21:28:42.566568 [debug] [Thread-1 (]: Opening a new connection, currently in state closed
[0m21:28:42.596626 [debug] [Thread-1 (]: SQL status: SELECT 1 in 0.029 seconds
[0m21:28:42.597630 [debug] [Thread-1 (]: On test.pulse_transform.not_null_stg_weather_city.c03e0c0127: ROLLBACK
[0m21:28:42.598635 [debug] [Thread-1 (]: On test.pulse_transform.not_null_stg_weather_city.c03e0c0127: Close
[0m21:28:42.599134 [info ] [Thread-1 (]: 15 of 23 PASS not_null_stg_weather_city ........................................ [[32mPASS[0m in 0.04s]
[0m21:28:42.599634 [debug] [Thread-1 (]: Finished running node test.pulse_transform.not_null_stg_weather_city.c03e0c0127
[0m21:28:42.600139 [debug] [Thread-1 (]: Began running node test.pulse_transform.not_null_stg_weather_condition.0c9e947318
[0m21:28:42.600639 [info ] [Thread-1 (]: 16 of 23 START test not_null_stg_weather_condition ............................. [RUN]
[0m21:28:42.601138 [debug] [Thread-1 (]: Re-using an available connection from the pool (formerly test.pulse_transform.not_null_stg_weather_city.c03e0c0127, now test.pulse_transform.not_null_stg_weather_condition.0c9e947318)
[0m21:28:42.601639 [debug] [Thread-1 (]: Began compiling node test.pulse_transform.not_null_stg_weather_condition.0c9e947318
[0m21:28:42.606137 [debug] [Thread-1 (]: Writing injected SQL for node "test.pulse_transform.not_null_stg_weather_condition.0c9e947318"
[0m21:28:42.606638 [debug] [Thread-1 (]: Began executing node test.pulse_transform.not_null_stg_weather_condition.0c9e947318
[0m21:28:42.608151 [debug] [Thread-1 (]: Writing runtime sql for node "test.pulse_transform.not_null_stg_weather_condition.0c9e947318"
[0m21:28:42.609148 [debug] [Thread-1 (]: Using postgres connection "test.pulse_transform.not_null_stg_weather_condition.0c9e947318"
[0m21:28:42.609148 [debug] [Thread-1 (]: On test.pulse_transform.not_null_stg_weather_condition.0c9e947318: /* {"app": "dbt", "dbt_version": "1.12.0", "profile_name": "pulse_transform_profile", "target_name": "dev", "node_id": "test.pulse_transform.not_null_stg_weather_condition.0c9e947318"} */

    
    select
      count(*) as failures,
      count(*) != 0 as should_warn,
      count(*) != 0 as should_error
    from (
      
    
  
    
    



select condition
from "pulse"."public_public"."stg_weather"
where condition is null



  
  
      
    ) dbt_internal_test
[0m21:28:42.609148 [debug] [Thread-1 (]: Opening a new connection, currently in state closed
[0m21:28:42.634678 [debug] [Thread-1 (]: SQL status: SELECT 1 in 0.025 seconds
[0m21:28:42.635677 [debug] [Thread-1 (]: On test.pulse_transform.not_null_stg_weather_condition.0c9e947318: ROLLBACK
[0m21:28:42.636179 [debug] [Thread-1 (]: On test.pulse_transform.not_null_stg_weather_condition.0c9e947318: Close
[0m21:28:42.636679 [info ] [Thread-1 (]: 16 of 23 PASS not_null_stg_weather_condition ................................... [[32mPASS[0m in 0.04s]
[0m21:28:42.636679 [debug] [Thread-1 (]: Finished running node test.pulse_transform.not_null_stg_weather_condition.0c9e947318
[0m21:28:42.637685 [debug] [Thread-1 (]: Began running node test.pulse_transform.not_null_stg_weather_id.0e1828fa23
[0m21:28:42.637685 [info ] [Thread-1 (]: 17 of 23 START test not_null_stg_weather_id .................................... [RUN]
[0m21:28:42.638190 [debug] [Thread-1 (]: Re-using an available connection from the pool (formerly test.pulse_transform.not_null_stg_weather_condition.0c9e947318, now test.pulse_transform.not_null_stg_weather_id.0e1828fa23)
[0m21:28:42.638692 [debug] [Thread-1 (]: Began compiling node test.pulse_transform.not_null_stg_weather_id.0e1828fa23
[0m21:28:42.642688 [debug] [Thread-1 (]: Writing injected SQL for node "test.pulse_transform.not_null_stg_weather_id.0e1828fa23"
[0m21:28:42.643188 [debug] [Thread-1 (]: Began executing node test.pulse_transform.not_null_stg_weather_id.0e1828fa23
[0m21:28:42.644191 [debug] [Thread-1 (]: Writing runtime sql for node "test.pulse_transform.not_null_stg_weather_id.0e1828fa23"
[0m21:28:42.645189 [debug] [Thread-1 (]: Using postgres connection "test.pulse_transform.not_null_stg_weather_id.0e1828fa23"
[0m21:28:42.645189 [debug] [Thread-1 (]: On test.pulse_transform.not_null_stg_weather_id.0e1828fa23: /* {"app": "dbt", "dbt_version": "1.12.0", "profile_name": "pulse_transform_profile", "target_name": "dev", "node_id": "test.pulse_transform.not_null_stg_weather_id.0e1828fa23"} */

    
    select
      count(*) as failures,
      count(*) != 0 as should_warn,
      count(*) != 0 as should_error
    from (
      
    
  
    
    



select id
from "pulse"."public_public"."stg_weather"
where id is null



  
  
      
    ) dbt_internal_test
[0m21:28:42.645690 [debug] [Thread-1 (]: Opening a new connection, currently in state closed
[0m21:28:42.675720 [debug] [Thread-1 (]: SQL status: SELECT 1 in 0.030 seconds
[0m21:28:42.676720 [debug] [Thread-1 (]: On test.pulse_transform.not_null_stg_weather_id.0e1828fa23: ROLLBACK
[0m21:28:42.676720 [debug] [Thread-1 (]: On test.pulse_transform.not_null_stg_weather_id.0e1828fa23: Close
[0m21:28:42.677724 [info ] [Thread-1 (]: 17 of 23 PASS not_null_stg_weather_id .......................................... [[32mPASS[0m in 0.04s]
[0m21:28:42.678230 [debug] [Thread-1 (]: Finished running node test.pulse_transform.not_null_stg_weather_id.0e1828fa23
[0m21:28:42.678731 [debug] [Thread-1 (]: Began running node test.pulse_transform.not_null_stg_weather_temperature.fe647a6746
[0m21:28:42.678731 [info ] [Thread-1 (]: 18 of 23 START test not_null_stg_weather_temperature ........................... [RUN]
[0m21:28:42.679229 [debug] [Thread-1 (]: Re-using an available connection from the pool (formerly test.pulse_transform.not_null_stg_weather_id.0e1828fa23, now test.pulse_transform.not_null_stg_weather_temperature.fe647a6746)
[0m21:28:42.679730 [debug] [Thread-1 (]: Began compiling node test.pulse_transform.not_null_stg_weather_temperature.fe647a6746
[0m21:28:42.683728 [debug] [Thread-1 (]: Writing injected SQL for node "test.pulse_transform.not_null_stg_weather_temperature.fe647a6746"
[0m21:28:42.684228 [debug] [Thread-1 (]: Began executing node test.pulse_transform.not_null_stg_weather_temperature.fe647a6746
[0m21:28:42.685230 [debug] [Thread-1 (]: Writing runtime sql for node "test.pulse_transform.not_null_stg_weather_temperature.fe647a6746"
[0m21:28:42.686230 [debug] [Thread-1 (]: Using postgres connection "test.pulse_transform.not_null_stg_weather_temperature.fe647a6746"
[0m21:28:42.686230 [debug] [Thread-1 (]: On test.pulse_transform.not_null_stg_weather_temperature.fe647a6746: /* {"app": "dbt", "dbt_version": "1.12.0", "profile_name": "pulse_transform_profile", "target_name": "dev", "node_id": "test.pulse_transform.not_null_stg_weather_temperature.fe647a6746"} */

    
    select
      count(*) as failures,
      count(*) != 0 as should_warn,
      count(*) != 0 as should_error
    from (
      
    
  
    
    



select temperature
from "pulse"."public_public"."stg_weather"
where temperature is null



  
  
      
    ) dbt_internal_test
[0m21:28:42.686730 [debug] [Thread-1 (]: Opening a new connection, currently in state closed
[0m21:28:42.710774 [debug] [Thread-1 (]: SQL status: SELECT 1 in 0.024 seconds
[0m21:28:42.711777 [debug] [Thread-1 (]: On test.pulse_transform.not_null_stg_weather_temperature.fe647a6746: ROLLBACK
[0m21:28:42.711777 [debug] [Thread-1 (]: On test.pulse_transform.not_null_stg_weather_temperature.fe647a6746: Close
[0m21:28:42.712274 [info ] [Thread-1 (]: 18 of 23 PASS not_null_stg_weather_temperature ................................. [[32mPASS[0m in 0.03s]
[0m21:28:42.712775 [debug] [Thread-1 (]: Finished running node test.pulse_transform.not_null_stg_weather_temperature.fe647a6746
[0m21:28:42.713275 [debug] [Thread-1 (]: Began running node test.pulse_transform.unique_stg_weather_id.c42c665fbe
[0m21:28:42.713275 [info ] [Thread-1 (]: 19 of 23 START test unique_stg_weather_id ...................................... [RUN]
[0m21:28:42.713774 [debug] [Thread-1 (]: Re-using an available connection from the pool (formerly test.pulse_transform.not_null_stg_weather_temperature.fe647a6746, now test.pulse_transform.unique_stg_weather_id.c42c665fbe)
[0m21:28:42.714275 [debug] [Thread-1 (]: Began compiling node test.pulse_transform.unique_stg_weather_id.c42c665fbe
[0m21:28:42.718281 [debug] [Thread-1 (]: Writing injected SQL for node "test.pulse_transform.unique_stg_weather_id.c42c665fbe"
[0m21:28:42.719282 [debug] [Thread-1 (]: Began executing node test.pulse_transform.unique_stg_weather_id.c42c665fbe
[0m21:28:42.720785 [debug] [Thread-1 (]: Writing runtime sql for node "test.pulse_transform.unique_stg_weather_id.c42c665fbe"
[0m21:28:42.721285 [debug] [Thread-1 (]: Using postgres connection "test.pulse_transform.unique_stg_weather_id.c42c665fbe"
[0m21:28:42.721786 [debug] [Thread-1 (]: On test.pulse_transform.unique_stg_weather_id.c42c665fbe: /* {"app": "dbt", "dbt_version": "1.12.0", "profile_name": "pulse_transform_profile", "target_name": "dev", "node_id": "test.pulse_transform.unique_stg_weather_id.c42c665fbe"} */

    
    select
      count(*) as failures,
      count(*) != 0 as should_warn,
      count(*) != 0 as should_error
    from (
      
    
  
    
    

select
    id as unique_field,
    count(*) as n_records

from "pulse"."public_public"."stg_weather"
where id is not null
group by id
having count(*) > 1



  
  
      
    ) dbt_internal_test
[0m21:28:42.721786 [debug] [Thread-1 (]: Opening a new connection, currently in state closed
[0m21:28:42.860506 [debug] [Thread-1 (]: SQL status: SELECT 1 in 0.138 seconds
[0m21:28:42.861509 [debug] [Thread-1 (]: On test.pulse_transform.unique_stg_weather_id.c42c665fbe: ROLLBACK
[0m21:28:42.862006 [debug] [Thread-1 (]: On test.pulse_transform.unique_stg_weather_id.c42c665fbe: Close
[0m21:28:42.862505 [info ] [Thread-1 (]: 19 of 23 PASS unique_stg_weather_id ............................................ [[32mPASS[0m in 0.15s]
[0m21:28:42.863005 [debug] [Thread-1 (]: Finished running node test.pulse_transform.unique_stg_weather_id.c42c665fbe
[0m21:28:42.863505 [debug] [Thread-1 (]: Began running node model.pulse_transform.daily_summary
[0m21:28:42.863505 [info ] [Thread-1 (]: 20 of 23 SKIP relation public_public.daily_summary ............................. [[33mSKIP[0m]
[0m21:28:42.864005 [debug] [Thread-1 (]: Finished running node model.pulse_transform.daily_summary
[0m21:28:42.864005 [debug] [Thread-4 (]: Marking all children of 'model.pulse_transform.daily_summary' to be skipped because of status 'skipped'. 
[0m21:28:42.864507 [debug] [Thread-1 (]: Began running node test.pulse_transform.not_null_daily_summary_crypto_coin.2b3c1f82f7
[0m21:28:42.865005 [info ] [Thread-1 (]: 21 of 23 SKIP test not_null_daily_summary_crypto_coin .......................... [[33mSKIP[0m]
[0m21:28:42.865005 [debug] [Thread-1 (]: Finished running node test.pulse_transform.not_null_daily_summary_crypto_coin.2b3c1f82f7
[0m21:28:42.865508 [debug] [Thread-1 (]: Began running node test.pulse_transform.not_null_daily_summary_sports_game_date.d349270fc3
[0m21:28:42.866005 [debug] [Thread-4 (]: Marking all children of 'test.pulse_transform.not_null_daily_summary_crypto_coin.2b3c1f82f7' to be skipped because of status 'skipped'. 
[0m21:28:42.866005 [info ] [Thread-1 (]: 22 of 23 SKIP test not_null_daily_summary_sports_game_date ..................... [[33mSKIP[0m]
[0m21:28:42.866505 [debug] [Thread-1 (]: Finished running node test.pulse_transform.not_null_daily_summary_sports_game_date.d349270fc3
[0m21:28:42.866505 [debug] [Thread-1 (]: Began running node test.pulse_transform.not_null_daily_summary_weather_city.efc8b36fcc
[0m21:28:42.867005 [debug] [Thread-4 (]: Marking all children of 'test.pulse_transform.not_null_daily_summary_sports_game_date.d349270fc3' to be skipped because of status 'skipped'. 
[0m21:28:42.867005 [info ] [Thread-1 (]: 23 of 23 SKIP test not_null_daily_summary_weather_city ......................... [[33mSKIP[0m]
[0m21:28:42.867005 [debug] [Thread-1 (]: Finished running node test.pulse_transform.not_null_daily_summary_weather_city.efc8b36fcc
[0m21:28:42.867005 [debug] [Thread-4 (]: Marking all children of 'test.pulse_transform.not_null_daily_summary_weather_city.efc8b36fcc' to be skipped because of status 'skipped'. 
[0m21:28:42.868512 [debug] [MainThread]: On master: COMMIT
[0m21:28:42.868512 [debug] [MainThread]: Using postgres connection "master"
[0m21:28:42.869011 [debug] [MainThread]: On master: COMMIT
[0m21:28:42.869011 [debug] [MainThread]: Opening a new connection, currently in state closed
[0m21:28:42.892042 [debug] [MainThread]: SQL status: COMMIT in 0.023 seconds
[0m21:28:42.892042 [debug] [MainThread]: On master: Close
[0m21:28:42.892540 [debug] [MainThread]: Connection 'master' was properly closed.
[0m21:28:42.892540 [debug] [MainThread]: Connection 'list_pulse' was properly closed.
[0m21:28:42.893041 [debug] [MainThread]: Connection 'list_pulse_public_public' was properly closed.
[0m21:28:42.893041 [debug] [MainThread]: Connection 'test.pulse_transform.unique_stg_weather_id.c42c665fbe' was properly closed.
[0m21:28:42.893041 [info ] [MainThread]: 
[0m21:28:42.893540 [info ] [MainThread]: Finished running 4 table models, 19 data tests in 0 hours 0 minutes and 1.15 seconds (1.15s).
[0m21:28:42.895549 [debug] [MainThread]: Command end result
[0m21:28:42.916565 [debug] [MainThread]: Wrote artifact WritableManifest to C:\Users\Steve\OneDrive\Desktop\code\pulse\transform\target\manifest.json
[0m21:28:42.919072 [debug] [MainThread]: Wrote artifact SemanticManifest to C:\Users\Steve\OneDrive\Desktop\code\pulse\transform\target\semantic_manifest.json
[0m21:28:42.921573 [debug] [MainThread]: Wrote artifact OsiDocument to C:\Users\Steve\OneDrive\Desktop\code\pulse\transform\target\osi_document.json
[0m21:28:42.926573 [debug] [MainThread]: Wrote artifact RunExecutionResult to C:\Users\Steve\OneDrive\Desktop\code\pulse\transform\target\run_results.json
[0m21:28:42.926573 [info ] [MainThread]: 
[0m21:28:42.926573 [info ] [MainThread]: [31mCompleted with 1 error, 0 partial successes, and 0 warnings:[0m
[0m21:28:42.927577 [info ] [MainThread]: 
[0m21:28:42.928087 [error] [MainThread]: [[31mERROR[0m]: in test not_null_stg_crypto_price_usd (models\schema.yml)
[0m21:28:42.928087 [error] [MainThread]:   Got 1 result, configured to fail if != 0
[0m21:28:42.928583 [info ] [MainThread]: 
[0m21:28:42.928583 [info ] [MainThread]:   compiled code at target\compiled\pulse_transform\models\schema.yml\not_null_stg_crypto_price_usd.sql
[0m21:28:42.928583 [info ] [MainThread]: 
[0m21:28:42.929586 [info ] [MainThread]: Done. PASS=18 WARN=0 ERROR=1 SKIP=4 NO-OP=0 REUSED=0 TOTAL=23
[0m21:28:42.929586 [warn ] [MainThread]: [[33mWARNING[0m][DeprecationsSummary]: Deprecated functionality
Summary of encountered deprecations:
- MissingArgumentsPropertyInGenericTestDeprecation: 1 occurrence
To see all deprecation instances instead of just the first occurrence of each,
run command again with the `--show-all-deprecations` flag. You may also need to
run with `--no-partial-parse` as some deprecations are only encountered during
parsing.
[0m21:28:42.930590 [debug] [MainThread]: Command `dbt build` failed at 21:28:42.930590 after 2.68 seconds
[0m21:28:42.930590 [debug] [MainThread]: Sending event: {'category': 'dbt', 'action': 'invocation', 'label': 'end', 'context': [<snowplow_tracker.self_describing_json.SelfDescribingJson object at 0x000002100AF992B0>, <snowplow_tracker.self_describing_json.SelfDescribingJson object at 0x000002100AF9BA40>, <snowplow_tracker.self_describing_json.SelfDescribingJson object at 0x0000021008CD20F0>]}
[0m21:28:42.931091 [debug] [MainThread]: Flushing usage events
[0m21:28:43.414223 [debug] [MainThread]: An error was encountered while trying to flush usage events
[0m22:15:03.962121 [debug] [MainThread]: Sending event: {'category': 'dbt', 'action': 'invocation', 'label': 'start', 'context': [<snowplow_tracker.self_describing_json.SelfDescribingJson object at 0x000002A839050800>, <snowplow_tracker.self_describing_json.SelfDescribingJson object at 0x000002A8382E9010>, <snowplow_tracker.self_describing_json.SelfDescribingJson object at 0x000002A838F5FF20>]}


============================== 22:15:03.967127 | a730f2d8-8083-4697-b51a-77b87414bdaf ==============================
[0m22:15:03.967127 [info ] [MainThread]: Running with dbt=1.12.0
[0m22:15:03.968130 [debug] [MainThread]: running dbt with arguments {'maximum_seed_size_mib': '1', 'no_print': 'None', 'static_parser': 'True', 'target_path': 'None', 'warn_error_options': 'WarnErrorOptionsV2(error=[], warn=[], silence=[])', 'version_check': 'True', 'printer_width': '80', 'write_json': 'True', 'introspect': 'True', 'log_cache_events': 'False', 'empty': 'False', 'cache_selected_only': 'False', 'log_format': 'default', 'debug': 'False', 'fail_fast': 'False', 'partial_parse': 'False', 'send_anonymous_usage_stats': 'True', 'quiet': 'False', 'warn_error': 'None', 'profiles_dir': '.', 'use_colors': 'True', 'hints_enabled': 'True', 'indirect_selection': 'eager', 'use_experimental_parser': 'False', 'invocation_command': 'dbt build --profiles-dir . --no-partial-parse', 'log_path': 'C:\\Users\\Steve\\OneDrive\\Desktop\\code\\pulse\\transform\\logs'}
[0m22:15:04.078747 [debug] [MainThread]: Sending event: {'category': 'dbt', 'action': 'project_id', 'label': 'a730f2d8-8083-4697-b51a-77b87414bdaf', 'context': [<snowplow_tracker.self_describing_json.SelfDescribingJson object at 0x000002A8388A2CF0>]}
[0m22:15:04.119374 [debug] [MainThread]: Sending event: {'category': 'dbt', 'action': 'adapter_info', 'label': 'a730f2d8-8083-4697-b51a-77b87414bdaf', 'context': [<snowplow_tracker.self_describing_json.SelfDescribingJson object at 0x000002A83AB7A960>]}
[0m22:15:04.120374 [info ] [MainThread]: Registered adapter: postgres=1.11.0
[0m22:15:04.365780 [debug] [MainThread]: checksum: c88f2b38114df2604ccc177aea92f212ddffa831408be655762d132e6474640b, vars: {}, profile: pulse_transform_profile, target: dev, version: 1.12.0
[0m22:15:04.366780 [debug] [MainThread]: Partial parsing not enabled
[0m22:15:05.336124 [warn ] [MainThread]: [[33mWARNING[0m][MissingArgumentsPropertyInGenericTestDeprecation]: Deprecated
functionality
Found top-level arguments to test `accepted_values` defined on 'stg_weather' in
package 'pulse_transform' (models\schema.yml). Arguments to generic tests should
be nested under the `arguments` property.
[0m22:15:05.336623 [debug] [MainThread]: Sending event: {'category': 'dbt', 'action': 'deprecation', 'label': 'a730f2d8-8083-4697-b51a-77b87414bdaf', 'property_': 'warn', 'context': [<snowplow_tracker.self_describing_json.SelfDescribingJson object at 0x000002A83B5659D0>]}
[0m22:15:05.550933 [debug] [MainThread]: Sending event: {'category': 'dbt', 'action': 'load_project', 'label': 'a730f2d8-8083-4697-b51a-77b87414bdaf', 'context': [<snowplow_tracker.self_describing_json.SelfDescribingJson object at 0x000002A83B758C20>]}
[0m22:15:05.652072 [debug] [MainThread]: Wrote artifact WritableManifest to C:\Users\Steve\OneDrive\Desktop\code\pulse\transform\target\manifest.json
[0m22:15:05.656074 [debug] [MainThread]: Wrote artifact SemanticManifest to C:\Users\Steve\OneDrive\Desktop\code\pulse\transform\target\semantic_manifest.json
[0m22:15:05.677091 [debug] [MainThread]: Wrote artifact OsiDocument to C:\Users\Steve\OneDrive\Desktop\code\pulse\transform\target\osi_document.json
[0m22:15:05.702137 [debug] [MainThread]: Sending event: {'category': 'dbt', 'action': 'resource_counts', 'label': 'a730f2d8-8083-4697-b51a-77b87414bdaf', 'context': [<snowplow_tracker.self_describing_json.SelfDescribingJson object at 0x000002A83B75B800>]}
[0m22:15:05.702636 [info ] [MainThread]: Found 4 models, 18 data tests, 3 sources, 477 macros
[0m22:15:05.704635 [info ] [MainThread]: 
[0m22:15:05.704635 [info ] [MainThread]: Concurrency: 1 threads (target='dev')
[0m22:15:05.705138 [info ] [MainThread]: 
[0m22:15:05.705635 [debug] [MainThread]: Acquiring new postgres connection 'master'
[0m22:15:05.708138 [debug] [ThreadPool]: Acquiring new postgres connection 'list_pulse'
[0m22:15:05.764751 [debug] [ThreadPool]: Using postgres connection "list_pulse"
[0m22:15:05.765251 [debug] [ThreadPool]: On list_pulse: /* {"app": "dbt", "dbt_version": "1.12.0", "profile_name": "pulse_transform_profile", "target_name": "dev", "connection_name": "list_pulse"} */

    select distinct nspname from pg_namespace
  
[0m22:15:05.765251 [debug] [ThreadPool]: Opening a new connection, currently in state init
[0m22:15:05.798289 [debug] [ThreadPool]: SQL status: SELECT 5 in 0.033 seconds
[0m22:15:05.799301 [debug] [ThreadPool]: On list_pulse: Close
[0m22:15:05.800305 [debug] [ThreadPool]: Acquiring new postgres connection 'list_pulse_public_public'
[0m22:15:05.804305 [debug] [ThreadPool]: Using postgres connection "list_pulse_public_public"
[0m22:15:05.804807 [debug] [ThreadPool]: On list_pulse_public_public: /* {"app": "dbt", "dbt_version": "1.12.0", "profile_name": "pulse_transform_profile", "target_name": "dev", "connection_name": "list_pulse_public_public"} */
select
      'pulse' as database,
      tablename as name,
      schemaname as schema,
      'table' as type
    from pg_tables
    where schemaname ilike 'public_public'
    union all
    select
      'pulse' as database,
      viewname as name,
      schemaname as schema,
      'view' as type
    from pg_views
    where schemaname ilike 'public_public'
    union all
    select
      'pulse' as database,
      matviewname as name,
      schemaname as schema,
      'materialized_view' as type
    from pg_matviews
    where schemaname ilike 'public_public'
    union all
    select distinct
     'pulse' as database,
     proname as name,
     ns.nspname as schema,
     'function' as type
    from pg_proc
     join pg_namespace as ns on pronamespace = ns.oid
    where ns.nspname ilike 'public_public'
  
[0m22:15:05.804807 [debug] [ThreadPool]: Opening a new connection, currently in state init
[0m22:15:05.835832 [debug] [ThreadPool]: SQL status: SELECT 3 in 0.031 seconds
[0m22:15:05.836831 [debug] [ThreadPool]: On list_pulse_public_public: ROLLBACK
[0m22:15:05.837333 [debug] [ThreadPool]: On list_pulse_public_public: Close
[0m22:15:05.841840 [debug] [MainThread]: Using postgres connection "master"
[0m22:15:05.841840 [debug] [MainThread]: On master: /* {"app": "dbt", "dbt_version": "1.12.0", "profile_name": "pulse_transform_profile", "target_name": "dev", "connection_name": "master"} */
select distinct
        dependent_namespace.nspname as dependent_schema,
        dependent_class.relname as dependent_name,
        referenced_namespace.nspname as referenced_schema,
        referenced_class.relname as referenced_name

    -- Query for views: views are entries in pg_class with an entry in pg_rewrite, but we avoid
    -- a seq scan on pg_rewrite by leveraging the fact there is an "internal" row in pg_depend for
    -- the view...
    from pg_class as dependent_class
    join pg_namespace as dependent_namespace on dependent_namespace.oid = dependent_class.relnamespace
    join pg_depend as dependent_depend on dependent_depend.refobjid = dependent_class.oid
        and dependent_depend.classid = 'pg_rewrite'::regclass
        and dependent_depend.refclassid = 'pg_class'::regclass
        and dependent_depend.deptype = 'i'

    -- ... and via pg_depend (that has a row per column, hence the need for "distinct" above, and
    -- making sure to exclude the internal row to avoid a view appearing to depend on itself)...
    join pg_depend as joining_depend on joining_depend.objid = dependent_depend.objid
        and joining_depend.classid = 'pg_rewrite'::regclass
        and joining_depend.refclassid = 'pg_class'::regclass
        and joining_depend.refobjid != dependent_depend.refobjid

    -- ... we can find the tables they query from in pg_class, but excluding system tables. Note we
    -- don't need need to exclude _dependent_ system tables, because they only query from other
    -- system tables, and so are automatically excluded by excluding _referenced_ system tables
    join pg_class as referenced_class on referenced_class.oid = joining_depend.refobjid
    join pg_namespace as referenced_namespace on referenced_namespace.oid = referenced_class.relnamespace
        and referenced_namespace.nspname != 'information_schema'
        and referenced_namespace.nspname not like 'pg\_%'

    order by
        dependent_schema, dependent_name, referenced_schema, referenced_name;
[0m22:15:05.842341 [debug] [MainThread]: Opening a new connection, currently in state init
[0m22:15:05.879390 [debug] [MainThread]: SQL status: SELECT 0 in 0.037 seconds
[0m22:15:05.879890 [debug] [MainThread]: Sending event: {'category': 'dbt', 'action': 'runnable_timing', 'label': 'a730f2d8-8083-4697-b51a-77b87414bdaf', 'context': [<snowplow_tracker.self_describing_json.SelfDescribingJson object at 0x000002A83B676420>]}
[0m22:15:05.880390 [debug] [MainThread]: On master: ROLLBACK
[0m22:15:05.880890 [debug] [MainThread]: On master: COMMIT
[0m22:15:05.880890 [debug] [MainThread]: Using postgres connection "master"
[0m22:15:05.881389 [debug] [MainThread]: On master: COMMIT
[0m22:15:05.881890 [debug] [MainThread]: SQL status: COMMIT in 0.000 seconds
[0m22:15:05.881890 [debug] [MainThread]: On master: Close
[0m22:15:05.886397 [debug] [Thread-1 (]: Began running node model.pulse_transform.stg_crypto
[0m22:15:05.886397 [info ] [Thread-1 (]: 1 of 22 START sql table model public_public.stg_crypto ......................... [RUN]
[0m22:15:05.886899 [debug] [Thread-1 (]: Acquiring new postgres connection 'model.pulse_transform.stg_crypto'
[0m22:15:05.887401 [debug] [Thread-1 (]: Began compiling node model.pulse_transform.stg_crypto
[0m22:15:05.891411 [debug] [Thread-1 (]: Writing injected SQL for node "model.pulse_transform.stg_crypto"
[0m22:15:05.892413 [debug] [Thread-1 (]: Began executing node model.pulse_transform.stg_crypto
[0m22:15:05.915435 [debug] [Thread-1 (]: Writing runtime sql for node "model.pulse_transform.stg_crypto"
[0m22:15:05.916436 [debug] [Thread-1 (]: Using postgres connection "model.pulse_transform.stg_crypto"
[0m22:15:05.916436 [debug] [Thread-1 (]: On model.pulse_transform.stg_crypto: /* {"app": "dbt", "dbt_version": "1.12.0", "profile_name": "pulse_transform_profile", "target_name": "dev", "node_id": "model.pulse_transform.stg_crypto"} */

  
    

  create  table "pulse"."public_public"."stg_crypto__dbt_tmp"
  
  
    as
  
  (
    with source as (
    select
        id,
        source,
        raw_json,
        ingested_at,
        raw_json::jsonb as payload
    from "pulse"."public"."raw_crypto"
),
flattened as (
    select
        id,
        source,
        raw_json,
        ingested_at,
        key as coin,
        nullif(value ->> 'usd', '') as price_usd
    from source,
    jsonb_each(payload)
)
select
    row_number() over (order by id, coin) as id,
    source,
    coin,
    cast(price_usd as float) as price_usd,
    ingested_at,
    raw_json
from flattened
  );
  
[0m22:15:05.916935 [debug] [Thread-1 (]: Opening a new connection, currently in state init
[0m22:15:05.972994 [debug] [Thread-1 (]: SQL status: SELECT 11 in 0.056 seconds
[0m22:15:05.979504 [debug] [Thread-1 (]: Using postgres connection "model.pulse_transform.stg_crypto"
[0m22:15:05.979504 [debug] [Thread-1 (]: On model.pulse_transform.stg_crypto: /* {"app": "dbt", "dbt_version": "1.12.0", "profile_name": "pulse_transform_profile", "target_name": "dev", "node_id": "model.pulse_transform.stg_crypto"} */
alter table "pulse"."public_public"."stg_crypto" rename to "stg_crypto__dbt_backup"
[0m22:15:05.980004 [debug] [Thread-1 (]: SQL status: ALTER TABLE in 0.000 seconds
[0m22:15:05.982004 [debug] [Thread-1 (]: Using postgres connection "model.pulse_transform.stg_crypto"
[0m22:15:05.982004 [debug] [Thread-1 (]: On model.pulse_transform.stg_crypto: /* {"app": "dbt", "dbt_version": "1.12.0", "profile_name": "pulse_transform_profile", "target_name": "dev", "node_id": "model.pulse_transform.stg_crypto"} */
alter table "pulse"."public_public"."stg_crypto__dbt_tmp" rename to "stg_crypto"
[0m22:15:05.982004 [debug] [Thread-1 (]: SQL status: ALTER TABLE in 0.000 seconds
[0m22:15:05.993528 [debug] [Thread-1 (]: On model.pulse_transform.stg_crypto: COMMIT
[0m22:15:05.993528 [debug] [Thread-1 (]: Using postgres connection "model.pulse_transform.stg_crypto"
[0m22:15:05.994028 [debug] [Thread-1 (]: On model.pulse_transform.stg_crypto: COMMIT
[0m22:15:05.994527 [debug] [Thread-1 (]: SQL status: COMMIT in 0.001 seconds
[0m22:15:05.998030 [debug] [Thread-1 (]: Applying DROP to: "pulse"."public_public"."stg_crypto__dbt_backup"
[0m22:15:06.001033 [debug] [Thread-1 (]: Using postgres connection "model.pulse_transform.stg_crypto"
[0m22:15:06.001033 [debug] [Thread-1 (]: On model.pulse_transform.stg_crypto: /* {"app": "dbt", "dbt_version": "1.12.0", "profile_name": "pulse_transform_profile", "target_name": "dev", "node_id": "model.pulse_transform.stg_crypto"} */
drop table if exists "pulse"."public_public"."stg_crypto__dbt_backup" cascade
[0m22:15:06.004033 [debug] [Thread-1 (]: SQL status: DROP TABLE in 0.002 seconds
[0m22:15:06.005533 [debug] [Thread-1 (]: On model.pulse_transform.stg_crypto: Close
[0m22:15:06.007034 [debug] [Thread-1 (]: Sending event: {'category': 'dbt', 'action': 'run_model', 'label': 'a730f2d8-8083-4697-b51a-77b87414bdaf', 'context': [<snowplow_tracker.self_describing_json.SelfDescribingJson object at 0x000002A83BC58FB0>]}
[0m22:15:06.007034 [info ] [Thread-1 (]: 1 of 22 OK created sql table model public_public.stg_crypto .................... [[32mSELECT 11[0m in 0.12s]
[0m22:15:06.007034 [debug] [Thread-1 (]: Finished running node model.pulse_transform.stg_crypto
[0m22:15:06.008039 [debug] [Thread-1 (]: Began running node model.pulse_transform.stg_sports
[0m22:15:06.008546 [info ] [Thread-1 (]: 2 of 22 START sql table model public_public.stg_sports ......................... [RUN]
[0m22:15:06.009046 [debug] [Thread-1 (]: Re-using an available connection from the pool (formerly model.pulse_transform.stg_crypto, now model.pulse_transform.stg_sports)
[0m22:15:06.009046 [debug] [Thread-1 (]: Began compiling node model.pulse_transform.stg_sports
[0m22:15:06.010546 [debug] [Thread-1 (]: Writing injected SQL for node "model.pulse_transform.stg_sports"
[0m22:15:06.011044 [debug] [Thread-1 (]: Began executing node model.pulse_transform.stg_sports
[0m22:15:06.013544 [debug] [Thread-1 (]: Writing runtime sql for node "model.pulse_transform.stg_sports"
[0m22:15:06.014043 [debug] [Thread-1 (]: Using postgres connection "model.pulse_transform.stg_sports"
[0m22:15:06.014545 [debug] [Thread-1 (]: On model.pulse_transform.stg_sports: /* {"app": "dbt", "dbt_version": "1.12.0", "profile_name": "pulse_transform_profile", "target_name": "dev", "node_id": "model.pulse_transform.stg_sports"} */

  
    

  create  table "pulse"."public_public"."stg_sports__dbt_tmp"
  
  
    as
  
  (
    with source as (
    select
        id,
        source,
        raw_json,
        ingested_at,
        raw_json::jsonb -> 'events' as events_json
    from "pulse"."public"."raw_sports"
),
parsed as (
    select
        id,
        source,
        raw_json,
        ingested_at,
        events_json -> 0 ->> 'date' as game_date,
        events_json -> 0 -> 'competitions' -> 0 -> 'competitors' -> 0 -> 'team' ->> 'abbreviation' as home_team,
        events_json -> 0 -> 'competitions' -> 0 -> 'competitors' -> 0 ->> 'score' as home_score,
        events_json -> 0 -> 'competitions' -> 0 -> 'competitors' -> 1 -> 'team' ->> 'abbreviation' as away_team,
        events_json -> 0 -> 'competitions' -> 0 -> 'competitors' -> 1 ->> 'score' as away_score
    from source
)
select
    id,
    source,
    trim(home_team) as home_team,
    trim(away_team) as away_team,
    cast(home_score as integer) as home_score,
    cast(away_score as integer) as away_score,
    game_date,
    ingested_at,
    raw_json
from parsed
  );
  
[0m22:15:06.015044 [debug] [Thread-1 (]: Opening a new connection, currently in state closed
[0m22:15:06.051082 [debug] [Thread-1 (]: SQL status: SELECT 1 in 0.036 seconds
[0m22:15:06.054078 [debug] [Thread-1 (]: Using postgres connection "model.pulse_transform.stg_sports"
[0m22:15:06.054579 [debug] [Thread-1 (]: On model.pulse_transform.stg_sports: /* {"app": "dbt", "dbt_version": "1.12.0", "profile_name": "pulse_transform_profile", "target_name": "dev", "node_id": "model.pulse_transform.stg_sports"} */
alter table "pulse"."public_public"."stg_sports" rename to "stg_sports__dbt_backup"
[0m22:15:06.055077 [debug] [Thread-1 (]: SQL status: ALTER TABLE in 0.000 seconds
[0m22:15:06.057077 [debug] [Thread-1 (]: Using postgres connection "model.pulse_transform.stg_sports"
[0m22:15:06.057077 [debug] [Thread-1 (]: On model.pulse_transform.stg_sports: /* {"app": "dbt", "dbt_version": "1.12.0", "profile_name": "pulse_transform_profile", "target_name": "dev", "node_id": "model.pulse_transform.stg_sports"} */
alter table "pulse"."public_public"."stg_sports__dbt_tmp" rename to "stg_sports"
[0m22:15:06.058081 [debug] [Thread-1 (]: SQL status: ALTER TABLE in 0.000 seconds
[0m22:15:06.060090 [debug] [Thread-1 (]: On model.pulse_transform.stg_sports: COMMIT
[0m22:15:06.060590 [debug] [Thread-1 (]: Using postgres connection "model.pulse_transform.stg_sports"
[0m22:15:06.060590 [debug] [Thread-1 (]: On model.pulse_transform.stg_sports: COMMIT
[0m22:15:06.061591 [debug] [Thread-1 (]: SQL status: COMMIT in 0.001 seconds
[0m22:15:06.063088 [debug] [Thread-1 (]: Applying DROP to: "pulse"."public_public"."stg_sports__dbt_backup"
[0m22:15:06.063588 [debug] [Thread-1 (]: Using postgres connection "model.pulse_transform.stg_sports"
[0m22:15:06.064087 [debug] [Thread-1 (]: On model.pulse_transform.stg_sports: /* {"app": "dbt", "dbt_version": "1.12.0", "profile_name": "pulse_transform_profile", "target_name": "dev", "node_id": "model.pulse_transform.stg_sports"} */
drop table if exists "pulse"."public_public"."stg_sports__dbt_backup" cascade
[0m22:15:06.067088 [debug] [Thread-1 (]: SQL status: DROP TABLE in 0.003 seconds
[0m22:15:06.068092 [debug] [Thread-1 (]: On model.pulse_transform.stg_sports: Close
[0m22:15:06.068596 [debug] [Thread-1 (]: Sending event: {'category': 'dbt', 'action': 'run_model', 'label': 'a730f2d8-8083-4697-b51a-77b87414bdaf', 'context': [<snowplow_tracker.self_describing_json.SelfDescribingJson object at 0x000002A83B7815B0>]}
[0m22:15:06.069597 [info ] [Thread-1 (]: 2 of 22 OK created sql table model public_public.stg_sports .................... [[32mSELECT 1[0m in 0.06s]
[0m22:15:06.070096 [debug] [Thread-1 (]: Finished running node model.pulse_transform.stg_sports
[0m22:15:06.070596 [debug] [Thread-1 (]: Began running node model.pulse_transform.stg_weather
[0m22:15:06.071096 [info ] [Thread-1 (]: 3 of 22 START sql table model public_public.stg_weather ........................ [RUN]
[0m22:15:06.071599 [debug] [Thread-1 (]: Re-using an available connection from the pool (formerly model.pulse_transform.stg_sports, now model.pulse_transform.stg_weather)
[0m22:15:06.071599 [debug] [Thread-1 (]: Began compiling node model.pulse_transform.stg_weather
[0m22:15:06.074595 [debug] [Thread-1 (]: Writing injected SQL for node "model.pulse_transform.stg_weather"
[0m22:15:06.075095 [debug] [Thread-1 (]: Began executing node model.pulse_transform.stg_weather
[0m22:15:06.078101 [debug] [Thread-1 (]: Writing runtime sql for node "model.pulse_transform.stg_weather"
[0m22:15:06.078605 [debug] [Thread-1 (]: Using postgres connection "model.pulse_transform.stg_weather"
[0m22:15:06.079106 [debug] [Thread-1 (]: On model.pulse_transform.stg_weather: /* {"app": "dbt", "dbt_version": "1.12.0", "profile_name": "pulse_transform_profile", "target_name": "dev", "node_id": "model.pulse_transform.stg_weather"} */

  
    

  create  table "pulse"."public_public"."stg_weather__dbt_tmp"
  
  
    as
  
  (
    with source as (
    select
        id,
        source,
        raw_json::jsonb ->> 'requested_city' as city,
        raw_json::jsonb -> 'current_weather' ->> 'temperature' as temperature,
        raw_json::jsonb -> 'current_weather' ->> 'weathercode' as weather_code,
        raw_json::jsonb ->> 'requested_latitude' as latitude,
        raw_json::jsonb ->> 'requested_longitude' as longitude,
        ingested_at,
        raw_json
    from "pulse"."public"."raw_weather"
)

select
    id,
    source,
    city,
    cast(temperature as float) as temperature,
    case cast(weather_code as integer)
        when 0 then 'clear'
        when 1 then 'mainly_clear'
        when 2 then 'partly_cloudy'
        when 3 then 'overcast'
        when 45 then 'fog'
        when 48 then 'depositing_rime_fog'
        when 51 then 'drizzle_light'
        when 53 then 'drizzle_moderate'
        when 55 then 'drizzle_dense'
        when 56 then 'freezing_drizzle_light'
        when 57 then 'freezing_drizzle_dense'
        when 61 then 'rain_slight'
        when 63 then 'rain_moderate'
        when 65 then 'rain_heavy'
        when 66 then 'freezing_rain_light'
        when 67 then 'freezing_rain_heavy'
        when 71 then 'snow_fall_slight'
        when 73 then 'snow_fall_moderate'
        when 75 then 'snow_fall_heavy'
        when 77 then 'snow_grains'
        when 80 then 'rain_showers_slight'
        when 81 then 'rain_showers_moderate'
        when 82 then 'rain_showers_violent'
        when 85 then 'snow_showers_slight'
        when 86 then 'snow_showers_heavy'
        when 95 then 'thunderstorm_slight_or_moderate'
        when 96 then 'thunderstorm_hail_slight'
        when 99 then 'thunderstorm_hail_heavy'
        else 'unknown'
    end as condition,
    ingested_at,
    raw_json
from source
  );
  
[0m22:15:06.079605 [debug] [Thread-1 (]: Opening a new connection, currently in state closed
[0m22:15:06.113148 [debug] [Thread-1 (]: SQL status: SELECT 10 in 0.033 seconds
[0m22:15:06.115648 [debug] [Thread-1 (]: Using postgres connection "model.pulse_transform.stg_weather"
[0m22:15:06.116149 [debug] [Thread-1 (]: On model.pulse_transform.stg_weather: /* {"app": "dbt", "dbt_version": "1.12.0", "profile_name": "pulse_transform_profile", "target_name": "dev", "node_id": "model.pulse_transform.stg_weather"} */
alter table "pulse"."public_public"."stg_weather" rename to "stg_weather__dbt_backup"
[0m22:15:06.116649 [debug] [Thread-1 (]: SQL status: ALTER TABLE in 0.000 seconds
[0m22:15:06.118660 [debug] [Thread-1 (]: Using postgres connection "model.pulse_transform.stg_weather"
[0m22:15:06.119158 [debug] [Thread-1 (]: On model.pulse_transform.stg_weather: /* {"app": "dbt", "dbt_version": "1.12.0", "profile_name": "pulse_transform_profile", "target_name": "dev", "node_id": "model.pulse_transform.stg_weather"} */
alter table "pulse"."public_public"."stg_weather__dbt_tmp" rename to "stg_weather"
[0m22:15:06.119659 [debug] [Thread-1 (]: SQL status: ALTER TABLE in 0.000 seconds
[0m22:15:06.121163 [debug] [Thread-1 (]: On model.pulse_transform.stg_weather: COMMIT
[0m22:15:06.121664 [debug] [Thread-1 (]: Using postgres connection "model.pulse_transform.stg_weather"
[0m22:15:06.121664 [debug] [Thread-1 (]: On model.pulse_transform.stg_weather: COMMIT
[0m22:15:06.122664 [debug] [Thread-1 (]: SQL status: COMMIT in 0.001 seconds
[0m22:15:06.123663 [debug] [Thread-1 (]: Applying DROP to: "pulse"."public_public"."stg_weather__dbt_backup"
[0m22:15:06.124164 [debug] [Thread-1 (]: Using postgres connection "model.pulse_transform.stg_weather"
[0m22:15:06.124664 [debug] [Thread-1 (]: On model.pulse_transform.stg_weather: /* {"app": "dbt", "dbt_version": "1.12.0", "profile_name": "pulse_transform_profile", "target_name": "dev", "node_id": "model.pulse_transform.stg_weather"} */
drop table if exists "pulse"."public_public"."stg_weather__dbt_backup" cascade
[0m22:15:06.127164 [debug] [Thread-1 (]: SQL status: DROP TABLE in 0.002 seconds
[0m22:15:06.128671 [debug] [Thread-1 (]: On model.pulse_transform.stg_weather: Close
[0m22:15:06.129173 [debug] [Thread-1 (]: Sending event: {'category': 'dbt', 'action': 'run_model', 'label': 'a730f2d8-8083-4697-b51a-77b87414bdaf', 'context': [<snowplow_tracker.self_describing_json.SelfDescribingJson object at 0x000002A83B70A930>]}
[0m22:15:06.129673 [info ] [Thread-1 (]: 3 of 22 OK created sql table model public_public.stg_weather ................... [[32mSELECT 10[0m in 0.06s]
[0m22:15:06.130172 [debug] [Thread-1 (]: Finished running node model.pulse_transform.stg_weather
[0m22:15:06.130675 [debug] [Thread-1 (]: Began running node test.pulse_transform.not_null_stg_crypto_coin.1a9a7af2fe
[0m22:15:06.131174 [info ] [Thread-1 (]: 4 of 22 START test not_null_stg_crypto_coin .................................... [RUN]
[0m22:15:06.131672 [debug] [Thread-1 (]: Re-using an available connection from the pool (formerly model.pulse_transform.stg_weather, now test.pulse_transform.not_null_stg_crypto_coin.1a9a7af2fe)
[0m22:15:06.132171 [debug] [Thread-1 (]: Began compiling node test.pulse_transform.not_null_stg_crypto_coin.1a9a7af2fe
[0m22:15:06.141187 [debug] [Thread-1 (]: Writing injected SQL for node "test.pulse_transform.not_null_stg_crypto_coin.1a9a7af2fe"
[0m22:15:06.142188 [debug] [Thread-1 (]: Began executing node test.pulse_transform.not_null_stg_crypto_coin.1a9a7af2fe
[0m22:15:06.157208 [debug] [Thread-1 (]: Writing runtime sql for node "test.pulse_transform.not_null_stg_crypto_coin.1a9a7af2fe"
[0m22:15:06.157208 [debug] [Thread-1 (]: Using postgres connection "test.pulse_transform.not_null_stg_crypto_coin.1a9a7af2fe"
[0m22:15:06.158211 [debug] [Thread-1 (]: On test.pulse_transform.not_null_stg_crypto_coin.1a9a7af2fe: /* {"app": "dbt", "dbt_version": "1.12.0", "profile_name": "pulse_transform_profile", "target_name": "dev", "node_id": "test.pulse_transform.not_null_stg_crypto_coin.1a9a7af2fe"} */

    
    select
      count(*) as failures,
      count(*) != 0 as should_warn,
      count(*) != 0 as should_error
    from (
      
    
  
    
    



select coin
from "pulse"."public_public"."stg_crypto"
where coin is null



  
  
      
    ) dbt_internal_test
[0m22:15:06.158211 [debug] [Thread-1 (]: Opening a new connection, currently in state closed
[0m22:15:06.186747 [debug] [Thread-1 (]: SQL status: SELECT 1 in 0.029 seconds
[0m22:15:06.189756 [debug] [Thread-1 (]: On test.pulse_transform.not_null_stg_crypto_coin.1a9a7af2fe: ROLLBACK
[0m22:15:06.190255 [debug] [Thread-1 (]: On test.pulse_transform.not_null_stg_crypto_coin.1a9a7af2fe: Close
[0m22:15:06.190755 [info ] [Thread-1 (]: 4 of 22 PASS not_null_stg_crypto_coin .......................................... [[32mPASS[0m in 0.06s]
[0m22:15:06.191256 [debug] [Thread-1 (]: Finished running node test.pulse_transform.not_null_stg_crypto_coin.1a9a7af2fe
[0m22:15:06.191758 [debug] [Thread-1 (]: Began running node test.pulse_transform.not_null_stg_crypto_id.6ded0cac78
[0m22:15:06.191758 [info ] [Thread-1 (]: 5 of 22 START test not_null_stg_crypto_id ...................................... [RUN]
[0m22:15:06.192257 [debug] [Thread-1 (]: Re-using an available connection from the pool (formerly test.pulse_transform.not_null_stg_crypto_coin.1a9a7af2fe, now test.pulse_transform.not_null_stg_crypto_id.6ded0cac78)
[0m22:15:06.192756 [debug] [Thread-1 (]: Began compiling node test.pulse_transform.not_null_stg_crypto_id.6ded0cac78
[0m22:15:06.198260 [debug] [Thread-1 (]: Writing injected SQL for node "test.pulse_transform.not_null_stg_crypto_id.6ded0cac78"
[0m22:15:06.199268 [debug] [Thread-1 (]: Began executing node test.pulse_transform.not_null_stg_crypto_id.6ded0cac78
[0m22:15:06.200768 [debug] [Thread-1 (]: Writing runtime sql for node "test.pulse_transform.not_null_stg_crypto_id.6ded0cac78"
[0m22:15:06.201765 [debug] [Thread-1 (]: Using postgres connection "test.pulse_transform.not_null_stg_crypto_id.6ded0cac78"
[0m22:15:06.202266 [debug] [Thread-1 (]: On test.pulse_transform.not_null_stg_crypto_id.6ded0cac78: /* {"app": "dbt", "dbt_version": "1.12.0", "profile_name": "pulse_transform_profile", "target_name": "dev", "node_id": "test.pulse_transform.not_null_stg_crypto_id.6ded0cac78"} */

    
    select
      count(*) as failures,
      count(*) != 0 as should_warn,
      count(*) != 0 as should_error
    from (
      
    
  
    
    



select id
from "pulse"."public_public"."stg_crypto"
where id is null



  
  
      
    ) dbt_internal_test
[0m22:15:06.202266 [debug] [Thread-1 (]: Opening a new connection, currently in state closed
[0m22:15:06.344454 [debug] [Thread-1 (]: SQL status: SELECT 1 in 0.142 seconds
[0m22:15:06.345953 [debug] [Thread-1 (]: On test.pulse_transform.not_null_stg_crypto_id.6ded0cac78: ROLLBACK
[0m22:15:06.346454 [debug] [Thread-1 (]: On test.pulse_transform.not_null_stg_crypto_id.6ded0cac78: Close
[0m22:15:06.347453 [info ] [Thread-1 (]: 5 of 22 PASS not_null_stg_crypto_id ............................................ [[32mPASS[0m in 0.15s]
[0m22:15:06.347453 [debug] [Thread-1 (]: Finished running node test.pulse_transform.not_null_stg_crypto_id.6ded0cac78
[0m22:15:06.348457 [debug] [Thread-1 (]: Began running node test.pulse_transform.unique_stg_crypto_id.a906923065
[0m22:15:06.348962 [info ] [Thread-1 (]: 6 of 22 START test unique_stg_crypto_id ........................................ [RUN]
[0m22:15:06.349463 [debug] [Thread-1 (]: Re-using an available connection from the pool (formerly test.pulse_transform.not_null_stg_crypto_id.6ded0cac78, now test.pulse_transform.unique_stg_crypto_id.a906923065)
[0m22:15:06.349463 [debug] [Thread-1 (]: Began compiling node test.pulse_transform.unique_stg_crypto_id.a906923065
[0m22:15:06.358468 [debug] [Thread-1 (]: Writing injected SQL for node "test.pulse_transform.unique_stg_crypto_id.a906923065"
[0m22:15:06.359475 [debug] [Thread-1 (]: Began executing node test.pulse_transform.unique_stg_crypto_id.a906923065
[0m22:15:06.361980 [debug] [Thread-1 (]: Writing runtime sql for node "test.pulse_transform.unique_stg_crypto_id.a906923065"
[0m22:15:06.362480 [debug] [Thread-1 (]: Using postgres connection "test.pulse_transform.unique_stg_crypto_id.a906923065"
[0m22:15:06.362980 [debug] [Thread-1 (]: On test.pulse_transform.unique_stg_crypto_id.a906923065: /* {"app": "dbt", "dbt_version": "1.12.0", "profile_name": "pulse_transform_profile", "target_name": "dev", "node_id": "test.pulse_transform.unique_stg_crypto_id.a906923065"} */

    
    select
      count(*) as failures,
      count(*) != 0 as should_warn,
      count(*) != 0 as should_error
    from (
      
    
  
    
    

select
    id as unique_field,
    count(*) as n_records

from "pulse"."public_public"."stg_crypto"
where id is not null
group by id
having count(*) > 1



  
  
      
    ) dbt_internal_test
[0m22:15:06.363480 [debug] [Thread-1 (]: Opening a new connection, currently in state closed
[0m22:15:06.400543 [debug] [Thread-1 (]: SQL status: SELECT 1 in 0.037 seconds
[0m22:15:06.402041 [debug] [Thread-1 (]: On test.pulse_transform.unique_stg_crypto_id.a906923065: ROLLBACK
[0m22:15:06.402541 [debug] [Thread-1 (]: On test.pulse_transform.unique_stg_crypto_id.a906923065: Close
[0m22:15:06.403542 [info ] [Thread-1 (]: 6 of 22 PASS unique_stg_crypto_id .............................................. [[32mPASS[0m in 0.05s]
[0m22:15:06.404042 [debug] [Thread-1 (]: Finished running node test.pulse_transform.unique_stg_crypto_id.a906923065
[0m22:15:06.404542 [debug] [Thread-1 (]: Began running node test.pulse_transform.not_null_stg_sports_away_score.8a079e60bc
[0m22:15:06.405046 [info ] [Thread-1 (]: 7 of 22 START test not_null_stg_sports_away_score .............................. [RUN]
[0m22:15:06.405542 [debug] [Thread-1 (]: Re-using an available connection from the pool (formerly test.pulse_transform.unique_stg_crypto_id.a906923065, now test.pulse_transform.not_null_stg_sports_away_score.8a079e60bc)
[0m22:15:06.406042 [debug] [Thread-1 (]: Began compiling node test.pulse_transform.not_null_stg_sports_away_score.8a079e60bc
[0m22:15:06.413055 [debug] [Thread-1 (]: Writing injected SQL for node "test.pulse_transform.not_null_stg_sports_away_score.8a079e60bc"
[0m22:15:06.414055 [debug] [Thread-1 (]: Began executing node test.pulse_transform.not_null_stg_sports_away_score.8a079e60bc
[0m22:15:06.415554 [debug] [Thread-1 (]: Writing runtime sql for node "test.pulse_transform.not_null_stg_sports_away_score.8a079e60bc"
[0m22:15:06.416554 [debug] [Thread-1 (]: Using postgres connection "test.pulse_transform.not_null_stg_sports_away_score.8a079e60bc"
[0m22:15:06.417055 [debug] [Thread-1 (]: On test.pulse_transform.not_null_stg_sports_away_score.8a079e60bc: /* {"app": "dbt", "dbt_version": "1.12.0", "profile_name": "pulse_transform_profile", "target_name": "dev", "node_id": "test.pulse_transform.not_null_stg_sports_away_score.8a079e60bc"} */

    
    select
      count(*) as failures,
      count(*) != 0 as should_warn,
      count(*) != 0 as should_error
    from (
      
    
  
    
    



select away_score
from "pulse"."public_public"."stg_sports"
where away_score is null



  
  
      
    ) dbt_internal_test
[0m22:15:06.417055 [debug] [Thread-1 (]: Opening a new connection, currently in state closed
[0m22:15:06.452615 [debug] [Thread-1 (]: SQL status: SELECT 1 in 0.035 seconds
[0m22:15:06.454115 [debug] [Thread-1 (]: On test.pulse_transform.not_null_stg_sports_away_score.8a079e60bc: ROLLBACK
[0m22:15:06.454615 [debug] [Thread-1 (]: On test.pulse_transform.not_null_stg_sports_away_score.8a079e60bc: Close
[0m22:15:06.455115 [info ] [Thread-1 (]: 7 of 22 PASS not_null_stg_sports_away_score .................................... [[32mPASS[0m in 0.05s]
[0m22:15:06.456118 [debug] [Thread-1 (]: Finished running node test.pulse_transform.not_null_stg_sports_away_score.8a079e60bc
[0m22:15:06.456624 [debug] [Thread-1 (]: Began running node test.pulse_transform.not_null_stg_sports_away_team.cfb7ffdcd4
[0m22:15:06.457123 [info ] [Thread-1 (]: 8 of 22 START test not_null_stg_sports_away_team ............................... [RUN]
[0m22:15:06.457123 [debug] [Thread-1 (]: Re-using an available connection from the pool (formerly test.pulse_transform.not_null_stg_sports_away_score.8a079e60bc, now test.pulse_transform.not_null_stg_sports_away_team.cfb7ffdcd4)
[0m22:15:06.458127 [debug] [Thread-1 (]: Began compiling node test.pulse_transform.not_null_stg_sports_away_team.cfb7ffdcd4
[0m22:15:06.464634 [debug] [Thread-1 (]: Writing injected SQL for node "test.pulse_transform.not_null_stg_sports_away_team.cfb7ffdcd4"
[0m22:15:06.465632 [debug] [Thread-1 (]: Began executing node test.pulse_transform.not_null_stg_sports_away_team.cfb7ffdcd4
[0m22:15:06.467131 [debug] [Thread-1 (]: Writing runtime sql for node "test.pulse_transform.not_null_stg_sports_away_team.cfb7ffdcd4"
[0m22:15:06.468135 [debug] [Thread-1 (]: Using postgres connection "test.pulse_transform.not_null_stg_sports_away_team.cfb7ffdcd4"
[0m22:15:06.468640 [debug] [Thread-1 (]: On test.pulse_transform.not_null_stg_sports_away_team.cfb7ffdcd4: /* {"app": "dbt", "dbt_version": "1.12.0", "profile_name": "pulse_transform_profile", "target_name": "dev", "node_id": "test.pulse_transform.not_null_stg_sports_away_team.cfb7ffdcd4"} */

    
    select
      count(*) as failures,
      count(*) != 0 as should_warn,
      count(*) != 0 as should_error
    from (
      
    
  
    
    



select away_team
from "pulse"."public_public"."stg_sports"
where away_team is null



  
  
      
    ) dbt_internal_test
[0m22:15:06.469139 [debug] [Thread-1 (]: Opening a new connection, currently in state closed
[0m22:15:06.498190 [debug] [Thread-1 (]: SQL status: SELECT 1 in 0.029 seconds
[0m22:15:06.500199 [debug] [Thread-1 (]: On test.pulse_transform.not_null_stg_sports_away_team.cfb7ffdcd4: ROLLBACK
[0m22:15:06.500701 [debug] [Thread-1 (]: On test.pulse_transform.not_null_stg_sports_away_team.cfb7ffdcd4: Close
[0m22:15:06.501699 [info ] [Thread-1 (]: 8 of 22 PASS not_null_stg_sports_away_team ..................................... [[32mPASS[0m in 0.04s]
[0m22:15:06.502700 [debug] [Thread-1 (]: Finished running node test.pulse_transform.not_null_stg_sports_away_team.cfb7ffdcd4
[0m22:15:06.503199 [debug] [Thread-1 (]: Began running node test.pulse_transform.not_null_stg_sports_game_date.7a0e7af6c4
[0m22:15:06.503699 [info ] [Thread-1 (]: 9 of 22 START test not_null_stg_sports_game_date ............................... [RUN]
[0m22:15:06.504200 [debug] [Thread-1 (]: Re-using an available connection from the pool (formerly test.pulse_transform.not_null_stg_sports_away_team.cfb7ffdcd4, now test.pulse_transform.not_null_stg_sports_game_date.7a0e7af6c4)
[0m22:15:06.504200 [debug] [Thread-1 (]: Began compiling node test.pulse_transform.not_null_stg_sports_game_date.7a0e7af6c4
[0m22:15:06.511208 [debug] [Thread-1 (]: Writing injected SQL for node "test.pulse_transform.not_null_stg_sports_game_date.7a0e7af6c4"
[0m22:15:06.511707 [debug] [Thread-1 (]: Began executing node test.pulse_transform.not_null_stg_sports_game_date.7a0e7af6c4
[0m22:15:06.513208 [debug] [Thread-1 (]: Writing runtime sql for node "test.pulse_transform.not_null_stg_sports_game_date.7a0e7af6c4"
[0m22:15:06.514208 [debug] [Thread-1 (]: Using postgres connection "test.pulse_transform.not_null_stg_sports_game_date.7a0e7af6c4"
[0m22:15:06.514711 [debug] [Thread-1 (]: On test.pulse_transform.not_null_stg_sports_game_date.7a0e7af6c4: /* {"app": "dbt", "dbt_version": "1.12.0", "profile_name": "pulse_transform_profile", "target_name": "dev", "node_id": "test.pulse_transform.not_null_stg_sports_game_date.7a0e7af6c4"} */

    
    select
      count(*) as failures,
      count(*) != 0 as should_warn,
      count(*) != 0 as should_error
    from (
      
    
  
    
    



select game_date
from "pulse"."public_public"."stg_sports"
where game_date is null



  
  
      
    ) dbt_internal_test
[0m22:15:06.514711 [debug] [Thread-1 (]: Opening a new connection, currently in state closed
[0m22:15:06.544243 [debug] [Thread-1 (]: SQL status: SELECT 1 in 0.029 seconds
[0m22:15:06.545742 [debug] [Thread-1 (]: On test.pulse_transform.not_null_stg_sports_game_date.7a0e7af6c4: ROLLBACK
[0m22:15:06.546242 [debug] [Thread-1 (]: On test.pulse_transform.not_null_stg_sports_game_date.7a0e7af6c4: Close
[0m22:15:06.546743 [info ] [Thread-1 (]: 9 of 22 PASS not_null_stg_sports_game_date ..................................... [[32mPASS[0m in 0.04s]
[0m22:15:06.547243 [debug] [Thread-1 (]: Finished running node test.pulse_transform.not_null_stg_sports_game_date.7a0e7af6c4
[0m22:15:06.547243 [debug] [Thread-1 (]: Began running node test.pulse_transform.not_null_stg_sports_home_score.e8726cdba9
[0m22:15:06.547243 [info ] [Thread-1 (]: 10 of 22 START test not_null_stg_sports_home_score ............................. [RUN]
[0m22:15:06.548247 [debug] [Thread-1 (]: Re-using an available connection from the pool (formerly test.pulse_transform.not_null_stg_sports_game_date.7a0e7af6c4, now test.pulse_transform.not_null_stg_sports_home_score.e8726cdba9)
[0m22:15:06.548752 [debug] [Thread-1 (]: Began compiling node test.pulse_transform.not_null_stg_sports_home_score.e8726cdba9
[0m22:15:06.555256 [debug] [Thread-1 (]: Writing injected SQL for node "test.pulse_transform.not_null_stg_sports_home_score.e8726cdba9"
[0m22:15:06.555755 [debug] [Thread-1 (]: Began executing node test.pulse_transform.not_null_stg_sports_home_score.e8726cdba9
[0m22:15:06.557255 [debug] [Thread-1 (]: Writing runtime sql for node "test.pulse_transform.not_null_stg_sports_home_score.e8726cdba9"
[0m22:15:06.558259 [debug] [Thread-1 (]: Using postgres connection "test.pulse_transform.not_null_stg_sports_home_score.e8726cdba9"
[0m22:15:06.558763 [debug] [Thread-1 (]: On test.pulse_transform.not_null_stg_sports_home_score.e8726cdba9: /* {"app": "dbt", "dbt_version": "1.12.0", "profile_name": "pulse_transform_profile", "target_name": "dev", "node_id": "test.pulse_transform.not_null_stg_sports_home_score.e8726cdba9"} */

    
    select
      count(*) as failures,
      count(*) != 0 as should_warn,
      count(*) != 0 as should_error
    from (
      
    
  
    
    



select home_score
from "pulse"."public_public"."stg_sports"
where home_score is null



  
  
      
    ) dbt_internal_test
[0m22:15:06.559263 [debug] [Thread-1 (]: Opening a new connection, currently in state closed
[0m22:15:06.591321 [debug] [Thread-1 (]: SQL status: SELECT 1 in 0.032 seconds
[0m22:15:06.592819 [debug] [Thread-1 (]: On test.pulse_transform.not_null_stg_sports_home_score.e8726cdba9: ROLLBACK
[0m22:15:06.593320 [debug] [Thread-1 (]: On test.pulse_transform.not_null_stg_sports_home_score.e8726cdba9: Close
[0m22:15:06.593820 [info ] [Thread-1 (]: 10 of 22 PASS not_null_stg_sports_home_score ................................... [[32mPASS[0m in 0.05s]
[0m22:15:06.594319 [debug] [Thread-1 (]: Finished running node test.pulse_transform.not_null_stg_sports_home_score.e8726cdba9
[0m22:15:06.594821 [debug] [Thread-1 (]: Began running node test.pulse_transform.not_null_stg_sports_home_team.9d8def7714
[0m22:15:06.594821 [info ] [Thread-1 (]: 11 of 22 START test not_null_stg_sports_home_team .............................. [RUN]
[0m22:15:06.595320 [debug] [Thread-1 (]: Re-using an available connection from the pool (formerly test.pulse_transform.not_null_stg_sports_home_score.e8726cdba9, now test.pulse_transform.not_null_stg_sports_home_team.9d8def7714)
[0m22:15:06.595820 [debug] [Thread-1 (]: Began compiling node test.pulse_transform.not_null_stg_sports_home_team.9d8def7714
[0m22:15:06.601828 [debug] [Thread-1 (]: Writing injected SQL for node "test.pulse_transform.not_null_stg_sports_home_team.9d8def7714"
[0m22:15:06.602830 [debug] [Thread-1 (]: Began executing node test.pulse_transform.not_null_stg_sports_home_team.9d8def7714
[0m22:15:06.604328 [debug] [Thread-1 (]: Writing runtime sql for node "test.pulse_transform.not_null_stg_sports_home_team.9d8def7714"
[0m22:15:06.605328 [debug] [Thread-1 (]: Using postgres connection "test.pulse_transform.not_null_stg_sports_home_team.9d8def7714"
[0m22:15:06.605828 [debug] [Thread-1 (]: On test.pulse_transform.not_null_stg_sports_home_team.9d8def7714: /* {"app": "dbt", "dbt_version": "1.12.0", "profile_name": "pulse_transform_profile", "target_name": "dev", "node_id": "test.pulse_transform.not_null_stg_sports_home_team.9d8def7714"} */

    
    select
      count(*) as failures,
      count(*) != 0 as should_warn,
      count(*) != 0 as should_error
    from (
      
    
  
    
    



select home_team
from "pulse"."public_public"."stg_sports"
where home_team is null



  
  
      
    ) dbt_internal_test
[0m22:15:06.605828 [debug] [Thread-1 (]: Opening a new connection, currently in state closed
[0m22:15:06.633858 [debug] [Thread-1 (]: SQL status: SELECT 1 in 0.028 seconds
[0m22:15:06.635360 [debug] [Thread-1 (]: On test.pulse_transform.not_null_stg_sports_home_team.9d8def7714: ROLLBACK
[0m22:15:06.635860 [debug] [Thread-1 (]: On test.pulse_transform.not_null_stg_sports_home_team.9d8def7714: Close
[0m22:15:06.636858 [info ] [Thread-1 (]: 11 of 22 PASS not_null_stg_sports_home_team .................................... [[32mPASS[0m in 0.04s]
[0m22:15:06.637358 [debug] [Thread-1 (]: Finished running node test.pulse_transform.not_null_stg_sports_home_team.9d8def7714
[0m22:15:06.637358 [debug] [Thread-1 (]: Began running node test.pulse_transform.not_null_stg_sports_id.a70dda288b
[0m22:15:06.637358 [info ] [Thread-1 (]: 12 of 22 START test not_null_stg_sports_id ..................................... [RUN]
[0m22:15:06.638362 [debug] [Thread-1 (]: Re-using an available connection from the pool (formerly test.pulse_transform.not_null_stg_sports_home_team.9d8def7714, now test.pulse_transform.not_null_stg_sports_id.a70dda288b)
[0m22:15:06.638868 [debug] [Thread-1 (]: Began compiling node test.pulse_transform.not_null_stg_sports_id.a70dda288b
[0m22:15:06.644867 [debug] [Thread-1 (]: Writing injected SQL for node "test.pulse_transform.not_null_stg_sports_id.a70dda288b"
[0m22:15:06.645866 [debug] [Thread-1 (]: Began executing node test.pulse_transform.not_null_stg_sports_id.a70dda288b
[0m22:15:06.647366 [debug] [Thread-1 (]: Writing runtime sql for node "test.pulse_transform.not_null_stg_sports_id.a70dda288b"
[0m22:15:06.648371 [debug] [Thread-1 (]: Using postgres connection "test.pulse_transform.not_null_stg_sports_id.a70dda288b"
[0m22:15:06.648371 [debug] [Thread-1 (]: On test.pulse_transform.not_null_stg_sports_id.a70dda288b: /* {"app": "dbt", "dbt_version": "1.12.0", "profile_name": "pulse_transform_profile", "target_name": "dev", "node_id": "test.pulse_transform.not_null_stg_sports_id.a70dda288b"} */

    
    select
      count(*) as failures,
      count(*) != 0 as should_warn,
      count(*) != 0 as should_error
    from (
      
    
  
    
    



select id
from "pulse"."public_public"."stg_sports"
where id is null



  
  
      
    ) dbt_internal_test
[0m22:15:06.648875 [debug] [Thread-1 (]: Opening a new connection, currently in state closed
[0m22:15:06.677392 [debug] [Thread-1 (]: SQL status: SELECT 1 in 0.028 seconds
[0m22:15:06.678900 [debug] [Thread-1 (]: On test.pulse_transform.not_null_stg_sports_id.a70dda288b: ROLLBACK
[0m22:15:06.679400 [debug] [Thread-1 (]: On test.pulse_transform.not_null_stg_sports_id.a70dda288b: Close
[0m22:15:06.679900 [info ] [Thread-1 (]: 12 of 22 PASS not_null_stg_sports_id ........................................... [[32mPASS[0m in 0.04s]
[0m22:15:06.680901 [debug] [Thread-1 (]: Finished running node test.pulse_transform.not_null_stg_sports_id.a70dda288b
[0m22:15:06.681400 [debug] [Thread-1 (]: Began running node test.pulse_transform.accepted_values_stg_weather_condition__clear__mainly_clear__partly_cloudy__overcast__fog__depositing_rime_fog__drizzle_light__drizzle_moderate__drizzle_dense__freezing_drizzle_light__freezing_drizzle_dense__rain_slight__rain_moderate__rain_heavy__freezing_rain_light__freezing_rain_heavy__snow_fall_slight__snow_fall_moderate__snow_fall_heavy__snow_grains__rain_showers_slight__rain_showers_moderate__rain_showers_violent__snow_showers_slight__snow_showers_heavy__thunderstorm_slight_or_moderate__thunderstorm_hail_slight__thunderstorm_hail_heavy__unknown.49df99636f
[0m22:15:06.681901 [info ] [Thread-1 (]: 13 of 22 START test accepted_values_stg_weather_condition__clear__mainly_clear__partly_cloudy__overcast__fog__depositing_rime_fog__drizzle_light__drizzle_moderate__drizzle_dense__freezing_drizzle_light__freezing_drizzle_dense__rain_slight__rain_moderate__rain_heavy__freezing_rain_light__freezing_rain_heavy__snow_fall_slight__snow_fall_moderate__snow_fall_heavy__snow_grains__rain_showers_slight__rain_showers_moderate__rain_showers_violent__snow_showers_slight__snow_showers_heavy__thunderstorm_slight_or_moderate__thunderstorm_hail_slight__thunderstorm_hail_heavy__unknown  [RUN]
[0m22:15:06.682402 [debug] [Thread-1 (]: Re-using an available connection from the pool (formerly test.pulse_transform.not_null_stg_sports_id.a70dda288b, now test.pulse_transform.accepted_values_stg_weather_condition__clear__mainly_clear__partly_cloudy__overcast__fog__depositing_rime_fog__drizzle_light__drizzle_moderate__drizzle_dense__freezing_drizzle_light__freezing_drizzle_dense__rain_slight__rain_moderate__rain_heavy__freezing_rain_light__freezing_rain_heavy__snow_fall_slight__snow_fall_moderate__snow_fall_heavy__snow_grains__rain_showers_slight__rain_showers_moderate__rain_showers_violent__snow_showers_slight__snow_showers_heavy__thunderstorm_slight_or_moderate__thunderstorm_hail_slight__thunderstorm_hail_heavy__unknown.49df99636f)
[0m22:15:06.682402 [debug] [Thread-1 (]: Began compiling node test.pulse_transform.accepted_values_stg_weather_condition__clear__mainly_clear__partly_cloudy__overcast__fog__depositing_rime_fog__drizzle_light__drizzle_moderate__drizzle_dense__freezing_drizzle_light__freezing_drizzle_dense__rain_slight__rain_moderate__rain_heavy__freezing_rain_light__freezing_rain_heavy__snow_fall_slight__snow_fall_moderate__snow_fall_heavy__snow_grains__rain_showers_slight__rain_showers_moderate__rain_showers_violent__snow_showers_slight__snow_showers_heavy__thunderstorm_slight_or_moderate__thunderstorm_hail_slight__thunderstorm_hail_heavy__unknown.49df99636f
[0m22:15:06.688419 [debug] [Thread-1 (]: Writing injected SQL for node "test.pulse_transform.accepted_values_stg_weather_condition__clear__mainly_clear__partly_cloudy__overcast__fog__depositing_rime_fog__drizzle_light__drizzle_moderate__drizzle_dense__freezing_drizzle_light__freezing_drizzle_dense__rain_slight__rain_moderate__rain_heavy__freezing_rain_light__freezing_rain_heavy__snow_fall_slight__snow_fall_moderate__snow_fall_heavy__snow_grains__rain_showers_slight__rain_showers_moderate__rain_showers_violent__snow_showers_slight__snow_showers_heavy__thunderstorm_slight_or_moderate__thunderstorm_hail_slight__thunderstorm_hail_heavy__unknown.49df99636f"
[0m22:15:06.689923 [debug] [Thread-1 (]: Began executing node test.pulse_transform.accepted_values_stg_weather_condition__clear__mainly_clear__partly_cloudy__overcast__fog__depositing_rime_fog__drizzle_light__drizzle_moderate__drizzle_dense__freezing_drizzle_light__freezing_drizzle_dense__rain_slight__rain_moderate__rain_heavy__freezing_rain_light__freezing_rain_heavy__snow_fall_slight__snow_fall_moderate__snow_fall_heavy__snow_grains__rain_showers_slight__rain_showers_moderate__rain_showers_violent__snow_showers_slight__snow_showers_heavy__thunderstorm_slight_or_moderate__thunderstorm_hail_slight__thunderstorm_hail_heavy__unknown.49df99636f
[0m22:15:06.691422 [debug] [Thread-1 (]: Writing runtime sql for node "test.pulse_transform.accepted_values_stg_weather_condition__clear__mainly_clear__partly_cloudy__overcast__fog__depositing_rime_fog__drizzle_light__drizzle_moderate__drizzle_dense__freezing_drizzle_light__freezing_drizzle_dense__rain_slight__rain_moderate__rain_heavy__freezing_rain_light__freezing_rain_heavy__snow_fall_slight__snow_fall_moderate__snow_fall_heavy__snow_grains__rain_showers_slight__rain_showers_moderate__rain_showers_violent__snow_showers_slight__snow_showers_heavy__thunderstorm_slight_or_moderate__thunderstorm_hail_slight__thunderstorm_hail_heavy__unknown.49df99636f"
[0m22:15:06.691923 [debug] [Thread-1 (]: Using postgres connection "test.pulse_transform.accepted_values_stg_weather_condition__clear__mainly_clear__partly_cloudy__overcast__fog__depositing_rime_fog__drizzle_light__drizzle_moderate__drizzle_dense__freezing_drizzle_light__freezing_drizzle_dense__rain_slight__rain_moderate__rain_heavy__freezing_rain_light__freezing_rain_heavy__snow_fall_slight__snow_fall_moderate__snow_fall_heavy__snow_grains__rain_showers_slight__rain_showers_moderate__rain_showers_violent__snow_showers_slight__snow_showers_heavy__thunderstorm_slight_or_moderate__thunderstorm_hail_slight__thunderstorm_hail_heavy__unknown.49df99636f"
[0m22:15:06.692423 [debug] [Thread-1 (]: On test.pulse_transform.accepted_values_stg_weather_condition__clear__mainly_clear__partly_cloudy__overcast__fog__depositing_rime_fog__drizzle_light__drizzle_moderate__drizzle_dense__freezing_drizzle_light__freezing_drizzle_dense__rain_slight__rain_moderate__rain_heavy__freezing_rain_light__freezing_rain_heavy__snow_fall_slight__snow_fall_moderate__snow_fall_heavy__snow_grains__rain_showers_slight__rain_showers_moderate__rain_showers_violent__snow_showers_slight__snow_showers_heavy__thunderstorm_slight_or_moderate__thunderstorm_hail_slight__thunderstorm_hail_heavy__unknown.49df99636f: /* {"app": "dbt", "dbt_version": "1.12.0", "profile_name": "pulse_transform_profile", "target_name": "dev", "node_id": "test.pulse_transform.accepted_values_stg_weather_condition__clear__mainly_clear__partly_cloudy__overcast__fog__depositing_rime_fog__drizzle_light__drizzle_moderate__drizzle_dense__freezing_drizzle_light__freezing_drizzle_dense__rain_slight__rain_moderate__rain_heavy__freezing_rain_light__freezing_rain_heavy__snow_fall_slight__snow_fall_moderate__snow_fall_heavy__snow_grains__rain_showers_slight__rain_showers_moderate__rain_showers_violent__snow_showers_slight__snow_showers_heavy__thunderstorm_slight_or_moderate__thunderstorm_hail_slight__thunderstorm_hail_heavy__unknown.49df99636f"} */

    
    select
      count(*) as failures,
      count(*) != 0 as should_warn,
      count(*) != 0 as should_error
    from (
      
    
  
    
    

with all_values as (

    select
        condition as value_field,
        count(*) as n_records

    from "pulse"."public_public"."stg_weather"
    group by condition

)

select *
from all_values
where value_field not in (
    'clear','mainly_clear','partly_cloudy','overcast','fog','depositing_rime_fog','drizzle_light','drizzle_moderate','drizzle_dense','freezing_drizzle_light','freezing_drizzle_dense','rain_slight','rain_moderate','rain_heavy','freezing_rain_light','freezing_rain_heavy','snow_fall_slight','snow_fall_moderate','snow_fall_heavy','snow_grains','rain_showers_slight','rain_showers_moderate','rain_showers_violent','snow_showers_slight','snow_showers_heavy','thunderstorm_slight_or_moderate','thunderstorm_hail_slight','thunderstorm_hail_heavy','unknown'
)



  
  
      
    ) dbt_internal_test
[0m22:15:06.692923 [debug] [Thread-1 (]: Opening a new connection, currently in state closed
[0m22:15:06.720956 [debug] [Thread-1 (]: SQL status: SELECT 1 in 0.028 seconds
[0m22:15:06.723456 [debug] [Thread-1 (]: On test.pulse_transform.accepted_values_stg_weather_condition__clear__mainly_clear__partly_cloudy__overcast__fog__depositing_rime_fog__drizzle_light__drizzle_moderate__drizzle_dense__freezing_drizzle_light__freezing_drizzle_dense__rain_slight__rain_moderate__rain_heavy__freezing_rain_light__freezing_rain_heavy__snow_fall_slight__snow_fall_moderate__snow_fall_heavy__snow_grains__rain_showers_slight__rain_showers_moderate__rain_showers_violent__snow_showers_slight__snow_showers_heavy__thunderstorm_slight_or_moderate__thunderstorm_hail_slight__thunderstorm_hail_heavy__unknown.49df99636f: ROLLBACK
[0m22:15:06.723956 [debug] [Thread-1 (]: On test.pulse_transform.accepted_values_stg_weather_condition__clear__mainly_clear__partly_cloudy__overcast__fog__depositing_rime_fog__drizzle_light__drizzle_moderate__drizzle_dense__freezing_drizzle_light__freezing_drizzle_dense__rain_slight__rain_moderate__rain_heavy__freezing_rain_light__freezing_rain_heavy__snow_fall_slight__snow_fall_moderate__snow_fall_heavy__snow_grains__rain_showers_slight__rain_showers_moderate__rain_showers_violent__snow_showers_slight__snow_showers_heavy__thunderstorm_slight_or_moderate__thunderstorm_hail_slight__thunderstorm_hail_heavy__unknown.49df99636f: Close
[0m22:15:06.724956 [info ] [Thread-1 (]: 13 of 22 PASS accepted_values_stg_weather_condition__clear__mainly_clear__partly_cloudy__overcast__fog__depositing_rime_fog__drizzle_light__drizzle_moderate__drizzle_dense__freezing_drizzle_light__freezing_drizzle_dense__rain_slight__rain_moderate__rain_heavy__freezing_rain_light__freezing_rain_heavy__snow_fall_slight__snow_fall_moderate__snow_fall_heavy__snow_grains__rain_showers_slight__rain_showers_moderate__rain_showers_violent__snow_showers_slight__snow_showers_heavy__thunderstorm_slight_or_moderate__thunderstorm_hail_slight__thunderstorm_hail_heavy__unknown  [[32mPASS[0m in 0.04s]
[0m22:15:06.725458 [debug] [Thread-1 (]: Finished running node test.pulse_transform.accepted_values_stg_weather_condition__clear__mainly_clear__partly_cloudy__overcast__fog__depositing_rime_fog__drizzle_light__drizzle_moderate__drizzle_dense__freezing_drizzle_light__freezing_drizzle_dense__rain_slight__rain_moderate__rain_heavy__freezing_rain_light__freezing_rain_heavy__snow_fall_slight__snow_fall_moderate__snow_fall_heavy__snow_grains__rain_showers_slight__rain_showers_moderate__rain_showers_violent__snow_showers_slight__snow_showers_heavy__thunderstorm_slight_or_moderate__thunderstorm_hail_slight__thunderstorm_hail_heavy__unknown.49df99636f
[0m22:15:06.725957 [debug] [Thread-1 (]: Began running node test.pulse_transform.not_null_stg_weather_city.c03e0c0127
[0m22:15:06.725957 [info ] [Thread-1 (]: 14 of 22 START test not_null_stg_weather_city .................................. [RUN]
[0m22:15:06.726962 [debug] [Thread-1 (]: Re-using an available connection from the pool (formerly test.pulse_transform.accepted_values_stg_weather_condition__clear__mainly_clear__partly_cloudy__overcast__fog__depositing_rime_fog__drizzle_light__drizzle_moderate__drizzle_dense__freezing_drizzle_light__freezing_drizzle_dense__rain_slight__rain_moderate__rain_heavy__freezing_rain_light__freezing_rain_heavy__snow_fall_slight__snow_fall_moderate__snow_fall_heavy__snow_grains__rain_showers_slight__rain_showers_moderate__rain_showers_violent__snow_showers_slight__snow_showers_heavy__thunderstorm_slight_or_moderate__thunderstorm_hail_slight__thunderstorm_hail_heavy__unknown.49df99636f, now test.pulse_transform.not_null_stg_weather_city.c03e0c0127)
[0m22:15:06.727470 [debug] [Thread-1 (]: Began compiling node test.pulse_transform.not_null_stg_weather_city.c03e0c0127
[0m22:15:06.733978 [debug] [Thread-1 (]: Writing injected SQL for node "test.pulse_transform.not_null_stg_weather_city.c03e0c0127"
[0m22:15:06.734977 [debug] [Thread-1 (]: Began executing node test.pulse_transform.not_null_stg_weather_city.c03e0c0127
[0m22:15:06.736478 [debug] [Thread-1 (]: Writing runtime sql for node "test.pulse_transform.not_null_stg_weather_city.c03e0c0127"
[0m22:15:06.736978 [debug] [Thread-1 (]: Using postgres connection "test.pulse_transform.not_null_stg_weather_city.c03e0c0127"
[0m22:15:06.737478 [debug] [Thread-1 (]: On test.pulse_transform.not_null_stg_weather_city.c03e0c0127: /* {"app": "dbt", "dbt_version": "1.12.0", "profile_name": "pulse_transform_profile", "target_name": "dev", "node_id": "test.pulse_transform.not_null_stg_weather_city.c03e0c0127"} */

    
    select
      count(*) as failures,
      count(*) != 0 as should_warn,
      count(*) != 0 as should_error
    from (
      
    
  
    
    



select city
from "pulse"."public_public"."stg_weather"
where city is null



  
  
      
    ) dbt_internal_test
[0m22:15:06.737478 [debug] [Thread-1 (]: Opening a new connection, currently in state closed
[0m22:15:06.868654 [debug] [Thread-1 (]: SQL status: SELECT 1 in 0.131 seconds
[0m22:15:06.870153 [debug] [Thread-1 (]: On test.pulse_transform.not_null_stg_weather_city.c03e0c0127: ROLLBACK
[0m22:15:06.870653 [debug] [Thread-1 (]: On test.pulse_transform.not_null_stg_weather_city.c03e0c0127: Close
[0m22:15:06.871152 [info ] [Thread-1 (]: 14 of 22 PASS not_null_stg_weather_city ........................................ [[32mPASS[0m in 0.14s]
[0m22:15:06.871653 [debug] [Thread-1 (]: Finished running node test.pulse_transform.not_null_stg_weather_city.c03e0c0127
[0m22:15:06.872155 [debug] [Thread-1 (]: Began running node test.pulse_transform.not_null_stg_weather_condition.0c9e947318
[0m22:15:06.872654 [info ] [Thread-1 (]: 15 of 22 START test not_null_stg_weather_condition ............................. [RUN]
[0m22:15:06.873153 [debug] [Thread-1 (]: Re-using an available connection from the pool (formerly test.pulse_transform.not_null_stg_weather_city.c03e0c0127, now test.pulse_transform.not_null_stg_weather_condition.0c9e947318)
[0m22:15:06.873654 [debug] [Thread-1 (]: Began compiling node test.pulse_transform.not_null_stg_weather_condition.0c9e947318
[0m22:15:06.879161 [debug] [Thread-1 (]: Writing injected SQL for node "test.pulse_transform.not_null_stg_weather_condition.0c9e947318"
[0m22:15:06.879662 [debug] [Thread-1 (]: Began executing node test.pulse_transform.not_null_stg_weather_condition.0c9e947318
[0m22:15:06.880662 [debug] [Thread-1 (]: Writing runtime sql for node "test.pulse_transform.not_null_stg_weather_condition.0c9e947318"
[0m22:15:06.882171 [debug] [Thread-1 (]: Using postgres connection "test.pulse_transform.not_null_stg_weather_condition.0c9e947318"
[0m22:15:06.882670 [debug] [Thread-1 (]: On test.pulse_transform.not_null_stg_weather_condition.0c9e947318: /* {"app": "dbt", "dbt_version": "1.12.0", "profile_name": "pulse_transform_profile", "target_name": "dev", "node_id": "test.pulse_transform.not_null_stg_weather_condition.0c9e947318"} */

    
    select
      count(*) as failures,
      count(*) != 0 as should_warn,
      count(*) != 0 as should_error
    from (
      
    
  
    
    



select condition
from "pulse"."public_public"."stg_weather"
where condition is null



  
  
      
    ) dbt_internal_test
[0m22:15:06.882670 [debug] [Thread-1 (]: Opening a new connection, currently in state closed
[0m22:15:06.911209 [debug] [Thread-1 (]: SQL status: SELECT 1 in 0.028 seconds
[0m22:15:06.912208 [debug] [Thread-1 (]: On test.pulse_transform.not_null_stg_weather_condition.0c9e947318: ROLLBACK
[0m22:15:06.912707 [debug] [Thread-1 (]: On test.pulse_transform.not_null_stg_weather_condition.0c9e947318: Close
[0m22:15:06.913208 [info ] [Thread-1 (]: 15 of 22 PASS not_null_stg_weather_condition ................................... [[32mPASS[0m in 0.04s]
[0m22:15:06.913711 [debug] [Thread-1 (]: Finished running node test.pulse_transform.not_null_stg_weather_condition.0c9e947318
[0m22:15:06.914208 [debug] [Thread-1 (]: Began running node test.pulse_transform.not_null_stg_weather_id.0e1828fa23
[0m22:15:06.914707 [info ] [Thread-1 (]: 16 of 22 START test not_null_stg_weather_id .................................... [RUN]
[0m22:15:06.915207 [debug] [Thread-1 (]: Re-using an available connection from the pool (formerly test.pulse_transform.not_null_stg_weather_condition.0c9e947318, now test.pulse_transform.not_null_stg_weather_id.0e1828fa23)
[0m22:15:06.915708 [debug] [Thread-1 (]: Began compiling node test.pulse_transform.not_null_stg_weather_id.0e1828fa23
[0m22:15:06.922217 [debug] [Thread-1 (]: Writing injected SQL for node "test.pulse_transform.not_null_stg_weather_id.0e1828fa23"
[0m22:15:06.923217 [debug] [Thread-1 (]: Began executing node test.pulse_transform.not_null_stg_weather_id.0e1828fa23
[0m22:15:06.924715 [debug] [Thread-1 (]: Writing runtime sql for node "test.pulse_transform.not_null_stg_weather_id.0e1828fa23"
[0m22:15:06.925717 [debug] [Thread-1 (]: Using postgres connection "test.pulse_transform.not_null_stg_weather_id.0e1828fa23"
[0m22:15:06.926216 [debug] [Thread-1 (]: On test.pulse_transform.not_null_stg_weather_id.0e1828fa23: /* {"app": "dbt", "dbt_version": "1.12.0", "profile_name": "pulse_transform_profile", "target_name": "dev", "node_id": "test.pulse_transform.not_null_stg_weather_id.0e1828fa23"} */

    
    select
      count(*) as failures,
      count(*) != 0 as should_warn,
      count(*) != 0 as should_error
    from (
      
    
  
    
    



select id
from "pulse"."public_public"."stg_weather"
where id is null



  
  
      
    ) dbt_internal_test
[0m22:15:06.926216 [debug] [Thread-1 (]: Opening a new connection, currently in state closed
[0m22:15:06.954247 [debug] [Thread-1 (]: SQL status: SELECT 1 in 0.028 seconds
[0m22:15:06.955754 [debug] [Thread-1 (]: On test.pulse_transform.not_null_stg_weather_id.0e1828fa23: ROLLBACK
[0m22:15:06.956754 [debug] [Thread-1 (]: On test.pulse_transform.not_null_stg_weather_id.0e1828fa23: Close
[0m22:15:06.957256 [info ] [Thread-1 (]: 16 of 22 PASS not_null_stg_weather_id .......................................... [[32mPASS[0m in 0.04s]
[0m22:15:06.957256 [debug] [Thread-1 (]: Finished running node test.pulse_transform.not_null_stg_weather_id.0e1828fa23
[0m22:15:06.958262 [debug] [Thread-1 (]: Began running node test.pulse_transform.not_null_stg_weather_temperature.fe647a6746
[0m22:15:06.958768 [info ] [Thread-1 (]: 17 of 22 START test not_null_stg_weather_temperature ........................... [RUN]
[0m22:15:06.959267 [debug] [Thread-1 (]: Re-using an available connection from the pool (formerly test.pulse_transform.not_null_stg_weather_id.0e1828fa23, now test.pulse_transform.not_null_stg_weather_temperature.fe647a6746)
[0m22:15:06.959769 [debug] [Thread-1 (]: Began compiling node test.pulse_transform.not_null_stg_weather_temperature.fe647a6746
[0m22:15:06.965767 [debug] [Thread-1 (]: Writing injected SQL for node "test.pulse_transform.not_null_stg_weather_temperature.fe647a6746"
[0m22:15:06.966766 [debug] [Thread-1 (]: Began executing node test.pulse_transform.not_null_stg_weather_temperature.fe647a6746
[0m22:15:06.968268 [debug] [Thread-1 (]: Writing runtime sql for node "test.pulse_transform.not_null_stg_weather_temperature.fe647a6746"
[0m22:15:06.968773 [debug] [Thread-1 (]: Using postgres connection "test.pulse_transform.not_null_stg_weather_temperature.fe647a6746"
[0m22:15:06.969272 [debug] [Thread-1 (]: On test.pulse_transform.not_null_stg_weather_temperature.fe647a6746: /* {"app": "dbt", "dbt_version": "1.12.0", "profile_name": "pulse_transform_profile", "target_name": "dev", "node_id": "test.pulse_transform.not_null_stg_weather_temperature.fe647a6746"} */

    
    select
      count(*) as failures,
      count(*) != 0 as should_warn,
      count(*) != 0 as should_error
    from (
      
    
  
    
    



select temperature
from "pulse"."public_public"."stg_weather"
where temperature is null



  
  
      
    ) dbt_internal_test
[0m22:15:06.969773 [debug] [Thread-1 (]: Opening a new connection, currently in state closed
[0m22:15:06.996813 [debug] [Thread-1 (]: SQL status: SELECT 1 in 0.027 seconds
[0m22:15:06.998820 [debug] [Thread-1 (]: On test.pulse_transform.not_null_stg_weather_temperature.fe647a6746: ROLLBACK
[0m22:15:06.999321 [debug] [Thread-1 (]: On test.pulse_transform.not_null_stg_weather_temperature.fe647a6746: Close
[0m22:15:06.999826 [info ] [Thread-1 (]: 17 of 22 PASS not_null_stg_weather_temperature ................................. [[32mPASS[0m in 0.04s]
[0m22:15:07.000325 [debug] [Thread-1 (]: Finished running node test.pulse_transform.not_null_stg_weather_temperature.fe647a6746
[0m22:15:07.000826 [debug] [Thread-1 (]: Began running node test.pulse_transform.unique_stg_weather_id.c42c665fbe
[0m22:15:07.001324 [info ] [Thread-1 (]: 18 of 22 START test unique_stg_weather_id ...................................... [RUN]
[0m22:15:07.001825 [debug] [Thread-1 (]: Re-using an available connection from the pool (formerly test.pulse_transform.not_null_stg_weather_temperature.fe647a6746, now test.pulse_transform.unique_stg_weather_id.c42c665fbe)
[0m22:15:07.002327 [debug] [Thread-1 (]: Began compiling node test.pulse_transform.unique_stg_weather_id.c42c665fbe
[0m22:15:07.007326 [debug] [Thread-1 (]: Writing injected SQL for node "test.pulse_transform.unique_stg_weather_id.c42c665fbe"
[0m22:15:07.007326 [debug] [Thread-1 (]: Began executing node test.pulse_transform.unique_stg_weather_id.c42c665fbe
[0m22:15:07.009333 [debug] [Thread-1 (]: Writing runtime sql for node "test.pulse_transform.unique_stg_weather_id.c42c665fbe"
[0m22:15:07.009834 [debug] [Thread-1 (]: Using postgres connection "test.pulse_transform.unique_stg_weather_id.c42c665fbe"
[0m22:15:07.010334 [debug] [Thread-1 (]: On test.pulse_transform.unique_stg_weather_id.c42c665fbe: /* {"app": "dbt", "dbt_version": "1.12.0", "profile_name": "pulse_transform_profile", "target_name": "dev", "node_id": "test.pulse_transform.unique_stg_weather_id.c42c665fbe"} */

    
    select
      count(*) as failures,
      count(*) != 0 as should_warn,
      count(*) != 0 as should_error
    from (
      
    
  
    
    

select
    id as unique_field,
    count(*) as n_records

from "pulse"."public_public"."stg_weather"
where id is not null
group by id
having count(*) > 1



  
  
      
    ) dbt_internal_test
[0m22:15:07.010834 [debug] [Thread-1 (]: Opening a new connection, currently in state closed
[0m22:15:07.043370 [debug] [Thread-1 (]: SQL status: SELECT 1 in 0.033 seconds
[0m22:15:07.044872 [debug] [Thread-1 (]: On test.pulse_transform.unique_stg_weather_id.c42c665fbe: ROLLBACK
[0m22:15:07.045371 [debug] [Thread-1 (]: On test.pulse_transform.unique_stg_weather_id.c42c665fbe: Close
[0m22:15:07.045871 [info ] [Thread-1 (]: 18 of 22 PASS unique_stg_weather_id ............................................ [[32mPASS[0m in 0.04s]
[0m22:15:07.046871 [debug] [Thread-1 (]: Finished running node test.pulse_transform.unique_stg_weather_id.c42c665fbe
[0m22:15:07.047372 [debug] [Thread-1 (]: Began running node model.pulse_transform.daily_summary
[0m22:15:07.048376 [info ] [Thread-1 (]: 19 of 22 START sql table model public_public.daily_summary ..................... [RUN]
[0m22:15:07.048880 [debug] [Thread-1 (]: Re-using an available connection from the pool (formerly test.pulse_transform.unique_stg_weather_id.c42c665fbe, now model.pulse_transform.daily_summary)
[0m22:15:07.048880 [debug] [Thread-1 (]: Began compiling node model.pulse_transform.daily_summary
[0m22:15:07.051379 [debug] [Thread-1 (]: Writing injected SQL for node "model.pulse_transform.daily_summary"
[0m22:15:07.052381 [debug] [Thread-1 (]: Began executing node model.pulse_transform.daily_summary
[0m22:15:07.054879 [debug] [Thread-1 (]: Writing runtime sql for node "model.pulse_transform.daily_summary"
[0m22:15:07.055880 [debug] [Thread-1 (]: Using postgres connection "model.pulse_transform.daily_summary"
[0m22:15:07.056380 [debug] [Thread-1 (]: On model.pulse_transform.daily_summary: /* {"app": "dbt", "dbt_version": "1.12.0", "profile_name": "pulse_transform_profile", "target_name": "dev", "node_id": "model.pulse_transform.daily_summary"} */

  
    

  create  table "pulse"."public_public"."daily_summary__dbt_tmp"
  
  
    as
  
  (
    with latest_weather as (
    select
        city,
        temperature,
        condition,
        ingested_at
    from "pulse"."public_public"."stg_weather"
    order by ingested_at desc
    limit 1
),
latest_sports as (
    select
        home_team,
        away_team,
        home_score,
        away_score,
        game_date,
        ingested_at
    from "pulse"."public_public"."stg_sports"
    order by game_date desc
    limit 10
),
top_crypto as (
    select
        coin,
        price_usd,
        ingested_at
    from "pulse"."public_public"."stg_crypto"
    order by price_usd desc
    limit 5
)

select
    w.city as weather_city,
    w.temperature as weather_temperature,
    w.condition as weather_condition,
    w.ingested_at as weather_ingested_at,
    s.home_team,
    s.away_team,
    s.home_score,
    s.away_score,
    s.game_date as sports_game_date,
    s.ingested_at as sports_ingested_at,
    c.coin as crypto_coin,
    c.price_usd as crypto_price_usd,
    c.ingested_at as crypto_ingested_at
from latest_weather w
cross join latest_sports s
cross join top_crypto c
  );
  
[0m22:15:07.056881 [debug] [Thread-1 (]: Opening a new connection, currently in state closed
[0m22:15:07.093442 [debug] [Thread-1 (]: SQL status: SELECT 5 in 0.037 seconds
[0m22:15:07.096441 [debug] [Thread-1 (]: Using postgres connection "model.pulse_transform.daily_summary"
[0m22:15:07.096441 [debug] [Thread-1 (]: On model.pulse_transform.daily_summary: /* {"app": "dbt", "dbt_version": "1.12.0", "profile_name": "pulse_transform_profile", "target_name": "dev", "node_id": "model.pulse_transform.daily_summary"} */
alter table "pulse"."public_public"."daily_summary__dbt_tmp" rename to "daily_summary"
[0m22:15:07.096943 [debug] [Thread-1 (]: SQL status: ALTER TABLE in 0.000 seconds
[0m22:15:07.098445 [debug] [Thread-1 (]: On model.pulse_transform.daily_summary: COMMIT
[0m22:15:07.098950 [debug] [Thread-1 (]: Using postgres connection "model.pulse_transform.daily_summary"
[0m22:15:07.099451 [debug] [Thread-1 (]: On model.pulse_transform.daily_summary: COMMIT
[0m22:15:07.100456 [debug] [Thread-1 (]: SQL status: COMMIT in 0.001 seconds
[0m22:15:07.101956 [debug] [Thread-1 (]: Applying DROP to: "pulse"."public_public"."daily_summary__dbt_backup"
[0m22:15:07.102456 [debug] [Thread-1 (]: Using postgres connection "model.pulse_transform.daily_summary"
[0m22:15:07.102955 [debug] [Thread-1 (]: On model.pulse_transform.daily_summary: /* {"app": "dbt", "dbt_version": "1.12.0", "profile_name": "pulse_transform_profile", "target_name": "dev", "node_id": "model.pulse_transform.daily_summary"} */
drop table if exists "pulse"."public_public"."daily_summary__dbt_backup" cascade
[0m22:15:07.103455 [debug] [Thread-1 (]: SQL status: DROP TABLE in 0.000 seconds
[0m22:15:07.104456 [debug] [Thread-1 (]: On model.pulse_transform.daily_summary: Close
[0m22:15:07.104956 [debug] [Thread-1 (]: Sending event: {'category': 'dbt', 'action': 'run_model', 'label': 'a730f2d8-8083-4697-b51a-77b87414bdaf', 'context': [<snowplow_tracker.self_describing_json.SelfDescribingJson object at 0x000002A83BC4A060>]}
[0m22:15:07.105455 [info ] [Thread-1 (]: 19 of 22 OK created sql table model public_public.daily_summary ................ [[32mSELECT 5[0m in 0.06s]
[0m22:15:07.105956 [debug] [Thread-1 (]: Finished running node model.pulse_transform.daily_summary
[0m22:15:07.106956 [debug] [Thread-1 (]: Began running node test.pulse_transform.not_null_daily_summary_crypto_coin.2b3c1f82f7
[0m22:15:07.106956 [info ] [Thread-1 (]: 20 of 22 START test not_null_daily_summary_crypto_coin ......................... [RUN]
[0m22:15:07.107456 [debug] [Thread-1 (]: Re-using an available connection from the pool (formerly model.pulse_transform.daily_summary, now test.pulse_transform.not_null_daily_summary_crypto_coin.2b3c1f82f7)
[0m22:15:07.107456 [debug] [Thread-1 (]: Began compiling node test.pulse_transform.not_null_daily_summary_crypto_coin.2b3c1f82f7
[0m22:15:07.113473 [debug] [Thread-1 (]: Writing injected SQL for node "test.pulse_transform.not_null_daily_summary_crypto_coin.2b3c1f82f7"
[0m22:15:07.114475 [debug] [Thread-1 (]: Began executing node test.pulse_transform.not_null_daily_summary_crypto_coin.2b3c1f82f7
[0m22:15:07.115975 [debug] [Thread-1 (]: Writing runtime sql for node "test.pulse_transform.not_null_daily_summary_crypto_coin.2b3c1f82f7"
[0m22:15:07.116974 [debug] [Thread-1 (]: Using postgres connection "test.pulse_transform.not_null_daily_summary_crypto_coin.2b3c1f82f7"
[0m22:15:07.116974 [debug] [Thread-1 (]: On test.pulse_transform.not_null_daily_summary_crypto_coin.2b3c1f82f7: /* {"app": "dbt", "dbt_version": "1.12.0", "profile_name": "pulse_transform_profile", "target_name": "dev", "node_id": "test.pulse_transform.not_null_daily_summary_crypto_coin.2b3c1f82f7"} */

    
    select
      count(*) as failures,
      count(*) != 0 as should_warn,
      count(*) != 0 as should_error
    from (
      
    
  
    
    



select crypto_coin
from "pulse"."public_public"."daily_summary"
where crypto_coin is null



  
  
      
    ) dbt_internal_test
[0m22:15:07.117473 [debug] [Thread-1 (]: Opening a new connection, currently in state closed
[0m22:15:07.143006 [debug] [Thread-1 (]: SQL status: SELECT 1 in 0.025 seconds
[0m22:15:07.144507 [debug] [Thread-1 (]: On test.pulse_transform.not_null_daily_summary_crypto_coin.2b3c1f82f7: ROLLBACK
[0m22:15:07.145007 [debug] [Thread-1 (]: On test.pulse_transform.not_null_daily_summary_crypto_coin.2b3c1f82f7: Close
[0m22:15:07.145507 [info ] [Thread-1 (]: 20 of 22 PASS not_null_daily_summary_crypto_coin ............................... [[32mPASS[0m in 0.04s]
[0m22:15:07.146007 [debug] [Thread-1 (]: Finished running node test.pulse_transform.not_null_daily_summary_crypto_coin.2b3c1f82f7
[0m22:15:07.146507 [debug] [Thread-1 (]: Began running node test.pulse_transform.not_null_daily_summary_sports_game_date.d349270fc3
[0m22:15:07.146507 [info ] [Thread-1 (]: 21 of 22 START test not_null_daily_summary_sports_game_date .................... [RUN]
[0m22:15:07.147008 [debug] [Thread-1 (]: Re-using an available connection from the pool (formerly test.pulse_transform.not_null_daily_summary_crypto_coin.2b3c1f82f7, now test.pulse_transform.not_null_daily_summary_sports_game_date.d349270fc3)
[0m22:15:07.147509 [debug] [Thread-1 (]: Began compiling node test.pulse_transform.not_null_daily_summary_sports_game_date.d349270fc3
[0m22:15:07.225597 [debug] [Thread-1 (]: Writing injected SQL for node "test.pulse_transform.not_null_daily_summary_sports_game_date.d349270fc3"
[0m22:15:07.226598 [debug] [Thread-1 (]: Began executing node test.pulse_transform.not_null_daily_summary_sports_game_date.d349270fc3
[0m22:15:07.228610 [debug] [Thread-1 (]: Writing runtime sql for node "test.pulse_transform.not_null_daily_summary_sports_game_date.d349270fc3"
[0m22:15:07.229614 [debug] [Thread-1 (]: Using postgres connection "test.pulse_transform.not_null_daily_summary_sports_game_date.d349270fc3"
[0m22:15:07.229614 [debug] [Thread-1 (]: On test.pulse_transform.not_null_daily_summary_sports_game_date.d349270fc3: /* {"app": "dbt", "dbt_version": "1.12.0", "profile_name": "pulse_transform_profile", "target_name": "dev", "node_id": "test.pulse_transform.not_null_daily_summary_sports_game_date.d349270fc3"} */

    
    select
      count(*) as failures,
      count(*) != 0 as should_warn,
      count(*) != 0 as should_error
    from (
      
    
  
    
    



select sports_game_date
from "pulse"."public_public"."daily_summary"
where sports_game_date is null



  
  
      
    ) dbt_internal_test
[0m22:15:07.230117 [debug] [Thread-1 (]: Opening a new connection, currently in state closed
[0m22:15:07.261664 [debug] [Thread-1 (]: SQL status: SELECT 1 in 0.032 seconds
[0m22:15:07.263165 [debug] [Thread-1 (]: On test.pulse_transform.not_null_daily_summary_sports_game_date.d349270fc3: ROLLBACK
[0m22:15:07.263165 [debug] [Thread-1 (]: On test.pulse_transform.not_null_daily_summary_sports_game_date.d349270fc3: Close
[0m22:15:07.263664 [info ] [Thread-1 (]: 21 of 22 PASS not_null_daily_summary_sports_game_date .......................... [[32mPASS[0m in 0.12s]
[0m22:15:07.264667 [debug] [Thread-1 (]: Finished running node test.pulse_transform.not_null_daily_summary_sports_game_date.d349270fc3
[0m22:15:07.264667 [debug] [Thread-1 (]: Began running node test.pulse_transform.not_null_daily_summary_weather_city.efc8b36fcc
[0m22:15:07.265665 [info ] [Thread-1 (]: 22 of 22 START test not_null_daily_summary_weather_city ........................ [RUN]
[0m22:15:07.266166 [debug] [Thread-1 (]: Re-using an available connection from the pool (formerly test.pulse_transform.not_null_daily_summary_sports_game_date.d349270fc3, now test.pulse_transform.not_null_daily_summary_weather_city.efc8b36fcc)
[0m22:15:07.266166 [debug] [Thread-1 (]: Began compiling node test.pulse_transform.not_null_daily_summary_weather_city.efc8b36fcc
[0m22:15:07.270671 [debug] [Thread-1 (]: Writing injected SQL for node "test.pulse_transform.not_null_daily_summary_weather_city.efc8b36fcc"
[0m22:15:07.272182 [debug] [Thread-1 (]: Began executing node test.pulse_transform.not_null_daily_summary_weather_city.efc8b36fcc
[0m22:15:07.273681 [debug] [Thread-1 (]: Writing runtime sql for node "test.pulse_transform.not_null_daily_summary_weather_city.efc8b36fcc"
[0m22:15:07.274684 [debug] [Thread-1 (]: Using postgres connection "test.pulse_transform.not_null_daily_summary_weather_city.efc8b36fcc"
[0m22:15:07.275184 [debug] [Thread-1 (]: On test.pulse_transform.not_null_daily_summary_weather_city.efc8b36fcc: /* {"app": "dbt", "dbt_version": "1.12.0", "profile_name": "pulse_transform_profile", "target_name": "dev", "node_id": "test.pulse_transform.not_null_daily_summary_weather_city.efc8b36fcc"} */

    
    select
      count(*) as failures,
      count(*) != 0 as should_warn,
      count(*) != 0 as should_error
    from (
      
    
  
    
    



select weather_city
from "pulse"."public_public"."daily_summary"
where weather_city is null



  
  
      
    ) dbt_internal_test
[0m22:15:07.275184 [debug] [Thread-1 (]: Opening a new connection, currently in state closed
[0m22:15:07.301212 [debug] [Thread-1 (]: SQL status: SELECT 1 in 0.026 seconds
[0m22:15:07.302711 [debug] [Thread-1 (]: On test.pulse_transform.not_null_daily_summary_weather_city.efc8b36fcc: ROLLBACK
[0m22:15:07.303212 [debug] [Thread-1 (]: On test.pulse_transform.not_null_daily_summary_weather_city.efc8b36fcc: Close
[0m22:15:07.303711 [info ] [Thread-1 (]: 22 of 22 PASS not_null_daily_summary_weather_city .............................. [[32mPASS[0m in 0.04s]
[0m22:15:07.304715 [debug] [Thread-1 (]: Finished running node test.pulse_transform.not_null_daily_summary_weather_city.efc8b36fcc
[0m22:15:07.305713 [debug] [MainThread]: On master: COMMIT
[0m22:15:07.305713 [debug] [MainThread]: Using postgres connection "master"
[0m22:15:07.306214 [debug] [MainThread]: On master: COMMIT
[0m22:15:07.306214 [debug] [MainThread]: Opening a new connection, currently in state closed
[0m22:15:07.338249 [debug] [MainThread]: SQL status: COMMIT in 0.032 seconds
[0m22:15:07.338756 [debug] [MainThread]: On master: Close
[0m22:15:07.339254 [debug] [MainThread]: Connection 'master' was properly closed.
[0m22:15:07.340258 [debug] [MainThread]: Connection 'list_pulse' was properly closed.
[0m22:15:07.340258 [debug] [MainThread]: Connection 'list_pulse_public_public' was properly closed.
[0m22:15:07.340759 [debug] [MainThread]: Connection 'test.pulse_transform.not_null_daily_summary_weather_city.efc8b36fcc' was properly closed.
[0m22:15:07.341259 [info ] [MainThread]: 
[0m22:15:07.341758 [info ] [MainThread]: Finished running 4 table models, 18 data tests in 0 hours 0 minutes and 1.64 seconds (1.64s).
[0m22:15:07.344757 [debug] [MainThread]: Command end result
[0m22:15:07.380296 [debug] [MainThread]: Wrote artifact WritableManifest to C:\Users\Steve\OneDrive\Desktop\code\pulse\transform\target\manifest.json
[0m22:15:07.383795 [debug] [MainThread]: Wrote artifact SemanticManifest to C:\Users\Steve\OneDrive\Desktop\code\pulse\transform\target\semantic_manifest.json
[0m22:15:07.386805 [debug] [MainThread]: Wrote artifact OsiDocument to C:\Users\Steve\OneDrive\Desktop\code\pulse\transform\target\osi_document.json
[0m22:15:07.394314 [debug] [MainThread]: Wrote artifact RunExecutionResult to C:\Users\Steve\OneDrive\Desktop\code\pulse\transform\target\run_results.json
[0m22:15:07.394314 [info ] [MainThread]: 
[0m22:15:07.394816 [info ] [MainThread]: [32mCompleted successfully[0m
[0m22:15:07.395313 [info ] [MainThread]: 
[0m22:15:07.395812 [info ] [MainThread]: Done. PASS=22 WARN=0 ERROR=0 SKIP=0 NO-OP=0 REUSED=0 TOTAL=22
[0m22:15:07.396314 [warn ] [MainThread]: [[33mWARNING[0m][DeprecationsSummary]: Deprecated functionality
Summary of encountered deprecations:
- MissingArgumentsPropertyInGenericTestDeprecation: 1 occurrence
To see all deprecation instances instead of just the first occurrence of each,
run command again with the `--show-all-deprecations` flag. You may also need to
run with `--no-partial-parse` as some deprecations are only encountered during
parsing.
[0m22:15:07.397314 [debug] [MainThread]: Command `dbt build` succeeded at 22:15:07.396814 after 3.53 seconds
[0m22:15:07.397314 [debug] [MainThread]: Sending event: {'category': 'dbt', 'action': 'invocation', 'label': 'end', 'context': [<snowplow_tracker.self_describing_json.SelfDescribingJson object at 0x000002A8382EC8F0>, <snowplow_tracker.self_describing_json.SelfDescribingJson object at 0x000002A8361037D0>, <snowplow_tracker.self_describing_json.SelfDescribingJson object at 0x000002A83B85A090>]}
[0m22:15:07.397314 [debug] [MainThread]: Flushing usage events
[0m22:15:07.888432 [debug] [MainThread]: An error was encountered while trying to flush usage events
[0m19:43:23.127431 [debug] [MainThread]: Sending event: {'category': 'dbt', 'action': 'invocation', 'label': 'start', 'context': [<snowplow_tracker.self_describing_json.SelfDescribingJson object at 0x0000024970F4D5B0>, <snowplow_tracker.self_describing_json.SelfDescribingJson object at 0x000002496C4B32C0>, <snowplow_tracker.self_describing_json.SelfDescribingJson object at 0x000002496F4D5580>]}


============================== 19:43:23.145822 | b049e82d-b5d3-4b16-a5b2-49e7683fa711 ==============================
[0m19:43:23.145822 [info ] [MainThread]: Running with dbt=1.12.0
[0m19:43:23.146823 [debug] [MainThread]: running dbt with arguments {'version_check': 'True', 'no_print': 'None', 'static_parser': 'True', 'warn_error_options': 'WarnErrorOptionsV2(error=[], warn=[], silence=[])', 'target_path': 'None', 'maximum_seed_size_mib': '1', 'printer_width': '80', 'write_json': 'True', 'empty': 'False', 'log_cache_events': 'False', 'introspect': 'True', 'cache_selected_only': 'False', 'log_format': 'default', 'debug': 'False', 'fail_fast': 'False', 'profiles_dir': 'C:\\Users\\Steve\\OneDrive\\Desktop\\code\\pulse\\transform', 'send_anonymous_usage_stats': 'True', 'quiet': 'False', 'warn_error': 'None', 'partial_parse': 'True', 'indirect_selection': 'eager', 'hints_enabled': 'True', 'invocation_command': 'dbt build --profiles-dir C:\\Users\\Steve\\OneDrive\\Desktop\\code\\pulse\\transform --project-dir C:\\Users\\Steve\\OneDrive\\Desktop\\code\\pulse\\transform', 'use_experimental_parser': 'False', 'use_colors': 'True', 'log_path': 'C:\\Users\\Steve\\OneDrive\\Desktop\\code\\pulse\\transform\\logs'}
[0m19:43:23.465238 [debug] [MainThread]: Sending event: {'category': 'dbt', 'action': 'project_id', 'label': 'b049e82d-b5d3-4b16-a5b2-49e7683fa711', 'context': [<snowplow_tracker.self_describing_json.SelfDescribingJson object at 0x000002497195E840>]}
[0m19:43:23.527686 [debug] [MainThread]: Sending event: {'category': 'dbt', 'action': 'adapter_info', 'label': 'b049e82d-b5d3-4b16-a5b2-49e7683fa711', 'context': [<snowplow_tracker.self_describing_json.SelfDescribingJson object at 0x000002496F493D40>]}
[0m19:43:23.529186 [info ] [MainThread]: Registered adapter: postgres=1.11.0
[0m19:43:24.013813 [debug] [MainThread]: checksum: c88f2b38114df2604ccc177aea92f212ddffa831408be655762d132e6474640b, vars: {}, profile: pulse_transform_profile, target: dev, version: 1.12.0
[0m19:43:25.640910 [debug] [MainThread]: Partial parsing enabled: 0 files deleted, 0 files added, 0 files changed.
[0m19:43:25.641414 [debug] [MainThread]: Nothing changed, skipping partial parsing.
[0m19:43:25.641915 [debug] [MainThread]: Partial parsing enabled, no changes found, skipping parsing
[0m19:43:25.653961 [debug] [MainThread]: Sending event: {'category': 'dbt', 'action': 'load_project', 'label': 'b049e82d-b5d3-4b16-a5b2-49e7683fa711', 'context': [<snowplow_tracker.self_describing_json.SelfDescribingJson object at 0x0000024971BECF20>]}
[0m19:43:25.845462 [debug] [MainThread]: Wrote artifact WritableManifest to C:\Users\Steve\OneDrive\Desktop\code\pulse\transform\target\manifest.json
[0m19:43:25.848961 [debug] [MainThread]: Wrote artifact SemanticManifest to C:\Users\Steve\OneDrive\Desktop\code\pulse\transform\target\semantic_manifest.json
[0m19:43:25.896471 [debug] [MainThread]: Wrote artifact OsiDocument to C:\Users\Steve\OneDrive\Desktop\code\pulse\transform\target\osi_document.json
[0m19:43:25.975602 [debug] [MainThread]: Sending event: {'category': 'dbt', 'action': 'resource_counts', 'label': 'b049e82d-b5d3-4b16-a5b2-49e7683fa711', 'context': [<snowplow_tracker.self_describing_json.SelfDescribingJson object at 0x0000024971F274A0>]}
[0m19:43:25.976604 [info ] [MainThread]: Found 4 models, 18 data tests, 3 sources, 477 macros
[0m19:43:25.983974 [info ] [MainThread]: 
[0m19:43:25.985474 [info ] [MainThread]: Concurrency: 1 threads (target='dev')
[0m19:43:25.989980 [info ] [MainThread]: 
[0m19:43:25.991494 [debug] [MainThread]: Acquiring new postgres connection 'master'
[0m19:43:26.005034 [debug] [ThreadPool]: Acquiring new postgres connection 'list_pulse'
[0m19:43:29.285272 [debug] [ThreadPool]: Using postgres connection "list_pulse"
[0m19:43:29.285772 [debug] [ThreadPool]: On list_pulse: /* {"app": "dbt", "dbt_version": "1.12.0", "profile_name": "pulse_transform_profile", "target_name": "dev", "connection_name": "list_pulse"} */

    select distinct nspname from pg_namespace
  
[0m19:43:29.285772 [debug] [ThreadPool]: Opening a new connection, currently in state init
[0m19:43:29.340896 [debug] [ThreadPool]: SQL status: SELECT 5 in 0.055 seconds
[0m19:43:29.342352 [debug] [ThreadPool]: On list_pulse: Close
[0m19:43:29.344360 [debug] [ThreadPool]: Acquiring new postgres connection 'list_pulse_public_public'
[0m19:43:29.348876 [debug] [ThreadPool]: Using postgres connection "list_pulse_public_public"
[0m19:43:29.348876 [debug] [ThreadPool]: On list_pulse_public_public: /* {"app": "dbt", "dbt_version": "1.12.0", "profile_name": "pulse_transform_profile", "target_name": "dev", "connection_name": "list_pulse_public_public"} */
select
      'pulse' as database,
      tablename as name,
      schemaname as schema,
      'table' as type
    from pg_tables
    where schemaname ilike 'public_public'
    union all
    select
      'pulse' as database,
      viewname as name,
      schemaname as schema,
      'view' as type
    from pg_views
    where schemaname ilike 'public_public'
    union all
    select
      'pulse' as database,
      matviewname as name,
      schemaname as schema,
      'materialized_view' as type
    from pg_matviews
    where schemaname ilike 'public_public'
    union all
    select distinct
     'pulse' as database,
     proname as name,
     ns.nspname as schema,
     'function' as type
    from pg_proc
     join pg_namespace as ns on pronamespace = ns.oid
    where ns.nspname ilike 'public_public'
  
[0m19:43:29.349376 [debug] [ThreadPool]: Opening a new connection, currently in state init
[0m19:43:29.398309 [debug] [ThreadPool]: SQL status: SELECT 4 in 0.049 seconds
[0m19:43:29.399310 [debug] [ThreadPool]: On list_pulse_public_public: ROLLBACK
[0m19:43:29.400315 [debug] [ThreadPool]: On list_pulse_public_public: Close
[0m19:43:29.405326 [debug] [MainThread]: Using postgres connection "master"
[0m19:43:29.405826 [debug] [MainThread]: On master: /* {"app": "dbt", "dbt_version": "1.12.0", "profile_name": "pulse_transform_profile", "target_name": "dev", "connection_name": "master"} */
select distinct
        dependent_namespace.nspname as dependent_schema,
        dependent_class.relname as dependent_name,
        referenced_namespace.nspname as referenced_schema,
        referenced_class.relname as referenced_name

    -- Query for views: views are entries in pg_class with an entry in pg_rewrite, but we avoid
    -- a seq scan on pg_rewrite by leveraging the fact there is an "internal" row in pg_depend for
    -- the view...
    from pg_class as dependent_class
    join pg_namespace as dependent_namespace on dependent_namespace.oid = dependent_class.relnamespace
    join pg_depend as dependent_depend on dependent_depend.refobjid = dependent_class.oid
        and dependent_depend.classid = 'pg_rewrite'::regclass
        and dependent_depend.refclassid = 'pg_class'::regclass
        and dependent_depend.deptype = 'i'

    -- ... and via pg_depend (that has a row per column, hence the need for "distinct" above, and
    -- making sure to exclude the internal row to avoid a view appearing to depend on itself)...
    join pg_depend as joining_depend on joining_depend.objid = dependent_depend.objid
        and joining_depend.classid = 'pg_rewrite'::regclass
        and joining_depend.refclassid = 'pg_class'::regclass
        and joining_depend.refobjid != dependent_depend.refobjid

    -- ... we can find the tables they query from in pg_class, but excluding system tables. Note we
    -- don't need need to exclude _dependent_ system tables, because they only query from other
    -- system tables, and so are automatically excluded by excluding _referenced_ system tables
    join pg_class as referenced_class on referenced_class.oid = joining_depend.refobjid
    join pg_namespace as referenced_namespace on referenced_namespace.oid = referenced_class.relnamespace
        and referenced_namespace.nspname != 'information_schema'
        and referenced_namespace.nspname not like 'pg\_%'

    order by
        dependent_schema, dependent_name, referenced_schema, referenced_name;
[0m19:43:29.405826 [debug] [MainThread]: Opening a new connection, currently in state init
[0m19:43:29.455444 [debug] [MainThread]: SQL status: SELECT 0 in 0.049 seconds
[0m19:43:29.456449 [debug] [MainThread]: Sending event: {'category': 'dbt', 'action': 'runnable_timing', 'label': 'b049e82d-b5d3-4b16-a5b2-49e7683fa711', 'context': [<snowplow_tracker.self_describing_json.SelfDescribingJson object at 0x000002497228BF50>]}
[0m19:43:29.456948 [debug] [MainThread]: On master: ROLLBACK
[0m19:43:29.457449 [debug] [MainThread]: On master: COMMIT
[0m19:43:29.457449 [debug] [MainThread]: Using postgres connection "master"
[0m19:43:29.457949 [debug] [MainThread]: On master: COMMIT
[0m19:43:29.458449 [debug] [MainThread]: SQL status: COMMIT in 0.000 seconds
[0m19:43:29.458449 [debug] [MainThread]: On master: Close
[0m19:43:29.483467 [debug] [Thread-1 (]: Began running node model.pulse_transform.stg_crypto
[0m19:43:29.483968 [info ] [Thread-1 (]: 1 of 22 START sql table model public_public.stg_crypto ......................... [RUN]
[0m19:43:29.484968 [debug] [Thread-1 (]: Acquiring new postgres connection 'model.pulse_transform.stg_crypto'
[0m19:43:29.485466 [debug] [Thread-1 (]: Began compiling node model.pulse_transform.stg_crypto
[0m19:43:29.489974 [debug] [Thread-1 (]: Writing injected SQL for node "model.pulse_transform.stg_crypto"
[0m19:43:29.490980 [debug] [Thread-1 (]: Began executing node model.pulse_transform.stg_crypto
[0m19:43:29.520049 [debug] [Thread-1 (]: Writing runtime sql for node "model.pulse_transform.stg_crypto"
[0m19:43:29.521054 [debug] [Thread-1 (]: Using postgres connection "model.pulse_transform.stg_crypto"
[0m19:43:29.521554 [debug] [Thread-1 (]: On model.pulse_transform.stg_crypto: /* {"app": "dbt", "dbt_version": "1.12.0", "profile_name": "pulse_transform_profile", "target_name": "dev", "node_id": "model.pulse_transform.stg_crypto"} */

  
    

  create  table "pulse"."public_public"."stg_crypto__dbt_tmp"
  
  
    as
  
  (
    with source as (
    select
        id,
        source,
        raw_json,
        ingested_at,
        raw_json::jsonb as payload
    from "pulse"."public"."raw_crypto"
),
flattened as (
    select
        id,
        source,
        raw_json,
        ingested_at,
        key as coin,
        nullif(value ->> 'usd', '') as price_usd
    from source,
    jsonb_each(payload)
)
select
    row_number() over (order by id, coin) as id,
    source,
    coin,
    cast(price_usd as float) as price_usd,
    ingested_at,
    raw_json
from flattened
  );
  
[0m19:43:29.522054 [debug] [Thread-1 (]: Opening a new connection, currently in state init
[0m19:43:29.624786 [debug] [Thread-1 (]: SQL status: SELECT 22 in 0.103 seconds
[0m19:43:29.631800 [debug] [Thread-1 (]: Using postgres connection "model.pulse_transform.stg_crypto"
[0m19:43:29.632300 [debug] [Thread-1 (]: On model.pulse_transform.stg_crypto: /* {"app": "dbt", "dbt_version": "1.12.0", "profile_name": "pulse_transform_profile", "target_name": "dev", "node_id": "model.pulse_transform.stg_crypto"} */
alter table "pulse"."public_public"."stg_crypto" rename to "stg_crypto__dbt_backup"
[0m19:43:29.633300 [debug] [Thread-1 (]: SQL status: ALTER TABLE in 0.000 seconds
[0m19:43:29.636301 [debug] [Thread-1 (]: Using postgres connection "model.pulse_transform.stg_crypto"
[0m19:43:29.636803 [debug] [Thread-1 (]: On model.pulse_transform.stg_crypto: /* {"app": "dbt", "dbt_version": "1.12.0", "profile_name": "pulse_transform_profile", "target_name": "dev", "node_id": "model.pulse_transform.stg_crypto"} */
alter table "pulse"."public_public"."stg_crypto__dbt_tmp" rename to "stg_crypto"
[0m19:43:29.637301 [debug] [Thread-1 (]: SQL status: ALTER TABLE in 0.000 seconds
[0m19:43:29.652359 [debug] [Thread-1 (]: On model.pulse_transform.stg_crypto: COMMIT
[0m19:43:29.652860 [debug] [Thread-1 (]: Using postgres connection "model.pulse_transform.stg_crypto"
[0m19:43:29.653359 [debug] [Thread-1 (]: On model.pulse_transform.stg_crypto: COMMIT
[0m19:43:29.654859 [debug] [Thread-1 (]: SQL status: COMMIT in 0.001 seconds
[0m19:43:29.659359 [debug] [Thread-1 (]: Applying DROP to: "pulse"."public_public"."stg_crypto__dbt_backup"
[0m19:43:29.663368 [debug] [Thread-1 (]: Using postgres connection "model.pulse_transform.stg_crypto"
[0m19:43:29.664373 [debug] [Thread-1 (]: On model.pulse_transform.stg_crypto: /* {"app": "dbt", "dbt_version": "1.12.0", "profile_name": "pulse_transform_profile", "target_name": "dev", "node_id": "model.pulse_transform.stg_crypto"} */
drop table if exists "pulse"."public_public"."stg_crypto__dbt_backup" cascade
[0m19:43:29.672889 [debug] [Thread-1 (]: SQL status: DROP TABLE in 0.008 seconds
[0m19:43:29.675889 [debug] [Thread-1 (]: On model.pulse_transform.stg_crypto: Close
[0m19:43:29.678887 [debug] [Thread-1 (]: Sending event: {'category': 'dbt', 'action': 'run_model', 'label': 'b049e82d-b5d3-4b16-a5b2-49e7683fa711', 'context': [<snowplow_tracker.self_describing_json.SelfDescribingJson object at 0x000002496CE30140>]}
[0m19:43:29.679387 [info ] [Thread-1 (]: 1 of 22 OK created sql table model public_public.stg_crypto .................... [[32mSELECT 22[0m in 0.19s]
[0m19:43:29.680391 [debug] [Thread-1 (]: Finished running node model.pulse_transform.stg_crypto
[0m19:43:29.680896 [debug] [Thread-1 (]: Began running node model.pulse_transform.stg_sports
[0m19:43:29.681396 [info ] [Thread-1 (]: 2 of 22 START sql table model public_public.stg_sports ......................... [RUN]
[0m19:43:29.683402 [debug] [Thread-1 (]: Re-using an available connection from the pool (formerly model.pulse_transform.stg_crypto, now model.pulse_transform.stg_sports)
[0m19:43:29.683402 [debug] [Thread-1 (]: Began compiling node model.pulse_transform.stg_sports
[0m19:43:29.685911 [debug] [Thread-1 (]: Writing injected SQL for node "model.pulse_transform.stg_sports"
[0m19:43:29.686912 [debug] [Thread-1 (]: Began executing node model.pulse_transform.stg_sports
[0m19:43:29.689411 [debug] [Thread-1 (]: Writing runtime sql for node "model.pulse_transform.stg_sports"
[0m19:43:29.690416 [debug] [Thread-1 (]: Using postgres connection "model.pulse_transform.stg_sports"
[0m19:43:29.690922 [debug] [Thread-1 (]: On model.pulse_transform.stg_sports: /* {"app": "dbt", "dbt_version": "1.12.0", "profile_name": "pulse_transform_profile", "target_name": "dev", "node_id": "model.pulse_transform.stg_sports"} */

  
    

  create  table "pulse"."public_public"."stg_sports__dbt_tmp"
  
  
    as
  
  (
    with source as (
    select
        id,
        source,
        raw_json,
        ingested_at,
        raw_json::jsonb -> 'events' as events_json
    from "pulse"."public"."raw_sports"
),
parsed as (
    select
        id,
        source,
        raw_json,
        ingested_at,
        events_json -> 0 ->> 'date' as game_date,
        events_json -> 0 -> 'competitions' -> 0 -> 'competitors' -> 0 -> 'team' ->> 'abbreviation' as home_team,
        events_json -> 0 -> 'competitions' -> 0 -> 'competitors' -> 0 ->> 'score' as home_score,
        events_json -> 0 -> 'competitions' -> 0 -> 'competitors' -> 1 -> 'team' ->> 'abbreviation' as away_team,
        events_json -> 0 -> 'competitions' -> 0 -> 'competitors' -> 1 ->> 'score' as away_score
    from source
)
select
    id,
    source,
    trim(home_team) as home_team,
    trim(away_team) as away_team,
    cast(home_score as integer) as home_score,
    cast(away_score as integer) as away_score,
    game_date,
    ingested_at,
    raw_json
from parsed
  );
  
[0m19:43:29.690922 [debug] [Thread-1 (]: Opening a new connection, currently in state closed
[0m19:43:29.737523 [debug] [Thread-1 (]: SQL status: SELECT 2 in 0.046 seconds
[0m19:43:29.740532 [debug] [Thread-1 (]: Using postgres connection "model.pulse_transform.stg_sports"
[0m19:43:29.740532 [debug] [Thread-1 (]: On model.pulse_transform.stg_sports: /* {"app": "dbt", "dbt_version": "1.12.0", "profile_name": "pulse_transform_profile", "target_name": "dev", "node_id": "model.pulse_transform.stg_sports"} */
alter table "pulse"."public_public"."stg_sports" rename to "stg_sports__dbt_backup"
[0m19:43:29.741532 [debug] [Thread-1 (]: SQL status: ALTER TABLE in 0.000 seconds
[0m19:43:29.743533 [debug] [Thread-1 (]: Using postgres connection "model.pulse_transform.stg_sports"
[0m19:43:29.743533 [debug] [Thread-1 (]: On model.pulse_transform.stg_sports: /* {"app": "dbt", "dbt_version": "1.12.0", "profile_name": "pulse_transform_profile", "target_name": "dev", "node_id": "model.pulse_transform.stg_sports"} */
alter table "pulse"."public_public"."stg_sports__dbt_tmp" rename to "stg_sports"
[0m19:43:29.744032 [debug] [Thread-1 (]: SQL status: ALTER TABLE in 0.000 seconds
[0m19:43:29.745533 [debug] [Thread-1 (]: On model.pulse_transform.stg_sports: COMMIT
[0m19:43:29.746031 [debug] [Thread-1 (]: Using postgres connection "model.pulse_transform.stg_sports"
[0m19:43:29.746532 [debug] [Thread-1 (]: On model.pulse_transform.stg_sports: COMMIT
[0m19:43:29.747031 [debug] [Thread-1 (]: SQL status: COMMIT in 0.001 seconds
[0m19:43:29.749039 [debug] [Thread-1 (]: Applying DROP to: "pulse"."public_public"."stg_sports__dbt_backup"
[0m19:43:29.749039 [debug] [Thread-1 (]: Using postgres connection "model.pulse_transform.stg_sports"
[0m19:43:29.750043 [debug] [Thread-1 (]: On model.pulse_transform.stg_sports: /* {"app": "dbt", "dbt_version": "1.12.0", "profile_name": "pulse_transform_profile", "target_name": "dev", "node_id": "model.pulse_transform.stg_sports"} */
drop table if exists "pulse"."public_public"."stg_sports__dbt_backup" cascade
[0m19:43:29.753547 [debug] [Thread-1 (]: SQL status: DROP TABLE in 0.004 seconds
[0m19:43:29.755557 [debug] [Thread-1 (]: On model.pulse_transform.stg_sports: Close
[0m19:43:29.756062 [debug] [Thread-1 (]: Sending event: {'category': 'dbt', 'action': 'run_model', 'label': 'b049e82d-b5d3-4b16-a5b2-49e7683fa711', 'context': [<snowplow_tracker.self_describing_json.SelfDescribingJson object at 0x00000249723B7470>]}
[0m19:43:29.756561 [info ] [Thread-1 (]: 2 of 22 OK created sql table model public_public.stg_sports .................... [[32mSELECT 2[0m in 0.07s]
[0m19:43:29.757061 [debug] [Thread-1 (]: Finished running node model.pulse_transform.stg_sports
[0m19:43:29.757061 [debug] [Thread-1 (]: Began running node model.pulse_transform.stg_weather
[0m19:43:29.757561 [info ] [Thread-1 (]: 3 of 22 START sql table model public_public.stg_weather ........................ [RUN]
[0m19:43:29.758561 [debug] [Thread-1 (]: Re-using an available connection from the pool (formerly model.pulse_transform.stg_sports, now model.pulse_transform.stg_weather)
[0m19:43:29.759061 [debug] [Thread-1 (]: Began compiling node model.pulse_transform.stg_weather
[0m19:43:29.761072 [debug] [Thread-1 (]: Writing injected SQL for node "model.pulse_transform.stg_weather"
[0m19:43:29.762075 [debug] [Thread-1 (]: Began executing node model.pulse_transform.stg_weather
[0m19:43:29.765574 [debug] [Thread-1 (]: Writing runtime sql for node "model.pulse_transform.stg_weather"
[0m19:43:29.766574 [debug] [Thread-1 (]: Using postgres connection "model.pulse_transform.stg_weather"
[0m19:43:29.767074 [debug] [Thread-1 (]: On model.pulse_transform.stg_weather: /* {"app": "dbt", "dbt_version": "1.12.0", "profile_name": "pulse_transform_profile", "target_name": "dev", "node_id": "model.pulse_transform.stg_weather"} */

  
    

  create  table "pulse"."public_public"."stg_weather__dbt_tmp"
  
  
    as
  
  (
    with source as (
    select
        id,
        source,
        raw_json::jsonb ->> 'requested_city' as city,
        raw_json::jsonb -> 'current_weather' ->> 'temperature' as temperature,
        raw_json::jsonb -> 'current_weather' ->> 'weathercode' as weather_code,
        raw_json::jsonb ->> 'requested_latitude' as latitude,
        raw_json::jsonb ->> 'requested_longitude' as longitude,
        ingested_at,
        raw_json
    from "pulse"."public"."raw_weather"
)

select
    id,
    source,
    city,
    cast(temperature as float) as temperature,
    case cast(weather_code as integer)
        when 0 then 'clear'
        when 1 then 'mainly_clear'
        when 2 then 'partly_cloudy'
        when 3 then 'overcast'
        when 45 then 'fog'
        when 48 then 'depositing_rime_fog'
        when 51 then 'drizzle_light'
        when 53 then 'drizzle_moderate'
        when 55 then 'drizzle_dense'
        when 56 then 'freezing_drizzle_light'
        when 57 then 'freezing_drizzle_dense'
        when 61 then 'rain_slight'
        when 63 then 'rain_moderate'
        when 65 then 'rain_heavy'
        when 66 then 'freezing_rain_light'
        when 67 then 'freezing_rain_heavy'
        when 71 then 'snow_fall_slight'
        when 73 then 'snow_fall_moderate'
        when 75 then 'snow_fall_heavy'
        when 77 then 'snow_grains'
        when 80 then 'rain_showers_slight'
        when 81 then 'rain_showers_moderate'
        when 82 then 'rain_showers_violent'
        when 85 then 'snow_showers_slight'
        when 86 then 'snow_showers_heavy'
        when 95 then 'thunderstorm_slight_or_moderate'
        when 96 then 'thunderstorm_hail_slight'
        when 99 then 'thunderstorm_hail_heavy'
        else 'unknown'
    end as condition,
    ingested_at,
    raw_json
from source
  );
  
[0m19:43:29.767074 [debug] [Thread-1 (]: Opening a new connection, currently in state closed
[0m19:43:29.810544 [debug] [Thread-1 (]: SQL status: SELECT 20 in 0.043 seconds
[0m19:43:29.813549 [debug] [Thread-1 (]: Using postgres connection "model.pulse_transform.stg_weather"
[0m19:43:29.814055 [debug] [Thread-1 (]: On model.pulse_transform.stg_weather: /* {"app": "dbt", "dbt_version": "1.12.0", "profile_name": "pulse_transform_profile", "target_name": "dev", "node_id": "model.pulse_transform.stg_weather"} */
alter table "pulse"."public_public"."stg_weather" rename to "stg_weather__dbt_backup"
[0m19:43:29.814556 [debug] [Thread-1 (]: SQL status: ALTER TABLE in 0.000 seconds
[0m19:43:29.817065 [debug] [Thread-1 (]: Using postgres connection "model.pulse_transform.stg_weather"
[0m19:43:29.817564 [debug] [Thread-1 (]: On model.pulse_transform.stg_weather: /* {"app": "dbt", "dbt_version": "1.12.0", "profile_name": "pulse_transform_profile", "target_name": "dev", "node_id": "model.pulse_transform.stg_weather"} */
alter table "pulse"."public_public"."stg_weather__dbt_tmp" rename to "stg_weather"
[0m19:43:29.818065 [debug] [Thread-1 (]: SQL status: ALTER TABLE in 0.000 seconds
[0m19:43:29.820068 [debug] [Thread-1 (]: On model.pulse_transform.stg_weather: COMMIT
[0m19:43:29.820575 [debug] [Thread-1 (]: Using postgres connection "model.pulse_transform.stg_weather"
[0m19:43:29.821074 [debug] [Thread-1 (]: On model.pulse_transform.stg_weather: COMMIT
[0m19:43:29.822575 [debug] [Thread-1 (]: SQL status: COMMIT in 0.001 seconds
[0m19:43:29.824075 [debug] [Thread-1 (]: Applying DROP to: "pulse"."public_public"."stg_weather__dbt_backup"
[0m19:43:29.824573 [debug] [Thread-1 (]: Using postgres connection "model.pulse_transform.stg_weather"
[0m19:43:29.825075 [debug] [Thread-1 (]: On model.pulse_transform.stg_weather: /* {"app": "dbt", "dbt_version": "1.12.0", "profile_name": "pulse_transform_profile", "target_name": "dev", "node_id": "model.pulse_transform.stg_weather"} */
drop table if exists "pulse"."public_public"."stg_weather__dbt_backup" cascade
[0m19:43:29.829074 [debug] [Thread-1 (]: SQL status: DROP TABLE in 0.004 seconds
[0m19:43:29.831083 [debug] [Thread-1 (]: On model.pulse_transform.stg_weather: Close
[0m19:43:29.831585 [debug] [Thread-1 (]: Sending event: {'category': 'dbt', 'action': 'run_model', 'label': 'b049e82d-b5d3-4b16-a5b2-49e7683fa711', 'context': [<snowplow_tracker.self_describing_json.SelfDescribingJson object at 0x0000024971FBD460>]}
[0m19:43:29.832091 [info ] [Thread-1 (]: 3 of 22 OK created sql table model public_public.stg_weather ................... [[32mSELECT 20[0m in 0.07s]
[0m19:43:29.832590 [debug] [Thread-1 (]: Finished running node model.pulse_transform.stg_weather
[0m19:43:29.833089 [debug] [Thread-1 (]: Began running node test.pulse_transform.not_null_stg_crypto_coin.1a9a7af2fe
[0m19:43:29.833589 [info ] [Thread-1 (]: 4 of 22 START test not_null_stg_crypto_coin .................................... [RUN]
[0m19:43:29.834090 [debug] [Thread-1 (]: Re-using an available connection from the pool (formerly model.pulse_transform.stg_weather, now test.pulse_transform.not_null_stg_crypto_coin.1a9a7af2fe)
[0m19:43:29.834090 [debug] [Thread-1 (]: Began compiling node test.pulse_transform.not_null_stg_crypto_coin.1a9a7af2fe
[0m19:43:29.847112 [debug] [Thread-1 (]: Writing injected SQL for node "test.pulse_transform.not_null_stg_crypto_coin.1a9a7af2fe"
[0m19:43:29.848116 [debug] [Thread-1 (]: Began executing node test.pulse_transform.not_null_stg_crypto_coin.1a9a7af2fe
[0m19:43:29.861659 [debug] [Thread-1 (]: Writing runtime sql for node "test.pulse_transform.not_null_stg_crypto_coin.1a9a7af2fe"
[0m19:43:29.863161 [debug] [Thread-1 (]: Using postgres connection "test.pulse_transform.not_null_stg_crypto_coin.1a9a7af2fe"
[0m19:43:29.863161 [debug] [Thread-1 (]: On test.pulse_transform.not_null_stg_crypto_coin.1a9a7af2fe: /* {"app": "dbt", "dbt_version": "1.12.0", "profile_name": "pulse_transform_profile", "target_name": "dev", "node_id": "test.pulse_transform.not_null_stg_crypto_coin.1a9a7af2fe"} */

    
    select
      count(*) as failures,
      count(*) != 0 as should_warn,
      count(*) != 0 as should_error
    from (
      
    
  
    
    



select coin
from "pulse"."public_public"."stg_crypto"
where coin is null



  
  
      
    ) dbt_internal_test
[0m19:43:29.863660 [debug] [Thread-1 (]: Opening a new connection, currently in state closed
[0m19:43:29.903715 [debug] [Thread-1 (]: SQL status: SELECT 1 in 0.041 seconds
[0m19:43:29.907726 [debug] [Thread-1 (]: On test.pulse_transform.not_null_stg_crypto_coin.1a9a7af2fe: ROLLBACK
[0m19:43:29.908225 [debug] [Thread-1 (]: On test.pulse_transform.not_null_stg_crypto_coin.1a9a7af2fe: Close
[0m19:43:29.908725 [info ] [Thread-1 (]: 4 of 22 PASS not_null_stg_crypto_coin .......................................... [[32mPASS[0m in 0.07s]
[0m19:43:29.909225 [debug] [Thread-1 (]: Finished running node test.pulse_transform.not_null_stg_crypto_coin.1a9a7af2fe
[0m19:43:29.909225 [debug] [Thread-1 (]: Began running node test.pulse_transform.not_null_stg_crypto_id.6ded0cac78
[0m19:43:29.910228 [info ] [Thread-1 (]: 5 of 22 START test not_null_stg_crypto_id ...................................... [RUN]
[0m19:43:29.910733 [debug] [Thread-1 (]: Re-using an available connection from the pool (formerly test.pulse_transform.not_null_stg_crypto_coin.1a9a7af2fe, now test.pulse_transform.not_null_stg_crypto_id.6ded0cac78)
[0m19:43:29.910733 [debug] [Thread-1 (]: Began compiling node test.pulse_transform.not_null_stg_crypto_id.6ded0cac78
[0m19:43:29.916233 [debug] [Thread-1 (]: Writing injected SQL for node "test.pulse_transform.not_null_stg_crypto_id.6ded0cac78"
[0m19:43:29.917233 [debug] [Thread-1 (]: Began executing node test.pulse_transform.not_null_stg_crypto_id.6ded0cac78
[0m19:43:29.918733 [debug] [Thread-1 (]: Writing runtime sql for node "test.pulse_transform.not_null_stg_crypto_id.6ded0cac78"
[0m19:43:29.919235 [debug] [Thread-1 (]: Using postgres connection "test.pulse_transform.not_null_stg_crypto_id.6ded0cac78"
[0m19:43:29.920239 [debug] [Thread-1 (]: On test.pulse_transform.not_null_stg_crypto_id.6ded0cac78: /* {"app": "dbt", "dbt_version": "1.12.0", "profile_name": "pulse_transform_profile", "target_name": "dev", "node_id": "test.pulse_transform.not_null_stg_crypto_id.6ded0cac78"} */

    
    select
      count(*) as failures,
      count(*) != 0 as should_warn,
      count(*) != 0 as should_error
    from (
      
    
  
    
    



select id
from "pulse"."public_public"."stg_crypto"
where id is null



  
  
      
    ) dbt_internal_test
[0m19:43:29.920239 [debug] [Thread-1 (]: Opening a new connection, currently in state closed
[0m19:43:29.954709 [debug] [Thread-1 (]: SQL status: SELECT 1 in 0.034 seconds
[0m19:43:29.956210 [debug] [Thread-1 (]: On test.pulse_transform.not_null_stg_crypto_id.6ded0cac78: ROLLBACK
[0m19:43:29.956710 [debug] [Thread-1 (]: On test.pulse_transform.not_null_stg_crypto_id.6ded0cac78: Close
[0m19:43:29.957210 [info ] [Thread-1 (]: 5 of 22 PASS not_null_stg_crypto_id ............................................ [[32mPASS[0m in 0.05s]
[0m19:43:29.957710 [debug] [Thread-1 (]: Finished running node test.pulse_transform.not_null_stg_crypto_id.6ded0cac78
[0m19:43:29.957710 [debug] [Thread-1 (]: Began running node test.pulse_transform.unique_stg_crypto_id.a906923065
[0m19:43:29.958212 [info ] [Thread-1 (]: 6 of 22 START test unique_stg_crypto_id ........................................ [RUN]
[0m19:43:29.958712 [debug] [Thread-1 (]: Re-using an available connection from the pool (formerly test.pulse_transform.not_null_stg_crypto_id.6ded0cac78, now test.pulse_transform.unique_stg_crypto_id.a906923065)
[0m19:43:29.958712 [debug] [Thread-1 (]: Began compiling node test.pulse_transform.unique_stg_crypto_id.a906923065
[0m19:43:29.966735 [debug] [Thread-1 (]: Writing injected SQL for node "test.pulse_transform.unique_stg_crypto_id.a906923065"
[0m19:43:29.968235 [debug] [Thread-1 (]: Began executing node test.pulse_transform.unique_stg_crypto_id.a906923065
[0m19:43:29.969740 [debug] [Thread-1 (]: Writing runtime sql for node "test.pulse_transform.unique_stg_crypto_id.a906923065"
[0m19:43:29.970246 [debug] [Thread-1 (]: Using postgres connection "test.pulse_transform.unique_stg_crypto_id.a906923065"
[0m19:43:29.970745 [debug] [Thread-1 (]: On test.pulse_transform.unique_stg_crypto_id.a906923065: /* {"app": "dbt", "dbt_version": "1.12.0", "profile_name": "pulse_transform_profile", "target_name": "dev", "node_id": "test.pulse_transform.unique_stg_crypto_id.a906923065"} */

    
    select
      count(*) as failures,
      count(*) != 0 as should_warn,
      count(*) != 0 as should_error
    from (
      
    
  
    
    

select
    id as unique_field,
    count(*) as n_records

from "pulse"."public_public"."stg_crypto"
where id is not null
group by id
having count(*) > 1



  
  
      
    ) dbt_internal_test
[0m19:43:29.970745 [debug] [Thread-1 (]: Opening a new connection, currently in state closed
[0m19:43:30.003183 [debug] [Thread-1 (]: SQL status: SELECT 1 in 0.032 seconds
[0m19:43:30.004686 [debug] [Thread-1 (]: On test.pulse_transform.unique_stg_crypto_id.a906923065: ROLLBACK
[0m19:43:30.005191 [debug] [Thread-1 (]: On test.pulse_transform.unique_stg_crypto_id.a906923065: Close
[0m19:43:30.006191 [info ] [Thread-1 (]: 6 of 22 PASS unique_stg_crypto_id .............................................. [[32mPASS[0m in 0.05s]
[0m19:43:30.006692 [debug] [Thread-1 (]: Finished running node test.pulse_transform.unique_stg_crypto_id.a906923065
[0m19:43:30.006692 [debug] [Thread-1 (]: Began running node test.pulse_transform.not_null_stg_sports_away_score.8a079e60bc
[0m19:43:30.007192 [info ] [Thread-1 (]: 7 of 22 START test not_null_stg_sports_away_score .............................. [RUN]
[0m19:43:30.007192 [debug] [Thread-1 (]: Re-using an available connection from the pool (formerly test.pulse_transform.unique_stg_crypto_id.a906923065, now test.pulse_transform.not_null_stg_sports_away_score.8a079e60bc)
[0m19:43:30.007192 [debug] [Thread-1 (]: Began compiling node test.pulse_transform.not_null_stg_sports_away_score.8a079e60bc
[0m19:43:30.083457 [debug] [Thread-1 (]: Writing injected SQL for node "test.pulse_transform.not_null_stg_sports_away_score.8a079e60bc"
[0m19:43:30.084963 [debug] [Thread-1 (]: Began executing node test.pulse_transform.not_null_stg_sports_away_score.8a079e60bc
[0m19:43:30.086972 [debug] [Thread-1 (]: Writing runtime sql for node "test.pulse_transform.not_null_stg_sports_away_score.8a079e60bc"
[0m19:43:30.088472 [debug] [Thread-1 (]: Using postgres connection "test.pulse_transform.not_null_stg_sports_away_score.8a079e60bc"
[0m19:43:30.088972 [debug] [Thread-1 (]: On test.pulse_transform.not_null_stg_sports_away_score.8a079e60bc: /* {"app": "dbt", "dbt_version": "1.12.0", "profile_name": "pulse_transform_profile", "target_name": "dev", "node_id": "test.pulse_transform.not_null_stg_sports_away_score.8a079e60bc"} */

    
    select
      count(*) as failures,
      count(*) != 0 as should_warn,
      count(*) != 0 as should_error
    from (
      
    
  
    
    



select away_score
from "pulse"."public_public"."stg_sports"
where away_score is null



  
  
      
    ) dbt_internal_test
[0m19:43:30.089472 [debug] [Thread-1 (]: Opening a new connection, currently in state closed
[0m19:43:30.123053 [debug] [Thread-1 (]: SQL status: SELECT 1 in 0.034 seconds
[0m19:43:30.124553 [debug] [Thread-1 (]: On test.pulse_transform.not_null_stg_sports_away_score.8a079e60bc: ROLLBACK
[0m19:43:30.125052 [debug] [Thread-1 (]: On test.pulse_transform.not_null_stg_sports_away_score.8a079e60bc: Close
[0m19:43:30.125554 [info ] [Thread-1 (]: 7 of 22 PASS not_null_stg_sports_away_score .................................... [[32mPASS[0m in 0.12s]
[0m19:43:30.126052 [debug] [Thread-1 (]: Finished running node test.pulse_transform.not_null_stg_sports_away_score.8a079e60bc
[0m19:43:30.126052 [debug] [Thread-1 (]: Began running node test.pulse_transform.not_null_stg_sports_away_team.cfb7ffdcd4
[0m19:43:30.126551 [info ] [Thread-1 (]: 8 of 22 START test not_null_stg_sports_away_team ............................... [RUN]
[0m19:43:30.127052 [debug] [Thread-1 (]: Re-using an available connection from the pool (formerly test.pulse_transform.not_null_stg_sports_away_score.8a079e60bc, now test.pulse_transform.not_null_stg_sports_away_team.cfb7ffdcd4)
[0m19:43:30.127052 [debug] [Thread-1 (]: Began compiling node test.pulse_transform.not_null_stg_sports_away_team.cfb7ffdcd4
[0m19:43:30.132064 [debug] [Thread-1 (]: Writing injected SQL for node "test.pulse_transform.not_null_stg_sports_away_team.cfb7ffdcd4"
[0m19:43:30.133061 [debug] [Thread-1 (]: Began executing node test.pulse_transform.not_null_stg_sports_away_team.cfb7ffdcd4
[0m19:43:30.134574 [debug] [Thread-1 (]: Writing runtime sql for node "test.pulse_transform.not_null_stg_sports_away_team.cfb7ffdcd4"
[0m19:43:30.136072 [debug] [Thread-1 (]: Using postgres connection "test.pulse_transform.not_null_stg_sports_away_team.cfb7ffdcd4"
[0m19:43:30.136072 [debug] [Thread-1 (]: On test.pulse_transform.not_null_stg_sports_away_team.cfb7ffdcd4: /* {"app": "dbt", "dbt_version": "1.12.0", "profile_name": "pulse_transform_profile", "target_name": "dev", "node_id": "test.pulse_transform.not_null_stg_sports_away_team.cfb7ffdcd4"} */

    
    select
      count(*) as failures,
      count(*) != 0 as should_warn,
      count(*) != 0 as should_error
    from (
      
    
  
    
    



select away_team
from "pulse"."public_public"."stg_sports"
where away_team is null



  
  
      
    ) dbt_internal_test
[0m19:43:30.136574 [debug] [Thread-1 (]: Opening a new connection, currently in state closed
[0m19:43:30.166620 [debug] [Thread-1 (]: SQL status: SELECT 1 in 0.030 seconds
[0m19:43:30.168120 [debug] [Thread-1 (]: On test.pulse_transform.not_null_stg_sports_away_team.cfb7ffdcd4: ROLLBACK
[0m19:43:30.168620 [debug] [Thread-1 (]: On test.pulse_transform.not_null_stg_sports_away_team.cfb7ffdcd4: Close
[0m19:43:30.169121 [info ] [Thread-1 (]: 8 of 22 PASS not_null_stg_sports_away_team ..................................... [[32mPASS[0m in 0.04s]
[0m19:43:30.170124 [debug] [Thread-1 (]: Finished running node test.pulse_transform.not_null_stg_sports_away_team.cfb7ffdcd4
[0m19:43:30.170630 [debug] [Thread-1 (]: Began running node test.pulse_transform.not_null_stg_sports_game_date.7a0e7af6c4
[0m19:43:30.171130 [info ] [Thread-1 (]: 9 of 22 START test not_null_stg_sports_game_date ............................... [RUN]
[0m19:43:30.171130 [debug] [Thread-1 (]: Re-using an available connection from the pool (formerly test.pulse_transform.not_null_stg_sports_away_team.cfb7ffdcd4, now test.pulse_transform.not_null_stg_sports_game_date.7a0e7af6c4)
[0m19:43:30.171631 [debug] [Thread-1 (]: Began compiling node test.pulse_transform.not_null_stg_sports_game_date.7a0e7af6c4
[0m19:43:30.177643 [debug] [Thread-1 (]: Writing injected SQL for node "test.pulse_transform.not_null_stg_sports_game_date.7a0e7af6c4"
[0m19:43:30.178641 [debug] [Thread-1 (]: Began executing node test.pulse_transform.not_null_stg_sports_game_date.7a0e7af6c4
[0m19:43:30.179142 [debug] [Thread-1 (]: Writing runtime sql for node "test.pulse_transform.not_null_stg_sports_game_date.7a0e7af6c4"
[0m19:43:30.180653 [debug] [Thread-1 (]: Using postgres connection "test.pulse_transform.not_null_stg_sports_game_date.7a0e7af6c4"
[0m19:43:30.181153 [debug] [Thread-1 (]: On test.pulse_transform.not_null_stg_sports_game_date.7a0e7af6c4: /* {"app": "dbt", "dbt_version": "1.12.0", "profile_name": "pulse_transform_profile", "target_name": "dev", "node_id": "test.pulse_transform.not_null_stg_sports_game_date.7a0e7af6c4"} */

    
    select
      count(*) as failures,
      count(*) != 0 as should_warn,
      count(*) != 0 as should_error
    from (
      
    
  
    
    



select game_date
from "pulse"."public_public"."stg_sports"
where game_date is null



  
  
      
    ) dbt_internal_test
[0m19:43:30.181652 [debug] [Thread-1 (]: Opening a new connection, currently in state closed
[0m19:43:30.212702 [debug] [Thread-1 (]: SQL status: SELECT 1 in 0.031 seconds
[0m19:43:30.214202 [debug] [Thread-1 (]: On test.pulse_transform.not_null_stg_sports_game_date.7a0e7af6c4: ROLLBACK
[0m19:43:30.215203 [debug] [Thread-1 (]: On test.pulse_transform.not_null_stg_sports_game_date.7a0e7af6c4: Close
[0m19:43:30.215703 [info ] [Thread-1 (]: 9 of 22 PASS not_null_stg_sports_game_date ..................................... [[32mPASS[0m in 0.04s]
[0m19:43:30.216202 [debug] [Thread-1 (]: Finished running node test.pulse_transform.not_null_stg_sports_game_date.7a0e7af6c4
[0m19:43:30.216702 [debug] [Thread-1 (]: Began running node test.pulse_transform.not_null_stg_sports_home_score.e8726cdba9
[0m19:43:30.217202 [info ] [Thread-1 (]: 10 of 22 START test not_null_stg_sports_home_score ............................. [RUN]
[0m19:43:30.217702 [debug] [Thread-1 (]: Re-using an available connection from the pool (formerly test.pulse_transform.not_null_stg_sports_game_date.7a0e7af6c4, now test.pulse_transform.not_null_stg_sports_home_score.e8726cdba9)
[0m19:43:30.218203 [debug] [Thread-1 (]: Began compiling node test.pulse_transform.not_null_stg_sports_home_score.e8726cdba9
[0m19:43:30.223711 [debug] [Thread-1 (]: Writing injected SQL for node "test.pulse_transform.not_null_stg_sports_home_score.e8726cdba9"
[0m19:43:30.225220 [debug] [Thread-1 (]: Began executing node test.pulse_transform.not_null_stg_sports_home_score.e8726cdba9
[0m19:43:30.226220 [debug] [Thread-1 (]: Writing runtime sql for node "test.pulse_transform.not_null_stg_sports_home_score.e8726cdba9"
[0m19:43:30.227720 [debug] [Thread-1 (]: Using postgres connection "test.pulse_transform.not_null_stg_sports_home_score.e8726cdba9"
[0m19:43:30.227720 [debug] [Thread-1 (]: On test.pulse_transform.not_null_stg_sports_home_score.e8726cdba9: /* {"app": "dbt", "dbt_version": "1.12.0", "profile_name": "pulse_transform_profile", "target_name": "dev", "node_id": "test.pulse_transform.not_null_stg_sports_home_score.e8726cdba9"} */

    
    select
      count(*) as failures,
      count(*) != 0 as should_warn,
      count(*) != 0 as should_error
    from (
      
    
  
    
    



select home_score
from "pulse"."public_public"."stg_sports"
where home_score is null



  
  
      
    ) dbt_internal_test
[0m19:43:30.228220 [debug] [Thread-1 (]: Opening a new connection, currently in state closed
[0m19:43:30.261266 [debug] [Thread-1 (]: SQL status: SELECT 1 in 0.033 seconds
[0m19:43:30.263266 [debug] [Thread-1 (]: On test.pulse_transform.not_null_stg_sports_home_score.e8726cdba9: ROLLBACK
[0m19:43:30.263767 [debug] [Thread-1 (]: On test.pulse_transform.not_null_stg_sports_home_score.e8726cdba9: Close
[0m19:43:30.264772 [info ] [Thread-1 (]: 10 of 22 PASS not_null_stg_sports_home_score ................................... [[32mPASS[0m in 0.05s]
[0m19:43:30.265277 [debug] [Thread-1 (]: Finished running node test.pulse_transform.not_null_stg_sports_home_score.e8726cdba9
[0m19:43:30.265777 [debug] [Thread-1 (]: Began running node test.pulse_transform.not_null_stg_sports_home_team.9d8def7714
[0m19:43:30.265777 [info ] [Thread-1 (]: 11 of 22 START test not_null_stg_sports_home_team .............................. [RUN]
[0m19:43:30.266277 [debug] [Thread-1 (]: Re-using an available connection from the pool (formerly test.pulse_transform.not_null_stg_sports_home_score.e8726cdba9, now test.pulse_transform.not_null_stg_sports_home_team.9d8def7714)
[0m19:43:30.266776 [debug] [Thread-1 (]: Began compiling node test.pulse_transform.not_null_stg_sports_home_team.9d8def7714
[0m19:43:30.272287 [debug] [Thread-1 (]: Writing injected SQL for node "test.pulse_transform.not_null_stg_sports_home_team.9d8def7714"
[0m19:43:30.273286 [debug] [Thread-1 (]: Began executing node test.pulse_transform.not_null_stg_sports_home_team.9d8def7714
[0m19:43:30.275298 [debug] [Thread-1 (]: Writing runtime sql for node "test.pulse_transform.not_null_stg_sports_home_team.9d8def7714"
[0m19:43:30.276797 [debug] [Thread-1 (]: Using postgres connection "test.pulse_transform.not_null_stg_sports_home_team.9d8def7714"
[0m19:43:30.276797 [debug] [Thread-1 (]: On test.pulse_transform.not_null_stg_sports_home_team.9d8def7714: /* {"app": "dbt", "dbt_version": "1.12.0", "profile_name": "pulse_transform_profile", "target_name": "dev", "node_id": "test.pulse_transform.not_null_stg_sports_home_team.9d8def7714"} */

    
    select
      count(*) as failures,
      count(*) != 0 as should_warn,
      count(*) != 0 as should_error
    from (
      
    
  
    
    



select home_team
from "pulse"."public_public"."stg_sports"
where home_team is null



  
  
      
    ) dbt_internal_test
[0m19:43:30.277297 [debug] [Thread-1 (]: Opening a new connection, currently in state closed
[0m19:43:30.424333 [debug] [Thread-1 (]: SQL status: SELECT 1 in 0.147 seconds
[0m19:43:30.425842 [debug] [Thread-1 (]: On test.pulse_transform.not_null_stg_sports_home_team.9d8def7714: ROLLBACK
[0m19:43:30.426841 [debug] [Thread-1 (]: On test.pulse_transform.not_null_stg_sports_home_team.9d8def7714: Close
[0m19:43:30.427342 [info ] [Thread-1 (]: 11 of 22 PASS not_null_stg_sports_home_team .................................... [[32mPASS[0m in 0.16s]
[0m19:43:30.427841 [debug] [Thread-1 (]: Finished running node test.pulse_transform.not_null_stg_sports_home_team.9d8def7714
[0m19:43:30.428342 [debug] [Thread-1 (]: Began running node test.pulse_transform.not_null_stg_sports_id.a70dda288b
[0m19:43:30.428342 [info ] [Thread-1 (]: 12 of 22 START test not_null_stg_sports_id ..................................... [RUN]
[0m19:43:30.428842 [debug] [Thread-1 (]: Re-using an available connection from the pool (formerly test.pulse_transform.not_null_stg_sports_home_team.9d8def7714, now test.pulse_transform.not_null_stg_sports_id.a70dda288b)
[0m19:43:30.429343 [debug] [Thread-1 (]: Began compiling node test.pulse_transform.not_null_stg_sports_id.a70dda288b
[0m19:43:30.434858 [debug] [Thread-1 (]: Writing injected SQL for node "test.pulse_transform.not_null_stg_sports_id.a70dda288b"
[0m19:43:30.435863 [debug] [Thread-1 (]: Began executing node test.pulse_transform.not_null_stg_sports_id.a70dda288b
[0m19:43:30.437363 [debug] [Thread-1 (]: Writing runtime sql for node "test.pulse_transform.not_null_stg_sports_id.a70dda288b"
[0m19:43:30.438364 [debug] [Thread-1 (]: Using postgres connection "test.pulse_transform.not_null_stg_sports_id.a70dda288b"
[0m19:43:30.438364 [debug] [Thread-1 (]: On test.pulse_transform.not_null_stg_sports_id.a70dda288b: /* {"app": "dbt", "dbt_version": "1.12.0", "profile_name": "pulse_transform_profile", "target_name": "dev", "node_id": "test.pulse_transform.not_null_stg_sports_id.a70dda288b"} */

    
    select
      count(*) as failures,
      count(*) != 0 as should_warn,
      count(*) != 0 as should_error
    from (
      
    
  
    
    



select id
from "pulse"."public_public"."stg_sports"
where id is null



  
  
      
    ) dbt_internal_test
[0m19:43:30.438864 [debug] [Thread-1 (]: Opening a new connection, currently in state closed
[0m19:43:30.468909 [debug] [Thread-1 (]: SQL status: SELECT 1 in 0.030 seconds
[0m19:43:30.470410 [debug] [Thread-1 (]: On test.pulse_transform.not_null_stg_sports_id.a70dda288b: ROLLBACK
[0m19:43:30.470915 [debug] [Thread-1 (]: On test.pulse_transform.not_null_stg_sports_id.a70dda288b: Close
[0m19:43:30.471417 [info ] [Thread-1 (]: 12 of 22 PASS not_null_stg_sports_id ........................................... [[32mPASS[0m in 0.04s]
[0m19:43:30.471915 [debug] [Thread-1 (]: Finished running node test.pulse_transform.not_null_stg_sports_id.a70dda288b
[0m19:43:30.472383 [debug] [Thread-1 (]: Began running node test.pulse_transform.accepted_values_stg_weather_condition__clear__mainly_clear__partly_cloudy__overcast__fog__depositing_rime_fog__drizzle_light__drizzle_moderate__drizzle_dense__freezing_drizzle_light__freezing_drizzle_dense__rain_slight__rain_moderate__rain_heavy__freezing_rain_light__freezing_rain_heavy__snow_fall_slight__snow_fall_moderate__snow_fall_heavy__snow_grains__rain_showers_slight__rain_showers_moderate__rain_showers_violent__snow_showers_slight__snow_showers_heavy__thunderstorm_slight_or_moderate__thunderstorm_hail_slight__thunderstorm_hail_heavy__unknown.49df99636f
[0m19:43:30.472889 [info ] [Thread-1 (]: 13 of 22 START test accepted_values_stg_weather_condition__clear__mainly_clear__partly_cloudy__overcast__fog__depositing_rime_fog__drizzle_light__drizzle_moderate__drizzle_dense__freezing_drizzle_light__freezing_drizzle_dense__rain_slight__rain_moderate__rain_heavy__freezing_rain_light__freezing_rain_heavy__snow_fall_slight__snow_fall_moderate__snow_fall_heavy__snow_grains__rain_showers_slight__rain_showers_moderate__rain_showers_violent__snow_showers_slight__snow_showers_heavy__thunderstorm_slight_or_moderate__thunderstorm_hail_slight__thunderstorm_hail_heavy__unknown  [RUN]
[0m19:43:30.473388 [debug] [Thread-1 (]: Re-using an available connection from the pool (formerly test.pulse_transform.not_null_stg_sports_id.a70dda288b, now test.pulse_transform.accepted_values_stg_weather_condition__clear__mainly_clear__partly_cloudy__overcast__fog__depositing_rime_fog__drizzle_light__drizzle_moderate__drizzle_dense__freezing_drizzle_light__freezing_drizzle_dense__rain_slight__rain_moderate__rain_heavy__freezing_rain_light__freezing_rain_heavy__snow_fall_slight__snow_fall_moderate__snow_fall_heavy__snow_grains__rain_showers_slight__rain_showers_moderate__rain_showers_violent__snow_showers_slight__snow_showers_heavy__thunderstorm_slight_or_moderate__thunderstorm_hail_slight__thunderstorm_hail_heavy__unknown.49df99636f)
[0m19:43:30.473388 [debug] [Thread-1 (]: Began compiling node test.pulse_transform.accepted_values_stg_weather_condition__clear__mainly_clear__partly_cloudy__overcast__fog__depositing_rime_fog__drizzle_light__drizzle_moderate__drizzle_dense__freezing_drizzle_light__freezing_drizzle_dense__rain_slight__rain_moderate__rain_heavy__freezing_rain_light__freezing_rain_heavy__snow_fall_slight__snow_fall_moderate__snow_fall_heavy__snow_grains__rain_showers_slight__rain_showers_moderate__rain_showers_violent__snow_showers_slight__snow_showers_heavy__thunderstorm_slight_or_moderate__thunderstorm_hail_slight__thunderstorm_hail_heavy__unknown.49df99636f
[0m19:43:30.578621 [debug] [Thread-1 (]: Writing injected SQL for node "test.pulse_transform.accepted_values_stg_weather_condition__clear__mainly_clear__partly_cloudy__overcast__fog__depositing_rime_fog__drizzle_light__drizzle_moderate__drizzle_dense__freezing_drizzle_light__freezing_drizzle_dense__rain_slight__rain_moderate__rain_heavy__freezing_rain_light__freezing_rain_heavy__snow_fall_slight__snow_fall_moderate__snow_fall_heavy__snow_grains__rain_showers_slight__rain_showers_moderate__rain_showers_violent__snow_showers_slight__snow_showers_heavy__thunderstorm_slight_or_moderate__thunderstorm_hail_slight__thunderstorm_hail_heavy__unknown.49df99636f"
[0m19:43:30.579118 [debug] [Thread-1 (]: Began executing node test.pulse_transform.accepted_values_stg_weather_condition__clear__mainly_clear__partly_cloudy__overcast__fog__depositing_rime_fog__drizzle_light__drizzle_moderate__drizzle_dense__freezing_drizzle_light__freezing_drizzle_dense__rain_slight__rain_moderate__rain_heavy__freezing_rain_light__freezing_rain_heavy__snow_fall_slight__snow_fall_moderate__snow_fall_heavy__snow_grains__rain_showers_slight__rain_showers_moderate__rain_showers_violent__snow_showers_slight__snow_showers_heavy__thunderstorm_slight_or_moderate__thunderstorm_hail_slight__thunderstorm_hail_heavy__unknown.49df99636f
[0m19:43:30.581632 [debug] [Thread-1 (]: Writing runtime sql for node "test.pulse_transform.accepted_values_stg_weather_condition__clear__mainly_clear__partly_cloudy__overcast__fog__depositing_rime_fog__drizzle_light__drizzle_moderate__drizzle_dense__freezing_drizzle_light__freezing_drizzle_dense__rain_slight__rain_moderate__rain_heavy__freezing_rain_light__freezing_rain_heavy__snow_fall_slight__snow_fall_moderate__snow_fall_heavy__snow_grains__rain_showers_slight__rain_showers_moderate__rain_showers_violent__snow_showers_slight__snow_showers_heavy__thunderstorm_slight_or_moderate__thunderstorm_hail_slight__thunderstorm_hail_heavy__unknown.49df99636f"
[0m19:43:30.582497 [debug] [Thread-1 (]: Using postgres connection "test.pulse_transform.accepted_values_stg_weather_condition__clear__mainly_clear__partly_cloudy__overcast__fog__depositing_rime_fog__drizzle_light__drizzle_moderate__drizzle_dense__freezing_drizzle_light__freezing_drizzle_dense__rain_slight__rain_moderate__rain_heavy__freezing_rain_light__freezing_rain_heavy__snow_fall_slight__snow_fall_moderate__snow_fall_heavy__snow_grains__rain_showers_slight__rain_showers_moderate__rain_showers_violent__snow_showers_slight__snow_showers_heavy__thunderstorm_slight_or_moderate__thunderstorm_hail_slight__thunderstorm_hail_heavy__unknown.49df99636f"
[0m19:43:30.583002 [debug] [Thread-1 (]: On test.pulse_transform.accepted_values_stg_weather_condition__clear__mainly_clear__partly_cloudy__overcast__fog__depositing_rime_fog__drizzle_light__drizzle_moderate__drizzle_dense__freezing_drizzle_light__freezing_drizzle_dense__rain_slight__rain_moderate__rain_heavy__freezing_rain_light__freezing_rain_heavy__snow_fall_slight__snow_fall_moderate__snow_fall_heavy__snow_grains__rain_showers_slight__rain_showers_moderate__rain_showers_violent__snow_showers_slight__snow_showers_heavy__thunderstorm_slight_or_moderate__thunderstorm_hail_slight__thunderstorm_hail_heavy__unknown.49df99636f: /* {"app": "dbt", "dbt_version": "1.12.0", "profile_name": "pulse_transform_profile", "target_name": "dev", "node_id": "test.pulse_transform.accepted_values_stg_weather_condition__clear__mainly_clear__partly_cloudy__overcast__fog__depositing_rime_fog__drizzle_light__drizzle_moderate__drizzle_dense__freezing_drizzle_light__freezing_drizzle_dense__rain_slight__rain_moderate__rain_heavy__freezing_rain_light__freezing_rain_heavy__snow_fall_slight__snow_fall_moderate__snow_fall_heavy__snow_grains__rain_showers_slight__rain_showers_moderate__rain_showers_violent__snow_showers_slight__snow_showers_heavy__thunderstorm_slight_or_moderate__thunderstorm_hail_slight__thunderstorm_hail_heavy__unknown.49df99636f"} */

    
    select
      count(*) as failures,
      count(*) != 0 as should_warn,
      count(*) != 0 as should_error
    from (
      
    
  
    
    

with all_values as (

    select
        condition as value_field,
        count(*) as n_records

    from "pulse"."public_public"."stg_weather"
    group by condition

)

select *
from all_values
where value_field not in (
    'clear','mainly_clear','partly_cloudy','overcast','fog','depositing_rime_fog','drizzle_light','drizzle_moderate','drizzle_dense','freezing_drizzle_light','freezing_drizzle_dense','rain_slight','rain_moderate','rain_heavy','freezing_rain_light','freezing_rain_heavy','snow_fall_slight','snow_fall_moderate','snow_fall_heavy','snow_grains','rain_showers_slight','rain_showers_moderate','rain_showers_violent','snow_showers_slight','snow_showers_heavy','thunderstorm_slight_or_moderate','thunderstorm_hail_slight','thunderstorm_hail_heavy','unknown'
)



  
  
      
    ) dbt_internal_test
[0m19:43:30.583501 [debug] [Thread-1 (]: Opening a new connection, currently in state closed
[0m19:43:30.616046 [debug] [Thread-1 (]: SQL status: SELECT 1 in 0.033 seconds
[0m19:43:30.617545 [debug] [Thread-1 (]: On test.pulse_transform.accepted_values_stg_weather_condition__clear__mainly_clear__partly_cloudy__overcast__fog__depositing_rime_fog__drizzle_light__drizzle_moderate__drizzle_dense__freezing_drizzle_light__freezing_drizzle_dense__rain_slight__rain_moderate__rain_heavy__freezing_rain_light__freezing_rain_heavy__snow_fall_slight__snow_fall_moderate__snow_fall_heavy__snow_grains__rain_showers_slight__rain_showers_moderate__rain_showers_violent__snow_showers_slight__snow_showers_heavy__thunderstorm_slight_or_moderate__thunderstorm_hail_slight__thunderstorm_hail_heavy__unknown.49df99636f: ROLLBACK
[0m19:43:30.618046 [debug] [Thread-1 (]: On test.pulse_transform.accepted_values_stg_weather_condition__clear__mainly_clear__partly_cloudy__overcast__fog__depositing_rime_fog__drizzle_light__drizzle_moderate__drizzle_dense__freezing_drizzle_light__freezing_drizzle_dense__rain_slight__rain_moderate__rain_heavy__freezing_rain_light__freezing_rain_heavy__snow_fall_slight__snow_fall_moderate__snow_fall_heavy__snow_grains__rain_showers_slight__rain_showers_moderate__rain_showers_violent__snow_showers_slight__snow_showers_heavy__thunderstorm_slight_or_moderate__thunderstorm_hail_slight__thunderstorm_hail_heavy__unknown.49df99636f: Close
[0m19:43:30.619045 [info ] [Thread-1 (]: 13 of 22 PASS accepted_values_stg_weather_condition__clear__mainly_clear__partly_cloudy__overcast__fog__depositing_rime_fog__drizzle_light__drizzle_moderate__drizzle_dense__freezing_drizzle_light__freezing_drizzle_dense__rain_slight__rain_moderate__rain_heavy__freezing_rain_light__freezing_rain_heavy__snow_fall_slight__snow_fall_moderate__snow_fall_heavy__snow_grains__rain_showers_slight__rain_showers_moderate__rain_showers_violent__snow_showers_slight__snow_showers_heavy__thunderstorm_slight_or_moderate__thunderstorm_hail_slight__thunderstorm_hail_heavy__unknown  [[32mPASS[0m in 0.15s]
[0m19:43:30.619045 [debug] [Thread-1 (]: Finished running node test.pulse_transform.accepted_values_stg_weather_condition__clear__mainly_clear__partly_cloudy__overcast__fog__depositing_rime_fog__drizzle_light__drizzle_moderate__drizzle_dense__freezing_drizzle_light__freezing_drizzle_dense__rain_slight__rain_moderate__rain_heavy__freezing_rain_light__freezing_rain_heavy__snow_fall_slight__snow_fall_moderate__snow_fall_heavy__snow_grains__rain_showers_slight__rain_showers_moderate__rain_showers_violent__snow_showers_slight__snow_showers_heavy__thunderstorm_slight_or_moderate__thunderstorm_hail_slight__thunderstorm_hail_heavy__unknown.49df99636f
[0m19:43:30.620049 [debug] [Thread-1 (]: Began running node test.pulse_transform.not_null_stg_weather_city.c03e0c0127
[0m19:43:30.620049 [info ] [Thread-1 (]: 14 of 22 START test not_null_stg_weather_city .................................. [RUN]
[0m19:43:30.620553 [debug] [Thread-1 (]: Re-using an available connection from the pool (formerly test.pulse_transform.accepted_values_stg_weather_condition__clear__mainly_clear__partly_cloudy__overcast__fog__depositing_rime_fog__drizzle_light__drizzle_moderate__drizzle_dense__freezing_drizzle_light__freezing_drizzle_dense__rain_slight__rain_moderate__rain_heavy__freezing_rain_light__freezing_rain_heavy__snow_fall_slight__snow_fall_moderate__snow_fall_heavy__snow_grains__rain_showers_slight__rain_showers_moderate__rain_showers_violent__snow_showers_slight__snow_showers_heavy__thunderstorm_slight_or_moderate__thunderstorm_hail_slight__thunderstorm_hail_heavy__unknown.49df99636f, now test.pulse_transform.not_null_stg_weather_city.c03e0c0127)
[0m19:43:30.621053 [debug] [Thread-1 (]: Began compiling node test.pulse_transform.not_null_stg_weather_city.c03e0c0127
[0m19:43:30.626564 [debug] [Thread-1 (]: Writing injected SQL for node "test.pulse_transform.not_null_stg_weather_city.c03e0c0127"
[0m19:43:30.627563 [debug] [Thread-1 (]: Began executing node test.pulse_transform.not_null_stg_weather_city.c03e0c0127
[0m19:43:30.629065 [debug] [Thread-1 (]: Writing runtime sql for node "test.pulse_transform.not_null_stg_weather_city.c03e0c0127"
[0m19:43:30.630106 [debug] [Thread-1 (]: Using postgres connection "test.pulse_transform.not_null_stg_weather_city.c03e0c0127"
[0m19:43:30.630612 [debug] [Thread-1 (]: On test.pulse_transform.not_null_stg_weather_city.c03e0c0127: /* {"app": "dbt", "dbt_version": "1.12.0", "profile_name": "pulse_transform_profile", "target_name": "dev", "node_id": "test.pulse_transform.not_null_stg_weather_city.c03e0c0127"} */

    
    select
      count(*) as failures,
      count(*) != 0 as should_warn,
      count(*) != 0 as should_error
    from (
      
    
  
    
    



select city
from "pulse"."public_public"."stg_weather"
where city is null



  
  
      
    ) dbt_internal_test
[0m19:43:30.631113 [debug] [Thread-1 (]: Opening a new connection, currently in state closed
[0m19:43:30.665173 [debug] [Thread-1 (]: SQL status: SELECT 1 in 0.034 seconds
[0m19:43:30.666676 [debug] [Thread-1 (]: On test.pulse_transform.not_null_stg_weather_city.c03e0c0127: ROLLBACK
[0m19:43:30.667174 [debug] [Thread-1 (]: On test.pulse_transform.not_null_stg_weather_city.c03e0c0127: Close
[0m19:43:30.668174 [info ] [Thread-1 (]: 14 of 22 PASS not_null_stg_weather_city ........................................ [[32mPASS[0m in 0.05s]
[0m19:43:30.668674 [debug] [Thread-1 (]: Finished running node test.pulse_transform.not_null_stg_weather_city.c03e0c0127
[0m19:43:30.669174 [debug] [Thread-1 (]: Began running node test.pulse_transform.not_null_stg_weather_condition.0c9e947318
[0m19:43:30.669174 [info ] [Thread-1 (]: 15 of 22 START test not_null_stg_weather_condition ............................. [RUN]
[0m19:43:30.670179 [debug] [Thread-1 (]: Re-using an available connection from the pool (formerly test.pulse_transform.not_null_stg_weather_city.c03e0c0127, now test.pulse_transform.not_null_stg_weather_condition.0c9e947318)
[0m19:43:30.670179 [debug] [Thread-1 (]: Began compiling node test.pulse_transform.not_null_stg_weather_condition.0c9e947318
[0m19:43:30.675684 [debug] [Thread-1 (]: Writing injected SQL for node "test.pulse_transform.not_null_stg_weather_condition.0c9e947318"
[0m19:43:30.676684 [debug] [Thread-1 (]: Began executing node test.pulse_transform.not_null_stg_weather_condition.0c9e947318
[0m19:43:30.677684 [debug] [Thread-1 (]: Writing runtime sql for node "test.pulse_transform.not_null_stg_weather_condition.0c9e947318"
[0m19:43:30.678684 [debug] [Thread-1 (]: Using postgres connection "test.pulse_transform.not_null_stg_weather_condition.0c9e947318"
[0m19:43:30.679183 [debug] [Thread-1 (]: On test.pulse_transform.not_null_stg_weather_condition.0c9e947318: /* {"app": "dbt", "dbt_version": "1.12.0", "profile_name": "pulse_transform_profile", "target_name": "dev", "node_id": "test.pulse_transform.not_null_stg_weather_condition.0c9e947318"} */

    
    select
      count(*) as failures,
      count(*) != 0 as should_warn,
      count(*) != 0 as should_error
    from (
      
    
  
    
    



select condition
from "pulse"."public_public"."stg_weather"
where condition is null



  
  
      
    ) dbt_internal_test
[0m19:43:30.679183 [debug] [Thread-1 (]: Opening a new connection, currently in state closed
[0m19:43:30.712154 [debug] [Thread-1 (]: SQL status: SELECT 1 in 0.033 seconds
[0m19:43:30.713241 [debug] [Thread-1 (]: On test.pulse_transform.not_null_stg_weather_condition.0c9e947318: ROLLBACK
[0m19:43:30.714245 [debug] [Thread-1 (]: On test.pulse_transform.not_null_stg_weather_condition.0c9e947318: Close
[0m19:43:30.714751 [info ] [Thread-1 (]: 15 of 22 PASS not_null_stg_weather_condition ................................... [[32mPASS[0m in 0.05s]
[0m19:43:30.715250 [debug] [Thread-1 (]: Finished running node test.pulse_transform.not_null_stg_weather_condition.0c9e947318
[0m19:43:30.715750 [debug] [Thread-1 (]: Began running node test.pulse_transform.not_null_stg_weather_id.0e1828fa23
[0m19:43:30.716251 [info ] [Thread-1 (]: 16 of 22 START test not_null_stg_weather_id .................................... [RUN]
[0m19:43:30.716750 [debug] [Thread-1 (]: Re-using an available connection from the pool (formerly test.pulse_transform.not_null_stg_weather_condition.0c9e947318, now test.pulse_transform.not_null_stg_weather_id.0e1828fa23)
[0m19:43:30.716750 [debug] [Thread-1 (]: Began compiling node test.pulse_transform.not_null_stg_weather_id.0e1828fa23
[0m19:43:30.722759 [debug] [Thread-1 (]: Writing injected SQL for node "test.pulse_transform.not_null_stg_weather_id.0e1828fa23"
[0m19:43:30.723759 [debug] [Thread-1 (]: Began executing node test.pulse_transform.not_null_stg_weather_id.0e1828fa23
[0m19:43:30.725258 [debug] [Thread-1 (]: Writing runtime sql for node "test.pulse_transform.not_null_stg_weather_id.0e1828fa23"
[0m19:43:30.726259 [debug] [Thread-1 (]: Using postgres connection "test.pulse_transform.not_null_stg_weather_id.0e1828fa23"
[0m19:43:30.726760 [debug] [Thread-1 (]: On test.pulse_transform.not_null_stg_weather_id.0e1828fa23: /* {"app": "dbt", "dbt_version": "1.12.0", "profile_name": "pulse_transform_profile", "target_name": "dev", "node_id": "test.pulse_transform.not_null_stg_weather_id.0e1828fa23"} */

    
    select
      count(*) as failures,
      count(*) != 0 as should_warn,
      count(*) != 0 as should_error
    from (
      
    
  
    
    



select id
from "pulse"."public_public"."stg_weather"
where id is null



  
  
      
    ) dbt_internal_test
[0m19:43:30.726760 [debug] [Thread-1 (]: Opening a new connection, currently in state closed
[0m19:43:30.757326 [debug] [Thread-1 (]: SQL status: SELECT 1 in 0.030 seconds
[0m19:43:30.758826 [debug] [Thread-1 (]: On test.pulse_transform.not_null_stg_weather_id.0e1828fa23: ROLLBACK
[0m19:43:30.759325 [debug] [Thread-1 (]: On test.pulse_transform.not_null_stg_weather_id.0e1828fa23: Close
[0m19:43:30.759325 [info ] [Thread-1 (]: 16 of 22 PASS not_null_stg_weather_id .......................................... [[32mPASS[0m in 0.04s]
[0m19:43:30.760329 [debug] [Thread-1 (]: Finished running node test.pulse_transform.not_null_stg_weather_id.0e1828fa23
[0m19:43:30.760833 [debug] [Thread-1 (]: Began running node test.pulse_transform.not_null_stg_weather_temperature.fe647a6746
[0m19:43:30.761333 [info ] [Thread-1 (]: 17 of 22 START test not_null_stg_weather_temperature ........................... [RUN]
[0m19:43:30.761835 [debug] [Thread-1 (]: Re-using an available connection from the pool (formerly test.pulse_transform.not_null_stg_weather_id.0e1828fa23, now test.pulse_transform.not_null_stg_weather_temperature.fe647a6746)
[0m19:43:30.762333 [debug] [Thread-1 (]: Began compiling node test.pulse_transform.not_null_stg_weather_temperature.fe647a6746
[0m19:43:30.768345 [debug] [Thread-1 (]: Writing injected SQL for node "test.pulse_transform.not_null_stg_weather_temperature.fe647a6746"
[0m19:43:30.768844 [debug] [Thread-1 (]: Began executing node test.pulse_transform.not_null_stg_weather_temperature.fe647a6746
[0m19:43:30.770347 [debug] [Thread-1 (]: Writing runtime sql for node "test.pulse_transform.not_null_stg_weather_temperature.fe647a6746"
[0m19:43:30.770851 [debug] [Thread-1 (]: Using postgres connection "test.pulse_transform.not_null_stg_weather_temperature.fe647a6746"
[0m19:43:30.771353 [debug] [Thread-1 (]: On test.pulse_transform.not_null_stg_weather_temperature.fe647a6746: /* {"app": "dbt", "dbt_version": "1.12.0", "profile_name": "pulse_transform_profile", "target_name": "dev", "node_id": "test.pulse_transform.not_null_stg_weather_temperature.fe647a6746"} */

    
    select
      count(*) as failures,
      count(*) != 0 as should_warn,
      count(*) != 0 as should_error
    from (
      
    
  
    
    



select temperature
from "pulse"."public_public"."stg_weather"
where temperature is null



  
  
      
    ) dbt_internal_test
[0m19:43:30.771852 [debug] [Thread-1 (]: Opening a new connection, currently in state closed
[0m19:43:30.804409 [debug] [Thread-1 (]: SQL status: SELECT 1 in 0.033 seconds
[0m19:43:30.806417 [debug] [Thread-1 (]: On test.pulse_transform.not_null_stg_weather_temperature.fe647a6746: ROLLBACK
[0m19:43:30.806916 [debug] [Thread-1 (]: On test.pulse_transform.not_null_stg_weather_temperature.fe647a6746: Close
[0m19:43:30.807916 [info ] [Thread-1 (]: 17 of 22 PASS not_null_stg_weather_temperature ................................. [[32mPASS[0m in 0.05s]
[0m19:43:30.808417 [debug] [Thread-1 (]: Finished running node test.pulse_transform.not_null_stg_weather_temperature.fe647a6746
[0m19:43:30.808915 [debug] [Thread-1 (]: Began running node test.pulse_transform.unique_stg_weather_id.c42c665fbe
[0m19:43:30.809416 [info ] [Thread-1 (]: 18 of 22 START test unique_stg_weather_id ...................................... [RUN]
[0m19:43:30.809416 [debug] [Thread-1 (]: Re-using an available connection from the pool (formerly test.pulse_transform.not_null_stg_weather_temperature.fe647a6746, now test.pulse_transform.unique_stg_weather_id.c42c665fbe)
[0m19:43:30.810423 [debug] [Thread-1 (]: Began compiling node test.pulse_transform.unique_stg_weather_id.c42c665fbe
[0m19:43:30.816941 [debug] [Thread-1 (]: Writing injected SQL for node "test.pulse_transform.unique_stg_weather_id.c42c665fbe"
[0m19:43:30.817441 [debug] [Thread-1 (]: Began executing node test.pulse_transform.unique_stg_weather_id.c42c665fbe
[0m19:43:30.819441 [debug] [Thread-1 (]: Writing runtime sql for node "test.pulse_transform.unique_stg_weather_id.c42c665fbe"
[0m19:43:30.820446 [debug] [Thread-1 (]: Using postgres connection "test.pulse_transform.unique_stg_weather_id.c42c665fbe"
[0m19:43:30.820446 [debug] [Thread-1 (]: On test.pulse_transform.unique_stg_weather_id.c42c665fbe: /* {"app": "dbt", "dbt_version": "1.12.0", "profile_name": "pulse_transform_profile", "target_name": "dev", "node_id": "test.pulse_transform.unique_stg_weather_id.c42c665fbe"} */

    
    select
      count(*) as failures,
      count(*) != 0 as should_warn,
      count(*) != 0 as should_error
    from (
      
    
  
    
    

select
    id as unique_field,
    count(*) as n_records

from "pulse"."public_public"."stg_weather"
where id is not null
group by id
having count(*) > 1



  
  
      
    ) dbt_internal_test
[0m19:43:30.820952 [debug] [Thread-1 (]: Opening a new connection, currently in state closed
[0m19:43:30.857027 [debug] [Thread-1 (]: SQL status: SELECT 1 in 0.036 seconds
[0m19:43:30.858528 [debug] [Thread-1 (]: On test.pulse_transform.unique_stg_weather_id.c42c665fbe: ROLLBACK
[0m19:43:30.859028 [debug] [Thread-1 (]: On test.pulse_transform.unique_stg_weather_id.c42c665fbe: Close
[0m19:43:30.859028 [info ] [Thread-1 (]: 18 of 22 PASS unique_stg_weather_id ............................................ [[32mPASS[0m in 0.05s]
[0m19:43:30.860032 [debug] [Thread-1 (]: Finished running node test.pulse_transform.unique_stg_weather_id.c42c665fbe
[0m19:43:30.860537 [debug] [Thread-1 (]: Began running node model.pulse_transform.daily_summary
[0m19:43:30.861038 [info ] [Thread-1 (]: 19 of 22 START sql table model public_public.daily_summary ..................... [RUN]
[0m19:43:30.861537 [debug] [Thread-1 (]: Re-using an available connection from the pool (formerly test.pulse_transform.unique_stg_weather_id.c42c665fbe, now model.pulse_transform.daily_summary)
[0m19:43:30.862038 [debug] [Thread-1 (]: Began compiling node model.pulse_transform.daily_summary
[0m19:43:30.864542 [debug] [Thread-1 (]: Writing injected SQL for node "model.pulse_transform.daily_summary"
[0m19:43:30.865548 [debug] [Thread-1 (]: Began executing node model.pulse_transform.daily_summary
[0m19:43:30.868547 [debug] [Thread-1 (]: Writing runtime sql for node "model.pulse_transform.daily_summary"
[0m19:43:30.869046 [debug] [Thread-1 (]: Using postgres connection "model.pulse_transform.daily_summary"
[0m19:43:30.870050 [debug] [Thread-1 (]: On model.pulse_transform.daily_summary: /* {"app": "dbt", "dbt_version": "1.12.0", "profile_name": "pulse_transform_profile", "target_name": "dev", "node_id": "model.pulse_transform.daily_summary"} */

  
    

  create  table "pulse"."public_public"."daily_summary__dbt_tmp"
  
  
    as
  
  (
    with latest_weather as (
    select
        city,
        temperature,
        condition,
        ingested_at
    from "pulse"."public_public"."stg_weather"
    order by ingested_at desc
    limit 1
),
latest_sports as (
    select
        home_team,
        away_team,
        home_score,
        away_score,
        game_date,
        ingested_at
    from "pulse"."public_public"."stg_sports"
    order by game_date desc
    limit 10
),
top_crypto as (
    select
        coin,
        price_usd,
        ingested_at
    from "pulse"."public_public"."stg_crypto"
    order by price_usd desc
    limit 5
)

select
    w.city as weather_city,
    w.temperature as weather_temperature,
    w.condition as weather_condition,
    w.ingested_at as weather_ingested_at,
    s.home_team,
    s.away_team,
    s.home_score,
    s.away_score,
    s.game_date as sports_game_date,
    s.ingested_at as sports_ingested_at,
    c.coin as crypto_coin,
    c.price_usd as crypto_price_usd,
    c.ingested_at as crypto_ingested_at
from latest_weather w
cross join latest_sports s
cross join top_crypto c
  );
  
[0m19:43:30.870050 [debug] [Thread-1 (]: Opening a new connection, currently in state closed
[0m19:43:30.910562 [debug] [Thread-1 (]: SQL status: SELECT 10 in 0.040 seconds
[0m19:43:30.913062 [debug] [Thread-1 (]: Using postgres connection "model.pulse_transform.daily_summary"
[0m19:43:30.913562 [debug] [Thread-1 (]: On model.pulse_transform.daily_summary: /* {"app": "dbt", "dbt_version": "1.12.0", "profile_name": "pulse_transform_profile", "target_name": "dev", "node_id": "model.pulse_transform.daily_summary"} */
alter table "pulse"."public_public"."daily_summary" rename to "daily_summary__dbt_backup"
[0m19:43:30.914063 [debug] [Thread-1 (]: SQL status: ALTER TABLE in 0.000 seconds
[0m19:43:30.916062 [debug] [Thread-1 (]: Using postgres connection "model.pulse_transform.daily_summary"
[0m19:43:30.916062 [debug] [Thread-1 (]: On model.pulse_transform.daily_summary: /* {"app": "dbt", "dbt_version": "1.12.0", "profile_name": "pulse_transform_profile", "target_name": "dev", "node_id": "model.pulse_transform.daily_summary"} */
alter table "pulse"."public_public"."daily_summary__dbt_tmp" rename to "daily_summary"
[0m19:43:30.917063 [debug] [Thread-1 (]: SQL status: ALTER TABLE in 0.000 seconds
[0m19:43:30.918563 [debug] [Thread-1 (]: On model.pulse_transform.daily_summary: COMMIT
[0m19:43:30.918563 [debug] [Thread-1 (]: Using postgres connection "model.pulse_transform.daily_summary"
[0m19:43:30.918563 [debug] [Thread-1 (]: On model.pulse_transform.daily_summary: COMMIT
[0m19:43:30.920073 [debug] [Thread-1 (]: SQL status: COMMIT in 0.001 seconds
[0m19:43:30.921575 [debug] [Thread-1 (]: Applying DROP to: "pulse"."public_public"."daily_summary__dbt_backup"
[0m19:43:30.922574 [debug] [Thread-1 (]: Using postgres connection "model.pulse_transform.daily_summary"
[0m19:43:30.922574 [debug] [Thread-1 (]: On model.pulse_transform.daily_summary: /* {"app": "dbt", "dbt_version": "1.12.0", "profile_name": "pulse_transform_profile", "target_name": "dev", "node_id": "model.pulse_transform.daily_summary"} */
drop table if exists "pulse"."public_public"."daily_summary__dbt_backup" cascade
[0m19:43:30.926080 [debug] [Thread-1 (]: SQL status: DROP TABLE in 0.003 seconds
[0m19:43:30.927582 [debug] [Thread-1 (]: On model.pulse_transform.daily_summary: Close
[0m19:43:30.928082 [debug] [Thread-1 (]: Sending event: {'category': 'dbt', 'action': 'run_model', 'label': 'b049e82d-b5d3-4b16-a5b2-49e7683fa711', 'context': [<snowplow_tracker.self_describing_json.SelfDescribingJson object at 0x00000249723AAF30>]}
[0m19:43:30.928579 [info ] [Thread-1 (]: 19 of 22 OK created sql table model public_public.daily_summary ................ [[32mSELECT 10[0m in 0.07s]
[0m19:43:30.929081 [debug] [Thread-1 (]: Finished running node model.pulse_transform.daily_summary
[0m19:43:30.930084 [debug] [Thread-1 (]: Began running node test.pulse_transform.not_null_daily_summary_crypto_coin.2b3c1f82f7
[0m19:43:30.930590 [info ] [Thread-1 (]: 20 of 22 START test not_null_daily_summary_crypto_coin ......................... [RUN]
[0m19:43:30.931090 [debug] [Thread-1 (]: Re-using an available connection from the pool (formerly model.pulse_transform.daily_summary, now test.pulse_transform.not_null_daily_summary_crypto_coin.2b3c1f82f7)
[0m19:43:30.931589 [debug] [Thread-1 (]: Began compiling node test.pulse_transform.not_null_daily_summary_crypto_coin.2b3c1f82f7
[0m19:43:30.938093 [debug] [Thread-1 (]: Writing injected SQL for node "test.pulse_transform.not_null_daily_summary_crypto_coin.2b3c1f82f7"
[0m19:43:30.939094 [debug] [Thread-1 (]: Began executing node test.pulse_transform.not_null_daily_summary_crypto_coin.2b3c1f82f7
[0m19:43:30.941605 [debug] [Thread-1 (]: Writing runtime sql for node "test.pulse_transform.not_null_daily_summary_crypto_coin.2b3c1f82f7"
[0m19:43:30.942609 [debug] [Thread-1 (]: Using postgres connection "test.pulse_transform.not_null_daily_summary_crypto_coin.2b3c1f82f7"
[0m19:43:30.942609 [debug] [Thread-1 (]: On test.pulse_transform.not_null_daily_summary_crypto_coin.2b3c1f82f7: /* {"app": "dbt", "dbt_version": "1.12.0", "profile_name": "pulse_transform_profile", "target_name": "dev", "node_id": "test.pulse_transform.not_null_daily_summary_crypto_coin.2b3c1f82f7"} */

    
    select
      count(*) as failures,
      count(*) != 0 as should_warn,
      count(*) != 0 as should_error
    from (
      
    
  
    
    



select crypto_coin
from "pulse"."public_public"."daily_summary"
where crypto_coin is null



  
  
      
    ) dbt_internal_test
[0m19:43:30.943110 [debug] [Thread-1 (]: Opening a new connection, currently in state closed
[0m19:43:30.986231 [debug] [Thread-1 (]: SQL status: SELECT 1 in 0.043 seconds
[0m19:43:30.988231 [debug] [Thread-1 (]: On test.pulse_transform.not_null_daily_summary_crypto_coin.2b3c1f82f7: ROLLBACK
[0m19:43:30.988732 [debug] [Thread-1 (]: On test.pulse_transform.not_null_daily_summary_crypto_coin.2b3c1f82f7: Close
[0m19:43:30.989232 [info ] [Thread-1 (]: 20 of 22 PASS not_null_daily_summary_crypto_coin ............................... [[32mPASS[0m in 0.06s]
[0m19:43:30.990236 [debug] [Thread-1 (]: Finished running node test.pulse_transform.not_null_daily_summary_crypto_coin.2b3c1f82f7
[0m19:43:30.990236 [debug] [Thread-1 (]: Began running node test.pulse_transform.not_null_daily_summary_sports_game_date.d349270fc3
[0m19:43:30.990742 [info ] [Thread-1 (]: 21 of 22 START test not_null_daily_summary_sports_game_date .................... [RUN]
[0m19:43:30.991242 [debug] [Thread-1 (]: Re-using an available connection from the pool (formerly test.pulse_transform.not_null_daily_summary_crypto_coin.2b3c1f82f7, now test.pulse_transform.not_null_daily_summary_sports_game_date.d349270fc3)
[0m19:43:30.991744 [debug] [Thread-1 (]: Began compiling node test.pulse_transform.not_null_daily_summary_sports_game_date.d349270fc3
[0m19:43:30.997748 [debug] [Thread-1 (]: Writing injected SQL for node "test.pulse_transform.not_null_daily_summary_sports_game_date.d349270fc3"
[0m19:43:30.999260 [debug] [Thread-1 (]: Began executing node test.pulse_transform.not_null_daily_summary_sports_game_date.d349270fc3
[0m19:43:31.001272 [debug] [Thread-1 (]: Writing runtime sql for node "test.pulse_transform.not_null_daily_summary_sports_game_date.d349270fc3"
[0m19:43:31.002775 [debug] [Thread-1 (]: Using postgres connection "test.pulse_transform.not_null_daily_summary_sports_game_date.d349270fc3"
[0m19:43:31.003275 [debug] [Thread-1 (]: On test.pulse_transform.not_null_daily_summary_sports_game_date.d349270fc3: /* {"app": "dbt", "dbt_version": "1.12.0", "profile_name": "pulse_transform_profile", "target_name": "dev", "node_id": "test.pulse_transform.not_null_daily_summary_sports_game_date.d349270fc3"} */

    
    select
      count(*) as failures,
      count(*) != 0 as should_warn,
      count(*) != 0 as should_error
    from (
      
    
  
    
    



select sports_game_date
from "pulse"."public_public"."daily_summary"
where sports_game_date is null



  
  
      
    ) dbt_internal_test
[0m19:43:31.003275 [debug] [Thread-1 (]: Opening a new connection, currently in state closed
[0m19:43:31.140920 [debug] [Thread-1 (]: SQL status: SELECT 1 in 0.137 seconds
[0m19:43:31.142429 [debug] [Thread-1 (]: On test.pulse_transform.not_null_daily_summary_sports_game_date.d349270fc3: ROLLBACK
[0m19:43:31.142928 [debug] [Thread-1 (]: On test.pulse_transform.not_null_daily_summary_sports_game_date.d349270fc3: Close
[0m19:43:31.143428 [info ] [Thread-1 (]: 21 of 22 PASS not_null_daily_summary_sports_game_date .......................... [[32mPASS[0m in 0.15s]
[0m19:43:31.143927 [debug] [Thread-1 (]: Finished running node test.pulse_transform.not_null_daily_summary_sports_game_date.d349270fc3
[0m19:43:31.144428 [debug] [Thread-1 (]: Began running node test.pulse_transform.not_null_daily_summary_weather_city.efc8b36fcc
[0m19:43:31.144428 [info ] [Thread-1 (]: 22 of 22 START test not_null_daily_summary_weather_city ........................ [RUN]
[0m19:43:31.144927 [debug] [Thread-1 (]: Re-using an available connection from the pool (formerly test.pulse_transform.not_null_daily_summary_sports_game_date.d349270fc3, now test.pulse_transform.not_null_daily_summary_weather_city.efc8b36fcc)
[0m19:43:31.145429 [debug] [Thread-1 (]: Began compiling node test.pulse_transform.not_null_daily_summary_weather_city.efc8b36fcc
[0m19:43:31.150965 [debug] [Thread-1 (]: Writing injected SQL for node "test.pulse_transform.not_null_daily_summary_weather_city.efc8b36fcc"
[0m19:43:31.151970 [debug] [Thread-1 (]: Began executing node test.pulse_transform.not_null_daily_summary_weather_city.efc8b36fcc
[0m19:43:31.153476 [debug] [Thread-1 (]: Writing runtime sql for node "test.pulse_transform.not_null_daily_summary_weather_city.efc8b36fcc"
[0m19:43:31.153976 [debug] [Thread-1 (]: Using postgres connection "test.pulse_transform.not_null_daily_summary_weather_city.efc8b36fcc"
[0m19:43:31.154980 [debug] [Thread-1 (]: On test.pulse_transform.not_null_daily_summary_weather_city.efc8b36fcc: /* {"app": "dbt", "dbt_version": "1.12.0", "profile_name": "pulse_transform_profile", "target_name": "dev", "node_id": "test.pulse_transform.not_null_daily_summary_weather_city.efc8b36fcc"} */

    
    select
      count(*) as failures,
      count(*) != 0 as should_warn,
      count(*) != 0 as should_error
    from (
      
    
  
    
    



select weather_city
from "pulse"."public_public"."daily_summary"
where weather_city is null



  
  
      
    ) dbt_internal_test
[0m19:43:31.155484 [debug] [Thread-1 (]: Opening a new connection, currently in state closed
[0m19:43:31.187035 [debug] [Thread-1 (]: SQL status: SELECT 1 in 0.032 seconds
[0m19:43:31.189044 [debug] [Thread-1 (]: On test.pulse_transform.not_null_daily_summary_weather_city.efc8b36fcc: ROLLBACK
[0m19:43:31.189044 [debug] [Thread-1 (]: On test.pulse_transform.not_null_daily_summary_weather_city.efc8b36fcc: Close
[0m19:43:31.190048 [info ] [Thread-1 (]: 22 of 22 PASS not_null_daily_summary_weather_city .............................. [[32mPASS[0m in 0.05s]
[0m19:43:31.190552 [debug] [Thread-1 (]: Finished running node test.pulse_transform.not_null_daily_summary_weather_city.efc8b36fcc
[0m19:43:31.191553 [debug] [MainThread]: On master: COMMIT
[0m19:43:31.192054 [debug] [MainThread]: Using postgres connection "master"
[0m19:43:31.192054 [debug] [MainThread]: On master: COMMIT
[0m19:43:31.192553 [debug] [MainThread]: Opening a new connection, currently in state closed
[0m19:43:31.220599 [debug] [MainThread]: SQL status: COMMIT in 0.028 seconds
[0m19:43:31.220599 [debug] [MainThread]: On master: Close
[0m19:43:31.221100 [debug] [MainThread]: Connection 'master' was properly closed.
[0m19:43:31.221599 [debug] [MainThread]: Connection 'list_pulse' was properly closed.
[0m19:43:31.222099 [debug] [MainThread]: Connection 'list_pulse_public_public' was properly closed.
[0m19:43:31.222099 [debug] [MainThread]: Connection 'test.pulse_transform.not_null_daily_summary_weather_city.efc8b36fcc' was properly closed.
[0m19:43:31.222601 [info ] [MainThread]: 
[0m19:43:31.223099 [info ] [MainThread]: Finished running 4 table models, 18 data tests in 0 hours 0 minutes and 5.23 seconds (5.23s).
[0m19:43:31.225609 [debug] [MainThread]: Command end result
[0m19:43:31.253672 [debug] [MainThread]: Wrote artifact WritableManifest to C:\Users\Steve\OneDrive\Desktop\code\pulse\transform\target\manifest.json
[0m19:43:31.256668 [debug] [MainThread]: Wrote artifact SemanticManifest to C:\Users\Steve\OneDrive\Desktop\code\pulse\transform\target\semantic_manifest.json
[0m19:43:31.259168 [debug] [MainThread]: Wrote artifact OsiDocument to C:\Users\Steve\OneDrive\Desktop\code\pulse\transform\target\osi_document.json
[0m19:43:31.267188 [debug] [MainThread]: Wrote artifact RunExecutionResult to C:\Users\Steve\OneDrive\Desktop\code\pulse\transform\target\run_results.json
[0m19:43:31.267687 [info ] [MainThread]: 
[0m19:43:31.267687 [info ] [MainThread]: [32mCompleted successfully[0m
[0m19:43:31.268189 [info ] [MainThread]: 
[0m19:43:31.268688 [info ] [MainThread]: Done. PASS=22 WARN=0 ERROR=0 SKIP=0 NO-OP=0 REUSED=0 TOTAL=22
[0m19:43:31.269188 [debug] [MainThread]: Command `dbt build` succeeded at 19:43:31.269188 after 8.28 seconds
[0m19:43:31.270190 [debug] [MainThread]: Sending event: {'category': 'dbt', 'action': 'invocation', 'label': 'end', 'context': [<snowplow_tracker.self_describing_json.SelfDescribingJson object at 0x00000249723AB2F0>, <snowplow_tracker.self_describing_json.SelfDescribingJson object at 0x000002496CEA0E00>, <snowplow_tracker.self_describing_json.SelfDescribingJson object at 0x000002496FC53B90>]}
[0m19:43:31.270190 [debug] [MainThread]: Flushing usage events
[0m19:43:31.865496 [debug] [MainThread]: An error was encountered while trying to flush usage events
[0m19:45:25.548766 [debug] [MainThread]: Sending event: {'category': 'dbt', 'action': 'invocation', 'label': 'start', 'context': [<snowplow_tracker.self_describing_json.SelfDescribingJson object at 0x000001FC199FA360>, <snowplow_tracker.self_describing_json.SelfDescribingJson object at 0x000001FC1C2A65A0>, <snowplow_tracker.self_describing_json.SelfDescribingJson object at 0x000001FC1C7CA780>]}


============================== 19:45:25.558287 | ee3840f5-e6c8-4acf-b7a6-ee7aed10b498 ==============================
[0m19:45:25.558287 [info ] [MainThread]: Running with dbt=1.12.0
[0m19:45:25.558787 [debug] [MainThread]: running dbt with arguments {'static_parser': 'True', 'no_print': 'None', 'version_check': 'True', 'target_path': 'None', 'maximum_seed_size_mib': '1', 'warn_error_options': 'WarnErrorOptionsV2(error=[], warn=[], silence=[])', 'printer_width': '80', 'write_json': 'True', 'empty': 'False', 'log_cache_events': 'False', 'introspect': 'True', 'cache_selected_only': 'False', 'log_format': 'default', 'debug': 'False', 'fail_fast': 'False', 'partial_parse': 'True', 'send_anonymous_usage_stats': 'True', 'quiet': 'False', 'warn_error': 'None', 'profiles_dir': 'C:\\Users\\Steve\\OneDrive\\Desktop\\code\\pulse\\transform', 'indirect_selection': 'eager', 'hints_enabled': 'True', 'use_colors': 'True', 'use_experimental_parser': 'False', 'invocation_command': 'dbt build --profiles-dir C:\\Users\\Steve\\OneDrive\\Desktop\\code\\pulse\\transform --project-dir C:\\Users\\Steve\\OneDrive\\Desktop\\code\\pulse\\transform', 'log_path': 'C:\\Users\\Steve\\OneDrive\\Desktop\\code\\pulse\\transform\\logs'}
[0m19:45:25.750365 [debug] [MainThread]: Sending event: {'category': 'dbt', 'action': 'project_id', 'label': 'ee3840f5-e6c8-4acf-b7a6-ee7aed10b498', 'context': [<snowplow_tracker.self_describing_json.SelfDescribingJson object at 0x000001FC1E2D2540>]}
[0m19:45:25.804444 [debug] [MainThread]: Sending event: {'category': 'dbt', 'action': 'adapter_info', 'label': 'ee3840f5-e6c8-4acf-b7a6-ee7aed10b498', 'context': [<snowplow_tracker.self_describing_json.SelfDescribingJson object at 0x000001FC1E661610>]}
[0m19:45:25.806444 [info ] [MainThread]: Registered adapter: postgres=1.11.0
[0m19:45:26.051198 [debug] [MainThread]: checksum: c88f2b38114df2604ccc177aea92f212ddffa831408be655762d132e6474640b, vars: {}, profile: pulse_transform_profile, target: dev, version: 1.12.0
[0m19:45:26.187858 [debug] [MainThread]: Partial parsing enabled: 0 files deleted, 0 files added, 0 files changed.
[0m19:45:26.188358 [debug] [MainThread]: Nothing changed, skipping partial parsing.
[0m19:45:26.188358 [debug] [MainThread]: Partial parsing enabled, no changes found, skipping parsing
[0m19:45:26.196362 [debug] [MainThread]: Sending event: {'category': 'dbt', 'action': 'load_project', 'label': 'ee3840f5-e6c8-4acf-b7a6-ee7aed10b498', 'context': [<snowplow_tracker.self_describing_json.SelfDescribingJson object at 0x000001FC1E774380>]}
[0m19:45:26.300316 [debug] [MainThread]: Wrote artifact WritableManifest to C:\Users\Steve\OneDrive\Desktop\code\pulse\transform\target\manifest.json
[0m19:45:26.303823 [debug] [MainThread]: Wrote artifact SemanticManifest to C:\Users\Steve\OneDrive\Desktop\code\pulse\transform\target\semantic_manifest.json
[0m19:45:26.329863 [debug] [MainThread]: Wrote artifact OsiDocument to C:\Users\Steve\OneDrive\Desktop\code\pulse\transform\target\osi_document.json
[0m19:45:26.363573 [debug] [MainThread]: Sending event: {'category': 'dbt', 'action': 'resource_counts', 'label': 'ee3840f5-e6c8-4acf-b7a6-ee7aed10b498', 'context': [<snowplow_tracker.self_describing_json.SelfDescribingJson object at 0x000001FC1ECCB620>]}
[0m19:45:26.364076 [info ] [MainThread]: Found 4 models, 18 data tests, 3 sources, 477 macros
[0m19:45:26.367081 [info ] [MainThread]: 
[0m19:45:26.367580 [info ] [MainThread]: Concurrency: 1 threads (target='dev')
[0m19:45:26.367580 [info ] [MainThread]: 
[0m19:45:26.368080 [debug] [MainThread]: Acquiring new postgres connection 'master'
[0m19:45:26.371581 [debug] [ThreadPool]: Acquiring new postgres connection 'list_pulse'
[0m19:45:26.453751 [debug] [ThreadPool]: Using postgres connection "list_pulse"
[0m19:45:26.453751 [debug] [ThreadPool]: On list_pulse: /* {"app": "dbt", "dbt_version": "1.12.0", "profile_name": "pulse_transform_profile", "target_name": "dev", "connection_name": "list_pulse"} */

    select distinct nspname from pg_namespace
  
[0m19:45:26.454253 [debug] [ThreadPool]: Opening a new connection, currently in state init
[0m19:45:26.497820 [debug] [ThreadPool]: SQL status: SELECT 5 in 0.043 seconds
[0m19:45:26.499322 [debug] [ThreadPool]: On list_pulse: Close
[0m19:45:26.500821 [debug] [ThreadPool]: Acquiring new postgres connection 'list_pulse_public_public'
[0m19:45:26.505328 [debug] [ThreadPool]: Using postgres connection "list_pulse_public_public"
[0m19:45:26.505828 [debug] [ThreadPool]: On list_pulse_public_public: /* {"app": "dbt", "dbt_version": "1.12.0", "profile_name": "pulse_transform_profile", "target_name": "dev", "connection_name": "list_pulse_public_public"} */
select
      'pulse' as database,
      tablename as name,
      schemaname as schema,
      'table' as type
    from pg_tables
    where schemaname ilike 'public_public'
    union all
    select
      'pulse' as database,
      viewname as name,
      schemaname as schema,
      'view' as type
    from pg_views
    where schemaname ilike 'public_public'
    union all
    select
      'pulse' as database,
      matviewname as name,
      schemaname as schema,
      'materialized_view' as type
    from pg_matviews
    where schemaname ilike 'public_public'
    union all
    select distinct
     'pulse' as database,
     proname as name,
     ns.nspname as schema,
     'function' as type
    from pg_proc
     join pg_namespace as ns on pronamespace = ns.oid
    where ns.nspname ilike 'public_public'
  
[0m19:45:26.505828 [debug] [ThreadPool]: Opening a new connection, currently in state init
[0m19:45:26.556361 [debug] [ThreadPool]: SQL status: SELECT 4 in 0.051 seconds
[0m19:45:26.557364 [debug] [ThreadPool]: On list_pulse_public_public: ROLLBACK
[0m19:45:26.557871 [debug] [ThreadPool]: On list_pulse_public_public: Close
[0m19:45:26.561868 [debug] [MainThread]: Using postgres connection "master"
[0m19:45:26.561868 [debug] [MainThread]: On master: /* {"app": "dbt", "dbt_version": "1.12.0", "profile_name": "pulse_transform_profile", "target_name": "dev", "connection_name": "master"} */
select distinct
        dependent_namespace.nspname as dependent_schema,
        dependent_class.relname as dependent_name,
        referenced_namespace.nspname as referenced_schema,
        referenced_class.relname as referenced_name

    -- Query for views: views are entries in pg_class with an entry in pg_rewrite, but we avoid
    -- a seq scan on pg_rewrite by leveraging the fact there is an "internal" row in pg_depend for
    -- the view...
    from pg_class as dependent_class
    join pg_namespace as dependent_namespace on dependent_namespace.oid = dependent_class.relnamespace
    join pg_depend as dependent_depend on dependent_depend.refobjid = dependent_class.oid
        and dependent_depend.classid = 'pg_rewrite'::regclass
        and dependent_depend.refclassid = 'pg_class'::regclass
        and dependent_depend.deptype = 'i'

    -- ... and via pg_depend (that has a row per column, hence the need for "distinct" above, and
    -- making sure to exclude the internal row to avoid a view appearing to depend on itself)...
    join pg_depend as joining_depend on joining_depend.objid = dependent_depend.objid
        and joining_depend.classid = 'pg_rewrite'::regclass
        and joining_depend.refclassid = 'pg_class'::regclass
        and joining_depend.refobjid != dependent_depend.refobjid

    -- ... we can find the tables they query from in pg_class, but excluding system tables. Note we
    -- don't need need to exclude _dependent_ system tables, because they only query from other
    -- system tables, and so are automatically excluded by excluding _referenced_ system tables
    join pg_class as referenced_class on referenced_class.oid = joining_depend.refobjid
    join pg_namespace as referenced_namespace on referenced_namespace.oid = referenced_class.relnamespace
        and referenced_namespace.nspname != 'information_schema'
        and referenced_namespace.nspname not like 'pg\_%'

    order by
        dependent_schema, dependent_name, referenced_schema, referenced_name;
[0m19:45:26.562369 [debug] [MainThread]: Opening a new connection, currently in state init
[0m19:45:26.596820 [debug] [MainThread]: SQL status: SELECT 0 in 0.034 seconds
[0m19:45:26.598321 [debug] [MainThread]: Sending event: {'category': 'dbt', 'action': 'runnable_timing', 'label': 'ee3840f5-e6c8-4acf-b7a6-ee7aed10b498', 'context': [<snowplow_tracker.self_describing_json.SelfDescribingJson object at 0x000001FC1E469970>]}
[0m19:45:26.598826 [debug] [MainThread]: On master: ROLLBACK
[0m19:45:26.598826 [debug] [MainThread]: On master: COMMIT
[0m19:45:26.599326 [debug] [MainThread]: Using postgres connection "master"
[0m19:45:26.599326 [debug] [MainThread]: On master: COMMIT
[0m19:45:26.599826 [debug] [MainThread]: SQL status: COMMIT in 0.000 seconds
[0m19:45:26.599826 [debug] [MainThread]: On master: Close
[0m19:45:26.604334 [debug] [Thread-1 (]: Began running node model.pulse_transform.stg_crypto
[0m19:45:26.604834 [info ] [Thread-1 (]: 1 of 22 START sql table model public_public.stg_crypto ......................... [RUN]
[0m19:45:26.605333 [debug] [Thread-1 (]: Acquiring new postgres connection 'model.pulse_transform.stg_crypto'
[0m19:45:26.605834 [debug] [Thread-1 (]: Began compiling node model.pulse_transform.stg_crypto
[0m19:45:26.610835 [debug] [Thread-1 (]: Writing injected SQL for node "model.pulse_transform.stg_crypto"
[0m19:45:26.611833 [debug] [Thread-1 (]: Began executing node model.pulse_transform.stg_crypto
[0m19:45:26.643415 [debug] [Thread-1 (]: Writing runtime sql for node "model.pulse_transform.stg_crypto"
[0m19:45:26.644920 [debug] [Thread-1 (]: Using postgres connection "model.pulse_transform.stg_crypto"
[0m19:45:26.644920 [debug] [Thread-1 (]: On model.pulse_transform.stg_crypto: /* {"app": "dbt", "dbt_version": "1.12.0", "profile_name": "pulse_transform_profile", "target_name": "dev", "node_id": "model.pulse_transform.stg_crypto"} */

  
    

  create  table "pulse"."public_public"."stg_crypto__dbt_tmp"
  
  
    as
  
  (
    with source as (
    select
        id,
        source,
        raw_json,
        ingested_at,
        raw_json::jsonb as payload
    from "pulse"."public"."raw_crypto"
),
flattened as (
    select
        id,
        source,
        raw_json,
        ingested_at,
        key as coin,
        nullif(value ->> 'usd', '') as price_usd
    from source,
    jsonb_each(payload)
)
select
    row_number() over (order by id, coin) as id,
    source,
    coin,
    cast(price_usd as float) as price_usd,
    ingested_at,
    raw_json
from flattened
  );
  
[0m19:45:26.645423 [debug] [Thread-1 (]: Opening a new connection, currently in state init
[0m19:45:26.692558 [debug] [Thread-1 (]: SQL status: SELECT 33 in 0.047 seconds
[0m19:45:26.701075 [debug] [Thread-1 (]: Using postgres connection "model.pulse_transform.stg_crypto"
[0m19:45:26.701574 [debug] [Thread-1 (]: On model.pulse_transform.stg_crypto: /* {"app": "dbt", "dbt_version": "1.12.0", "profile_name": "pulse_transform_profile", "target_name": "dev", "node_id": "model.pulse_transform.stg_crypto"} */
alter table "pulse"."public_public"."stg_crypto" rename to "stg_crypto__dbt_backup"
[0m19:45:26.702076 [debug] [Thread-1 (]: SQL status: ALTER TABLE in 0.000 seconds
[0m19:45:26.706089 [debug] [Thread-1 (]: Using postgres connection "model.pulse_transform.stg_crypto"
[0m19:45:26.706588 [debug] [Thread-1 (]: On model.pulse_transform.stg_crypto: /* {"app": "dbt", "dbt_version": "1.12.0", "profile_name": "pulse_transform_profile", "target_name": "dev", "node_id": "model.pulse_transform.stg_crypto"} */
alter table "pulse"."public_public"."stg_crypto__dbt_tmp" rename to "stg_crypto"
[0m19:45:26.707088 [debug] [Thread-1 (]: SQL status: ALTER TABLE in 0.000 seconds
[0m19:45:26.724124 [debug] [Thread-1 (]: On model.pulse_transform.stg_crypto: COMMIT
[0m19:45:26.724623 [debug] [Thread-1 (]: Using postgres connection "model.pulse_transform.stg_crypto"
[0m19:45:26.725123 [debug] [Thread-1 (]: On model.pulse_transform.stg_crypto: COMMIT
[0m19:45:26.726608 [debug] [Thread-1 (]: SQL status: COMMIT in 0.001 seconds
[0m19:45:26.731618 [debug] [Thread-1 (]: Applying DROP to: "pulse"."public_public"."stg_crypto__dbt_backup"
[0m19:45:26.735661 [debug] [Thread-1 (]: Using postgres connection "model.pulse_transform.stg_crypto"
[0m19:45:26.736664 [debug] [Thread-1 (]: On model.pulse_transform.stg_crypto: /* {"app": "dbt", "dbt_version": "1.12.0", "profile_name": "pulse_transform_profile", "target_name": "dev", "node_id": "model.pulse_transform.stg_crypto"} */
drop table if exists "pulse"."public_public"."stg_crypto__dbt_backup" cascade
[0m19:45:26.740169 [debug] [Thread-1 (]: SQL status: DROP TABLE in 0.003 seconds
[0m19:45:26.742671 [debug] [Thread-1 (]: On model.pulse_transform.stg_crypto: Close
[0m19:45:26.744669 [debug] [Thread-1 (]: Sending event: {'category': 'dbt', 'action': 'run_model', 'label': 'ee3840f5-e6c8-4acf-b7a6-ee7aed10b498', 'context': [<snowplow_tracker.self_describing_json.SelfDescribingJson object at 0x000001FC19BE7680>]}
[0m19:45:26.745487 [info ] [Thread-1 (]: 1 of 22 OK created sql table model public_public.stg_crypto .................... [[32mSELECT 33[0m in 0.14s]
[0m19:45:26.745487 [debug] [Thread-1 (]: Finished running node model.pulse_transform.stg_crypto
[0m19:45:26.746170 [debug] [Thread-1 (]: Began running node model.pulse_transform.stg_sports
[0m19:45:26.746671 [info ] [Thread-1 (]: 2 of 22 START sql table model public_public.stg_sports ......................... [RUN]
[0m19:45:26.746671 [debug] [Thread-1 (]: Re-using an available connection from the pool (formerly model.pulse_transform.stg_crypto, now model.pulse_transform.stg_sports)
[0m19:45:26.747675 [debug] [Thread-1 (]: Began compiling node model.pulse_transform.stg_sports
[0m19:45:26.749679 [debug] [Thread-1 (]: Writing injected SQL for node "model.pulse_transform.stg_sports"
[0m19:45:26.750180 [debug] [Thread-1 (]: Began executing node model.pulse_transform.stg_sports
[0m19:45:26.753185 [debug] [Thread-1 (]: Writing runtime sql for node "model.pulse_transform.stg_sports"
[0m19:45:26.753691 [debug] [Thread-1 (]: Using postgres connection "model.pulse_transform.stg_sports"
[0m19:45:26.754190 [debug] [Thread-1 (]: On model.pulse_transform.stg_sports: /* {"app": "dbt", "dbt_version": "1.12.0", "profile_name": "pulse_transform_profile", "target_name": "dev", "node_id": "model.pulse_transform.stg_sports"} */

  
    

  create  table "pulse"."public_public"."stg_sports__dbt_tmp"
  
  
    as
  
  (
    with source as (
    select
        id,
        source,
        raw_json,
        ingested_at,
        raw_json::jsonb -> 'events' as events_json
    from "pulse"."public"."raw_sports"
),
parsed as (
    select
        id,
        source,
        raw_json,
        ingested_at,
        events_json -> 0 ->> 'date' as game_date,
        events_json -> 0 -> 'competitions' -> 0 -> 'competitors' -> 0 -> 'team' ->> 'abbreviation' as home_team,
        events_json -> 0 -> 'competitions' -> 0 -> 'competitors' -> 0 ->> 'score' as home_score,
        events_json -> 0 -> 'competitions' -> 0 -> 'competitors' -> 1 -> 'team' ->> 'abbreviation' as away_team,
        events_json -> 0 -> 'competitions' -> 0 -> 'competitors' -> 1 ->> 'score' as away_score
    from source
)
select
    id,
    source,
    trim(home_team) as home_team,
    trim(away_team) as away_team,
    cast(home_score as integer) as home_score,
    cast(away_score as integer) as away_score,
    game_date,
    ingested_at,
    raw_json
from parsed
  );
  
[0m19:45:26.754190 [debug] [Thread-1 (]: Opening a new connection, currently in state closed
[0m19:45:26.794765 [debug] [Thread-1 (]: SQL status: SELECT 3 in 0.041 seconds
[0m19:45:26.797264 [debug] [Thread-1 (]: Using postgres connection "model.pulse_transform.stg_sports"
[0m19:45:26.797764 [debug] [Thread-1 (]: On model.pulse_transform.stg_sports: /* {"app": "dbt", "dbt_version": "1.12.0", "profile_name": "pulse_transform_profile", "target_name": "dev", "node_id": "model.pulse_transform.stg_sports"} */
alter table "pulse"."public_public"."stg_sports" rename to "stg_sports__dbt_backup"
[0m19:45:26.798765 [debug] [Thread-1 (]: SQL status: ALTER TABLE in 0.001 seconds
[0m19:45:26.800762 [debug] [Thread-1 (]: Using postgres connection "model.pulse_transform.stg_sports"
[0m19:45:26.800762 [debug] [Thread-1 (]: On model.pulse_transform.stg_sports: /* {"app": "dbt", "dbt_version": "1.12.0", "profile_name": "pulse_transform_profile", "target_name": "dev", "node_id": "model.pulse_transform.stg_sports"} */
alter table "pulse"."public_public"."stg_sports__dbt_tmp" rename to "stg_sports"
[0m19:45:26.801263 [debug] [Thread-1 (]: SQL status: ALTER TABLE in 0.000 seconds
[0m19:45:26.802264 [debug] [Thread-1 (]: On model.pulse_transform.stg_sports: COMMIT
[0m19:45:26.803267 [debug] [Thread-1 (]: Using postgres connection "model.pulse_transform.stg_sports"
[0m19:45:26.803267 [debug] [Thread-1 (]: On model.pulse_transform.stg_sports: COMMIT
[0m19:45:26.804771 [debug] [Thread-1 (]: SQL status: COMMIT in 0.001 seconds
[0m19:45:26.806276 [debug] [Thread-1 (]: Applying DROP to: "pulse"."public_public"."stg_sports__dbt_backup"
[0m19:45:26.806276 [debug] [Thread-1 (]: Using postgres connection "model.pulse_transform.stg_sports"
[0m19:45:26.807281 [debug] [Thread-1 (]: On model.pulse_transform.stg_sports: /* {"app": "dbt", "dbt_version": "1.12.0", "profile_name": "pulse_transform_profile", "target_name": "dev", "node_id": "model.pulse_transform.stg_sports"} */
drop table if exists "pulse"."public_public"."stg_sports__dbt_backup" cascade
[0m19:45:26.810787 [debug] [Thread-1 (]: SQL status: DROP TABLE in 0.003 seconds
[0m19:45:26.811785 [debug] [Thread-1 (]: On model.pulse_transform.stg_sports: Close
[0m19:45:26.812286 [debug] [Thread-1 (]: Sending event: {'category': 'dbt', 'action': 'run_model', 'label': 'ee3840f5-e6c8-4acf-b7a6-ee7aed10b498', 'context': [<snowplow_tracker.self_describing_json.SelfDescribingJson object at 0x000001FC1E9A16A0>]}
[0m19:45:26.812286 [info ] [Thread-1 (]: 2 of 22 OK created sql table model public_public.stg_sports .................... [[32mSELECT 3[0m in 0.07s]
[0m19:45:26.813289 [debug] [Thread-1 (]: Finished running node model.pulse_transform.stg_sports
[0m19:45:26.813794 [debug] [Thread-1 (]: Began running node model.pulse_transform.stg_weather
[0m19:45:26.814293 [info ] [Thread-1 (]: 3 of 22 START sql table model public_public.stg_weather ........................ [RUN]
[0m19:45:26.814794 [debug] [Thread-1 (]: Re-using an available connection from the pool (formerly model.pulse_transform.stg_sports, now model.pulse_transform.stg_weather)
[0m19:45:26.814794 [debug] [Thread-1 (]: Began compiling node model.pulse_transform.stg_weather
[0m19:45:26.817803 [debug] [Thread-1 (]: Writing injected SQL for node "model.pulse_transform.stg_weather"
[0m19:45:26.818302 [debug] [Thread-1 (]: Began executing node model.pulse_transform.stg_weather
[0m19:45:26.821303 [debug] [Thread-1 (]: Writing runtime sql for node "model.pulse_transform.stg_weather"
[0m19:45:26.822303 [debug] [Thread-1 (]: Using postgres connection "model.pulse_transform.stg_weather"
[0m19:45:26.822303 [debug] [Thread-1 (]: On model.pulse_transform.stg_weather: /* {"app": "dbt", "dbt_version": "1.12.0", "profile_name": "pulse_transform_profile", "target_name": "dev", "node_id": "model.pulse_transform.stg_weather"} */

  
    

  create  table "pulse"."public_public"."stg_weather__dbt_tmp"
  
  
    as
  
  (
    with source as (
    select
        id,
        source,
        raw_json::jsonb ->> 'requested_city' as city,
        raw_json::jsonb -> 'current_weather' ->> 'temperature' as temperature,
        raw_json::jsonb -> 'current_weather' ->> 'weathercode' as weather_code,
        raw_json::jsonb ->> 'requested_latitude' as latitude,
        raw_json::jsonb ->> 'requested_longitude' as longitude,
        ingested_at,
        raw_json
    from "pulse"."public"."raw_weather"
)

select
    id,
    source,
    city,
    cast(temperature as float) as temperature,
    case cast(weather_code as integer)
        when 0 then 'clear'
        when 1 then 'mainly_clear'
        when 2 then 'partly_cloudy'
        when 3 then 'overcast'
        when 45 then 'fog'
        when 48 then 'depositing_rime_fog'
        when 51 then 'drizzle_light'
        when 53 then 'drizzle_moderate'
        when 55 then 'drizzle_dense'
        when 56 then 'freezing_drizzle_light'
        when 57 then 'freezing_drizzle_dense'
        when 61 then 'rain_slight'
        when 63 then 'rain_moderate'
        when 65 then 'rain_heavy'
        when 66 then 'freezing_rain_light'
        when 67 then 'freezing_rain_heavy'
        when 71 then 'snow_fall_slight'
        when 73 then 'snow_fall_moderate'
        when 75 then 'snow_fall_heavy'
        when 77 then 'snow_grains'
        when 80 then 'rain_showers_slight'
        when 81 then 'rain_showers_moderate'
        when 82 then 'rain_showers_violent'
        when 85 then 'snow_showers_slight'
        when 86 then 'snow_showers_heavy'
        when 95 then 'thunderstorm_slight_or_moderate'
        when 96 then 'thunderstorm_hail_slight'
        when 99 then 'thunderstorm_hail_heavy'
        else 'unknown'
    end as condition,
    ingested_at,
    raw_json
from source
  );
  
[0m19:45:26.823307 [debug] [Thread-1 (]: Opening a new connection, currently in state closed
[0m19:45:26.861803 [debug] [Thread-1 (]: SQL status: SELECT 30 in 0.039 seconds
[0m19:45:26.864812 [debug] [Thread-1 (]: Using postgres connection "model.pulse_transform.stg_weather"
[0m19:45:26.865311 [debug] [Thread-1 (]: On model.pulse_transform.stg_weather: /* {"app": "dbt", "dbt_version": "1.12.0", "profile_name": "pulse_transform_profile", "target_name": "dev", "node_id": "model.pulse_transform.stg_weather"} */
alter table "pulse"."public_public"."stg_weather" rename to "stg_weather__dbt_backup"
[0m19:45:26.865810 [debug] [Thread-1 (]: SQL status: ALTER TABLE in 0.000 seconds
[0m19:45:26.867310 [debug] [Thread-1 (]: Using postgres connection "model.pulse_transform.stg_weather"
[0m19:45:26.868314 [debug] [Thread-1 (]: On model.pulse_transform.stg_weather: /* {"app": "dbt", "dbt_version": "1.12.0", "profile_name": "pulse_transform_profile", "target_name": "dev", "node_id": "model.pulse_transform.stg_weather"} */
alter table "pulse"."public_public"."stg_weather__dbt_tmp" rename to "stg_weather"
[0m19:45:26.868819 [debug] [Thread-1 (]: SQL status: ALTER TABLE in 0.000 seconds
[0m19:45:26.870318 [debug] [Thread-1 (]: On model.pulse_transform.stg_weather: COMMIT
[0m19:45:26.870818 [debug] [Thread-1 (]: Using postgres connection "model.pulse_transform.stg_weather"
[0m19:45:26.871317 [debug] [Thread-1 (]: On model.pulse_transform.stg_weather: COMMIT
[0m19:45:26.872319 [debug] [Thread-1 (]: SQL status: COMMIT in 0.001 seconds
[0m19:45:26.873828 [debug] [Thread-1 (]: Applying DROP to: "pulse"."public_public"."stg_weather__dbt_backup"
[0m19:45:26.874828 [debug] [Thread-1 (]: Using postgres connection "model.pulse_transform.stg_weather"
[0m19:45:26.874828 [debug] [Thread-1 (]: On model.pulse_transform.stg_weather: /* {"app": "dbt", "dbt_version": "1.12.0", "profile_name": "pulse_transform_profile", "target_name": "dev", "node_id": "model.pulse_transform.stg_weather"} */
drop table if exists "pulse"."public_public"."stg_weather__dbt_backup" cascade
[0m19:45:26.878342 [debug] [Thread-1 (]: SQL status: DROP TABLE in 0.003 seconds
[0m19:45:26.879843 [debug] [Thread-1 (]: On model.pulse_transform.stg_weather: Close
[0m19:45:26.880341 [debug] [Thread-1 (]: Sending event: {'category': 'dbt', 'action': 'run_model', 'label': 'ee3840f5-e6c8-4acf-b7a6-ee7aed10b498', 'context': [<snowplow_tracker.self_describing_json.SelfDescribingJson object at 0x000001FC1ED7D4C0>]}
[0m19:45:26.880842 [info ] [Thread-1 (]: 3 of 22 OK created sql table model public_public.stg_weather ................... [[32mSELECT 30[0m in 0.07s]
[0m19:45:26.881342 [debug] [Thread-1 (]: Finished running node model.pulse_transform.stg_weather
[0m19:45:26.881841 [debug] [Thread-1 (]: Began running node test.pulse_transform.not_null_stg_crypto_coin.1a9a7af2fe
[0m19:45:26.882342 [info ] [Thread-1 (]: 4 of 22 START test not_null_stg_crypto_coin .................................... [RUN]
[0m19:45:26.882342 [debug] [Thread-1 (]: Re-using an available connection from the pool (formerly model.pulse_transform.stg_weather, now test.pulse_transform.not_null_stg_crypto_coin.1a9a7af2fe)
[0m19:45:26.883345 [debug] [Thread-1 (]: Began compiling node test.pulse_transform.not_null_stg_crypto_coin.1a9a7af2fe
[0m19:45:26.895868 [debug] [Thread-1 (]: Writing injected SQL for node "test.pulse_transform.not_null_stg_crypto_coin.1a9a7af2fe"
[0m19:45:26.896868 [debug] [Thread-1 (]: Began executing node test.pulse_transform.not_null_stg_crypto_coin.1a9a7af2fe
[0m19:45:26.911381 [debug] [Thread-1 (]: Writing runtime sql for node "test.pulse_transform.not_null_stg_crypto_coin.1a9a7af2fe"
[0m19:45:26.912382 [debug] [Thread-1 (]: Using postgres connection "test.pulse_transform.not_null_stg_crypto_coin.1a9a7af2fe"
[0m19:45:26.912382 [debug] [Thread-1 (]: On test.pulse_transform.not_null_stg_crypto_coin.1a9a7af2fe: /* {"app": "dbt", "dbt_version": "1.12.0", "profile_name": "pulse_transform_profile", "target_name": "dev", "node_id": "test.pulse_transform.not_null_stg_crypto_coin.1a9a7af2fe"} */

    
    select
      count(*) as failures,
      count(*) != 0 as should_warn,
      count(*) != 0 as should_error
    from (
      
    
  
    
    



select coin
from "pulse"."public_public"."stg_crypto"
where coin is null



  
  
      
    ) dbt_internal_test
[0m19:45:26.913385 [debug] [Thread-1 (]: Opening a new connection, currently in state closed
[0m19:45:26.945944 [debug] [Thread-1 (]: SQL status: SELECT 1 in 0.032 seconds
[0m19:45:26.949444 [debug] [Thread-1 (]: On test.pulse_transform.not_null_stg_crypto_coin.1a9a7af2fe: ROLLBACK
[0m19:45:26.949944 [debug] [Thread-1 (]: On test.pulse_transform.not_null_stg_crypto_coin.1a9a7af2fe: Close
[0m19:45:26.950443 [info ] [Thread-1 (]: 4 of 22 PASS not_null_stg_crypto_coin .......................................... [[32mPASS[0m in 0.07s]
[0m19:45:26.950944 [debug] [Thread-1 (]: Finished running node test.pulse_transform.not_null_stg_crypto_coin.1a9a7af2fe
[0m19:45:26.951444 [debug] [Thread-1 (]: Began running node test.pulse_transform.not_null_stg_crypto_id.6ded0cac78
[0m19:45:26.951945 [info ] [Thread-1 (]: 5 of 22 START test not_null_stg_crypto_id ...................................... [RUN]
[0m19:45:26.952444 [debug] [Thread-1 (]: Re-using an available connection from the pool (formerly test.pulse_transform.not_null_stg_crypto_coin.1a9a7af2fe, now test.pulse_transform.not_null_stg_crypto_id.6ded0cac78)
[0m19:45:26.952444 [debug] [Thread-1 (]: Began compiling node test.pulse_transform.not_null_stg_crypto_id.6ded0cac78
[0m19:45:26.958342 [debug] [Thread-1 (]: Writing injected SQL for node "test.pulse_transform.not_null_stg_crypto_id.6ded0cac78"
[0m19:45:26.959342 [debug] [Thread-1 (]: Began executing node test.pulse_transform.not_null_stg_crypto_id.6ded0cac78
[0m19:45:26.960843 [debug] [Thread-1 (]: Writing runtime sql for node "test.pulse_transform.not_null_stg_crypto_id.6ded0cac78"
[0m19:45:26.961843 [debug] [Thread-1 (]: Using postgres connection "test.pulse_transform.not_null_stg_crypto_id.6ded0cac78"
[0m19:45:26.961843 [debug] [Thread-1 (]: On test.pulse_transform.not_null_stg_crypto_id.6ded0cac78: /* {"app": "dbt", "dbt_version": "1.12.0", "profile_name": "pulse_transform_profile", "target_name": "dev", "node_id": "test.pulse_transform.not_null_stg_crypto_id.6ded0cac78"} */

    
    select
      count(*) as failures,
      count(*) != 0 as should_warn,
      count(*) != 0 as should_error
    from (
      
    
  
    
    



select id
from "pulse"."public_public"."stg_crypto"
where id is null



  
  
      
    ) dbt_internal_test
[0m19:45:26.962342 [debug] [Thread-1 (]: Opening a new connection, currently in state closed
[0m19:45:26.994896 [debug] [Thread-1 (]: SQL status: SELECT 1 in 0.032 seconds
[0m19:45:26.996898 [debug] [Thread-1 (]: On test.pulse_transform.not_null_stg_crypto_id.6ded0cac78: ROLLBACK
[0m19:45:26.997396 [debug] [Thread-1 (]: On test.pulse_transform.not_null_stg_crypto_id.6ded0cac78: Close
[0m19:45:26.997396 [info ] [Thread-1 (]: 5 of 22 PASS not_null_stg_crypto_id ............................................ [[32mPASS[0m in 0.05s]
[0m19:45:26.998399 [debug] [Thread-1 (]: Finished running node test.pulse_transform.not_null_stg_crypto_id.6ded0cac78
[0m19:45:26.998904 [debug] [Thread-1 (]: Began running node test.pulse_transform.unique_stg_crypto_id.a906923065
[0m19:45:26.999403 [info ] [Thread-1 (]: 6 of 22 START test unique_stg_crypto_id ........................................ [RUN]
[0m19:45:26.999904 [debug] [Thread-1 (]: Re-using an available connection from the pool (formerly test.pulse_transform.not_null_stg_crypto_id.6ded0cac78, now test.pulse_transform.unique_stg_crypto_id.a906923065)
[0m19:45:26.999904 [debug] [Thread-1 (]: Began compiling node test.pulse_transform.unique_stg_crypto_id.a906923065
[0m19:45:27.008472 [debug] [Thread-1 (]: Writing injected SQL for node "test.pulse_transform.unique_stg_crypto_id.a906923065"
[0m19:45:27.009473 [debug] [Thread-1 (]: Began executing node test.pulse_transform.unique_stg_crypto_id.a906923065
[0m19:45:27.010972 [debug] [Thread-1 (]: Writing runtime sql for node "test.pulse_transform.unique_stg_crypto_id.a906923065"
[0m19:45:27.011472 [debug] [Thread-1 (]: Using postgres connection "test.pulse_transform.unique_stg_crypto_id.a906923065"
[0m19:45:27.011973 [debug] [Thread-1 (]: On test.pulse_transform.unique_stg_crypto_id.a906923065: /* {"app": "dbt", "dbt_version": "1.12.0", "profile_name": "pulse_transform_profile", "target_name": "dev", "node_id": "test.pulse_transform.unique_stg_crypto_id.a906923065"} */

    
    select
      count(*) as failures,
      count(*) != 0 as should_warn,
      count(*) != 0 as should_error
    from (
      
    
  
    
    

select
    id as unique_field,
    count(*) as n_records

from "pulse"."public_public"."stg_crypto"
where id is not null
group by id
having count(*) > 1



  
  
      
    ) dbt_internal_test
[0m19:45:27.012473 [debug] [Thread-1 (]: Opening a new connection, currently in state closed
[0m19:45:27.042508 [debug] [Thread-1 (]: SQL status: SELECT 1 in 0.030 seconds
[0m19:45:27.044016 [debug] [Thread-1 (]: On test.pulse_transform.unique_stg_crypto_id.a906923065: ROLLBACK
[0m19:45:27.045016 [debug] [Thread-1 (]: On test.pulse_transform.unique_stg_crypto_id.a906923065: Close
[0m19:45:27.046022 [info ] [Thread-1 (]: 6 of 22 PASS unique_stg_crypto_id .............................................. [[32mPASS[0m in 0.05s]
[0m19:45:27.046521 [debug] [Thread-1 (]: Finished running node test.pulse_transform.unique_stg_crypto_id.a906923065
[0m19:45:27.046521 [debug] [Thread-1 (]: Began running node test.pulse_transform.not_null_stg_sports_away_score.8a079e60bc
[0m19:45:27.047021 [info ] [Thread-1 (]: 7 of 22 START test not_null_stg_sports_away_score .............................. [RUN]
[0m19:45:27.047520 [debug] [Thread-1 (]: Re-using an available connection from the pool (formerly test.pulse_transform.unique_stg_crypto_id.a906923065, now test.pulse_transform.not_null_stg_sports_away_score.8a079e60bc)
[0m19:45:27.047520 [debug] [Thread-1 (]: Began compiling node test.pulse_transform.not_null_stg_sports_away_score.8a079e60bc
[0m19:45:27.128157 [debug] [Thread-1 (]: Writing injected SQL for node "test.pulse_transform.not_null_stg_sports_away_score.8a079e60bc"
[0m19:45:27.129157 [debug] [Thread-1 (]: Began executing node test.pulse_transform.not_null_stg_sports_away_score.8a079e60bc
[0m19:45:27.130158 [debug] [Thread-1 (]: Writing runtime sql for node "test.pulse_transform.not_null_stg_sports_away_score.8a079e60bc"
[0m19:45:27.130659 [debug] [Thread-1 (]: Using postgres connection "test.pulse_transform.not_null_stg_sports_away_score.8a079e60bc"
[0m19:45:27.131156 [debug] [Thread-1 (]: On test.pulse_transform.not_null_stg_sports_away_score.8a079e60bc: /* {"app": "dbt", "dbt_version": "1.12.0", "profile_name": "pulse_transform_profile", "target_name": "dev", "node_id": "test.pulse_transform.not_null_stg_sports_away_score.8a079e60bc"} */

    
    select
      count(*) as failures,
      count(*) != 0 as should_warn,
      count(*) != 0 as should_error
    from (
      
    
  
    
    



select away_score
from "pulse"."public_public"."stg_sports"
where away_score is null



  
  
      
    ) dbt_internal_test
[0m19:45:27.131156 [debug] [Thread-1 (]: Opening a new connection, currently in state closed
[0m19:45:27.163721 [debug] [Thread-1 (]: SQL status: SELECT 1 in 0.032 seconds
[0m19:45:27.165721 [debug] [Thread-1 (]: On test.pulse_transform.not_null_stg_sports_away_score.8a079e60bc: ROLLBACK
[0m19:45:27.166221 [debug] [Thread-1 (]: On test.pulse_transform.not_null_stg_sports_away_score.8a079e60bc: Close
[0m19:45:27.167222 [info ] [Thread-1 (]: 7 of 22 PASS not_null_stg_sports_away_score .................................... [[32mPASS[0m in 0.12s]
[0m19:45:27.167720 [debug] [Thread-1 (]: Finished running node test.pulse_transform.not_null_stg_sports_away_score.8a079e60bc
[0m19:45:27.168221 [debug] [Thread-1 (]: Began running node test.pulse_transform.not_null_stg_sports_away_team.cfb7ffdcd4
[0m19:45:27.168721 [info ] [Thread-1 (]: 8 of 22 START test not_null_stg_sports_away_team ............................... [RUN]
[0m19:45:27.169223 [debug] [Thread-1 (]: Re-using an available connection from the pool (formerly test.pulse_transform.not_null_stg_sports_away_score.8a079e60bc, now test.pulse_transform.not_null_stg_sports_away_team.cfb7ffdcd4)
[0m19:45:27.169223 [debug] [Thread-1 (]: Began compiling node test.pulse_transform.not_null_stg_sports_away_team.cfb7ffdcd4
[0m19:45:27.175728 [debug] [Thread-1 (]: Writing injected SQL for node "test.pulse_transform.not_null_stg_sports_away_team.cfb7ffdcd4"
[0m19:45:27.176227 [debug] [Thread-1 (]: Began executing node test.pulse_transform.not_null_stg_sports_away_team.cfb7ffdcd4
[0m19:45:27.178236 [debug] [Thread-1 (]: Writing runtime sql for node "test.pulse_transform.not_null_stg_sports_away_team.cfb7ffdcd4"
[0m19:45:27.178741 [debug] [Thread-1 (]: Using postgres connection "test.pulse_transform.not_null_stg_sports_away_team.cfb7ffdcd4"
[0m19:45:27.179240 [debug] [Thread-1 (]: On test.pulse_transform.not_null_stg_sports_away_team.cfb7ffdcd4: /* {"app": "dbt", "dbt_version": "1.12.0", "profile_name": "pulse_transform_profile", "target_name": "dev", "node_id": "test.pulse_transform.not_null_stg_sports_away_team.cfb7ffdcd4"} */

    
    select
      count(*) as failures,
      count(*) != 0 as should_warn,
      count(*) != 0 as should_error
    from (
      
    
  
    
    



select away_team
from "pulse"."public_public"."stg_sports"
where away_team is null



  
  
      
    ) dbt_internal_test
[0m19:45:27.179741 [debug] [Thread-1 (]: Opening a new connection, currently in state closed
[0m19:45:27.318336 [debug] [Thread-1 (]: SQL status: SELECT 1 in 0.139 seconds
[0m19:45:27.320338 [debug] [Thread-1 (]: On test.pulse_transform.not_null_stg_sports_away_team.cfb7ffdcd4: ROLLBACK
[0m19:45:27.320838 [debug] [Thread-1 (]: On test.pulse_transform.not_null_stg_sports_away_team.cfb7ffdcd4: Close
[0m19:45:27.321339 [info ] [Thread-1 (]: 8 of 22 PASS not_null_stg_sports_away_team ..................................... [[32mPASS[0m in 0.15s]
[0m19:45:27.321837 [debug] [Thread-1 (]: Finished running node test.pulse_transform.not_null_stg_sports_away_team.cfb7ffdcd4
[0m19:45:27.322337 [debug] [Thread-1 (]: Began running node test.pulse_transform.not_null_stg_sports_game_date.7a0e7af6c4
[0m19:45:27.322337 [info ] [Thread-1 (]: 9 of 22 START test not_null_stg_sports_game_date ............................... [RUN]
[0m19:45:27.322337 [debug] [Thread-1 (]: Re-using an available connection from the pool (formerly test.pulse_transform.not_null_stg_sports_away_team.cfb7ffdcd4, now test.pulse_transform.not_null_stg_sports_game_date.7a0e7af6c4)
[0m19:45:27.323343 [debug] [Thread-1 (]: Began compiling node test.pulse_transform.not_null_stg_sports_game_date.7a0e7af6c4
[0m19:45:27.328849 [debug] [Thread-1 (]: Writing injected SQL for node "test.pulse_transform.not_null_stg_sports_game_date.7a0e7af6c4"
[0m19:45:27.329851 [debug] [Thread-1 (]: Began executing node test.pulse_transform.not_null_stg_sports_game_date.7a0e7af6c4
[0m19:45:27.330850 [debug] [Thread-1 (]: Writing runtime sql for node "test.pulse_transform.not_null_stg_sports_game_date.7a0e7af6c4"
[0m19:45:27.331349 [debug] [Thread-1 (]: Using postgres connection "test.pulse_transform.not_null_stg_sports_game_date.7a0e7af6c4"
[0m19:45:27.332353 [debug] [Thread-1 (]: On test.pulse_transform.not_null_stg_sports_game_date.7a0e7af6c4: /* {"app": "dbt", "dbt_version": "1.12.0", "profile_name": "pulse_transform_profile", "target_name": "dev", "node_id": "test.pulse_transform.not_null_stg_sports_game_date.7a0e7af6c4"} */

    
    select
      count(*) as failures,
      count(*) != 0 as should_warn,
      count(*) != 0 as should_error
    from (
      
    
  
    
    



select game_date
from "pulse"."public_public"."stg_sports"
where game_date is null



  
  
      
    ) dbt_internal_test
[0m19:45:27.332353 [debug] [Thread-1 (]: Opening a new connection, currently in state closed
[0m19:45:27.365835 [debug] [Thread-1 (]: SQL status: SELECT 1 in 0.033 seconds
[0m19:45:27.366834 [debug] [Thread-1 (]: On test.pulse_transform.not_null_stg_sports_game_date.7a0e7af6c4: ROLLBACK
[0m19:45:27.366834 [debug] [Thread-1 (]: On test.pulse_transform.not_null_stg_sports_game_date.7a0e7af6c4: Close
[0m19:45:27.367838 [info ] [Thread-1 (]: 9 of 22 PASS not_null_stg_sports_game_date ..................................... [[32mPASS[0m in 0.05s]
[0m19:45:27.368343 [debug] [Thread-1 (]: Finished running node test.pulse_transform.not_null_stg_sports_game_date.7a0e7af6c4
[0m19:45:27.368843 [debug] [Thread-1 (]: Began running node test.pulse_transform.not_null_stg_sports_home_score.e8726cdba9
[0m19:45:27.369343 [info ] [Thread-1 (]: 10 of 22 START test not_null_stg_sports_home_score ............................. [RUN]
[0m19:45:27.369843 [debug] [Thread-1 (]: Re-using an available connection from the pool (formerly test.pulse_transform.not_null_stg_sports_game_date.7a0e7af6c4, now test.pulse_transform.not_null_stg_sports_home_score.e8726cdba9)
[0m19:45:27.370343 [debug] [Thread-1 (]: Began compiling node test.pulse_transform.not_null_stg_sports_home_score.e8726cdba9
[0m19:45:27.375351 [debug] [Thread-1 (]: Writing injected SQL for node "test.pulse_transform.not_null_stg_sports_home_score.e8726cdba9"
[0m19:45:27.376352 [debug] [Thread-1 (]: Began executing node test.pulse_transform.not_null_stg_sports_home_score.e8726cdba9
[0m19:45:27.378351 [debug] [Thread-1 (]: Writing runtime sql for node "test.pulse_transform.not_null_stg_sports_home_score.e8726cdba9"
[0m19:45:27.379351 [debug] [Thread-1 (]: Using postgres connection "test.pulse_transform.not_null_stg_sports_home_score.e8726cdba9"
[0m19:45:27.379351 [debug] [Thread-1 (]: On test.pulse_transform.not_null_stg_sports_home_score.e8726cdba9: /* {"app": "dbt", "dbt_version": "1.12.0", "profile_name": "pulse_transform_profile", "target_name": "dev", "node_id": "test.pulse_transform.not_null_stg_sports_home_score.e8726cdba9"} */

    
    select
      count(*) as failures,
      count(*) != 0 as should_warn,
      count(*) != 0 as should_error
    from (
      
    
  
    
    



select home_score
from "pulse"."public_public"."stg_sports"
where home_score is null



  
  
      
    ) dbt_internal_test
[0m19:45:27.379852 [debug] [Thread-1 (]: Opening a new connection, currently in state closed
[0m19:45:27.412389 [debug] [Thread-1 (]: SQL status: SELECT 1 in 0.033 seconds
[0m19:45:27.413897 [debug] [Thread-1 (]: On test.pulse_transform.not_null_stg_sports_home_score.e8726cdba9: ROLLBACK
[0m19:45:27.414397 [debug] [Thread-1 (]: On test.pulse_transform.not_null_stg_sports_home_score.e8726cdba9: Close
[0m19:45:27.415398 [info ] [Thread-1 (]: 10 of 22 PASS not_null_stg_sports_home_score ................................... [[32mPASS[0m in 0.05s]
[0m19:45:27.415903 [debug] [Thread-1 (]: Finished running node test.pulse_transform.not_null_stg_sports_home_score.e8726cdba9
[0m19:45:27.415903 [debug] [Thread-1 (]: Began running node test.pulse_transform.not_null_stg_sports_home_team.9d8def7714
[0m19:45:27.416402 [info ] [Thread-1 (]: 11 of 22 START test not_null_stg_sports_home_team .............................. [RUN]
[0m19:45:27.416902 [debug] [Thread-1 (]: Re-using an available connection from the pool (formerly test.pulse_transform.not_null_stg_sports_home_score.e8726cdba9, now test.pulse_transform.not_null_stg_sports_home_team.9d8def7714)
[0m19:45:27.417403 [debug] [Thread-1 (]: Began compiling node test.pulse_transform.not_null_stg_sports_home_team.9d8def7714
[0m19:45:27.422408 [debug] [Thread-1 (]: Writing injected SQL for node "test.pulse_transform.not_null_stg_sports_home_team.9d8def7714"
[0m19:45:27.423411 [debug] [Thread-1 (]: Began executing node test.pulse_transform.not_null_stg_sports_home_team.9d8def7714
[0m19:45:27.424914 [debug] [Thread-1 (]: Writing runtime sql for node "test.pulse_transform.not_null_stg_sports_home_team.9d8def7714"
[0m19:45:27.425915 [debug] [Thread-1 (]: Using postgres connection "test.pulse_transform.not_null_stg_sports_home_team.9d8def7714"
[0m19:45:27.426415 [debug] [Thread-1 (]: On test.pulse_transform.not_null_stg_sports_home_team.9d8def7714: /* {"app": "dbt", "dbt_version": "1.12.0", "profile_name": "pulse_transform_profile", "target_name": "dev", "node_id": "test.pulse_transform.not_null_stg_sports_home_team.9d8def7714"} */

    
    select
      count(*) as failures,
      count(*) != 0 as should_warn,
      count(*) != 0 as should_error
    from (
      
    
  
    
    



select home_team
from "pulse"."public_public"."stg_sports"
where home_team is null



  
  
      
    ) dbt_internal_test
[0m19:45:27.426415 [debug] [Thread-1 (]: Opening a new connection, currently in state closed
[0m19:45:27.460955 [debug] [Thread-1 (]: SQL status: SELECT 1 in 0.034 seconds
[0m19:45:27.462454 [debug] [Thread-1 (]: On test.pulse_transform.not_null_stg_sports_home_team.9d8def7714: ROLLBACK
[0m19:45:27.462454 [debug] [Thread-1 (]: On test.pulse_transform.not_null_stg_sports_home_team.9d8def7714: Close
[0m19:45:27.463963 [info ] [Thread-1 (]: 11 of 22 PASS not_null_stg_sports_home_team .................................... [[32mPASS[0m in 0.05s]
[0m19:45:27.464462 [debug] [Thread-1 (]: Finished running node test.pulse_transform.not_null_stg_sports_home_team.9d8def7714
[0m19:45:27.464964 [debug] [Thread-1 (]: Began running node test.pulse_transform.not_null_stg_sports_id.a70dda288b
[0m19:45:27.465471 [info ] [Thread-1 (]: 12 of 22 START test not_null_stg_sports_id ..................................... [RUN]
[0m19:45:27.465970 [debug] [Thread-1 (]: Re-using an available connection from the pool (formerly test.pulse_transform.not_null_stg_sports_home_team.9d8def7714, now test.pulse_transform.not_null_stg_sports_id.a70dda288b)
[0m19:45:27.466470 [debug] [Thread-1 (]: Began compiling node test.pulse_transform.not_null_stg_sports_id.a70dda288b
[0m19:45:27.473988 [debug] [Thread-1 (]: Writing injected SQL for node "test.pulse_transform.not_null_stg_sports_id.a70dda288b"
[0m19:45:27.474989 [debug] [Thread-1 (]: Began executing node test.pulse_transform.not_null_stg_sports_id.a70dda288b
[0m19:45:27.476492 [debug] [Thread-1 (]: Writing runtime sql for node "test.pulse_transform.not_null_stg_sports_id.a70dda288b"
[0m19:45:27.476992 [debug] [Thread-1 (]: Using postgres connection "test.pulse_transform.not_null_stg_sports_id.a70dda288b"
[0m19:45:27.477493 [debug] [Thread-1 (]: On test.pulse_transform.not_null_stg_sports_id.a70dda288b: /* {"app": "dbt", "dbt_version": "1.12.0", "profile_name": "pulse_transform_profile", "target_name": "dev", "node_id": "test.pulse_transform.not_null_stg_sports_id.a70dda288b"} */

    
    select
      count(*) as failures,
      count(*) != 0 as should_warn,
      count(*) != 0 as should_error
    from (
      
    
  
    
    



select id
from "pulse"."public_public"."stg_sports"
where id is null



  
  
      
    ) dbt_internal_test
[0m19:45:27.477997 [debug] [Thread-1 (]: Opening a new connection, currently in state closed
[0m19:45:27.509036 [debug] [Thread-1 (]: SQL status: SELECT 1 in 0.031 seconds
[0m19:45:27.510535 [debug] [Thread-1 (]: On test.pulse_transform.not_null_stg_sports_id.a70dda288b: ROLLBACK
[0m19:45:27.510535 [debug] [Thread-1 (]: On test.pulse_transform.not_null_stg_sports_id.a70dda288b: Close
[0m19:45:27.511535 [info ] [Thread-1 (]: 12 of 22 PASS not_null_stg_sports_id ........................................... [[32mPASS[0m in 0.05s]
[0m19:45:27.511535 [debug] [Thread-1 (]: Finished running node test.pulse_transform.not_null_stg_sports_id.a70dda288b
[0m19:45:27.512034 [debug] [Thread-1 (]: Began running node test.pulse_transform.accepted_values_stg_weather_condition__clear__mainly_clear__partly_cloudy__overcast__fog__depositing_rime_fog__drizzle_light__drizzle_moderate__drizzle_dense__freezing_drizzle_light__freezing_drizzle_dense__rain_slight__rain_moderate__rain_heavy__freezing_rain_light__freezing_rain_heavy__snow_fall_slight__snow_fall_moderate__snow_fall_heavy__snow_grains__rain_showers_slight__rain_showers_moderate__rain_showers_violent__snow_showers_slight__snow_showers_heavy__thunderstorm_slight_or_moderate__thunderstorm_hail_slight__thunderstorm_hail_heavy__unknown.49df99636f
[0m19:45:27.512535 [info ] [Thread-1 (]: 13 of 22 START test accepted_values_stg_weather_condition__clear__mainly_clear__partly_cloudy__overcast__fog__depositing_rime_fog__drizzle_light__drizzle_moderate__drizzle_dense__freezing_drizzle_light__freezing_drizzle_dense__rain_slight__rain_moderate__rain_heavy__freezing_rain_light__freezing_rain_heavy__snow_fall_slight__snow_fall_moderate__snow_fall_heavy__snow_grains__rain_showers_slight__rain_showers_moderate__rain_showers_violent__snow_showers_slight__snow_showers_heavy__thunderstorm_slight_or_moderate__thunderstorm_hail_slight__thunderstorm_hail_heavy__unknown  [RUN]
[0m19:45:27.512535 [debug] [Thread-1 (]: Re-using an available connection from the pool (formerly test.pulse_transform.not_null_stg_sports_id.a70dda288b, now test.pulse_transform.accepted_values_stg_weather_condition__clear__mainly_clear__partly_cloudy__overcast__fog__depositing_rime_fog__drizzle_light__drizzle_moderate__drizzle_dense__freezing_drizzle_light__freezing_drizzle_dense__rain_slight__rain_moderate__rain_heavy__freezing_rain_light__freezing_rain_heavy__snow_fall_slight__snow_fall_moderate__snow_fall_heavy__snow_grains__rain_showers_slight__rain_showers_moderate__rain_showers_violent__snow_showers_slight__snow_showers_heavy__thunderstorm_slight_or_moderate__thunderstorm_hail_slight__thunderstorm_hail_heavy__unknown.49df99636f)
[0m19:45:27.512535 [debug] [Thread-1 (]: Began compiling node test.pulse_transform.accepted_values_stg_weather_condition__clear__mainly_clear__partly_cloudy__overcast__fog__depositing_rime_fog__drizzle_light__drizzle_moderate__drizzle_dense__freezing_drizzle_light__freezing_drizzle_dense__rain_slight__rain_moderate__rain_heavy__freezing_rain_light__freezing_rain_heavy__snow_fall_slight__snow_fall_moderate__snow_fall_heavy__snow_grains__rain_showers_slight__rain_showers_moderate__rain_showers_violent__snow_showers_slight__snow_showers_heavy__thunderstorm_slight_or_moderate__thunderstorm_hail_slight__thunderstorm_hail_heavy__unknown.49df99636f
[0m19:45:27.597206 [debug] [Thread-1 (]: Writing injected SQL for node "test.pulse_transform.accepted_values_stg_weather_condition__clear__mainly_clear__partly_cloudy__overcast__fog__depositing_rime_fog__drizzle_light__drizzle_moderate__drizzle_dense__freezing_drizzle_light__freezing_drizzle_dense__rain_slight__rain_moderate__rain_heavy__freezing_rain_light__freezing_rain_heavy__snow_fall_slight__snow_fall_moderate__snow_fall_heavy__snow_grains__rain_showers_slight__rain_showers_moderate__rain_showers_violent__snow_showers_slight__snow_showers_heavy__thunderstorm_slight_or_moderate__thunderstorm_hail_slight__thunderstorm_hail_heavy__unknown.49df99636f"
[0m19:45:27.599219 [debug] [Thread-1 (]: Began executing node test.pulse_transform.accepted_values_stg_weather_condition__clear__mainly_clear__partly_cloudy__overcast__fog__depositing_rime_fog__drizzle_light__drizzle_moderate__drizzle_dense__freezing_drizzle_light__freezing_drizzle_dense__rain_slight__rain_moderate__rain_heavy__freezing_rain_light__freezing_rain_heavy__snow_fall_slight__snow_fall_moderate__snow_fall_heavy__snow_grains__rain_showers_slight__rain_showers_moderate__rain_showers_violent__snow_showers_slight__snow_showers_heavy__thunderstorm_slight_or_moderate__thunderstorm_hail_slight__thunderstorm_hail_heavy__unknown.49df99636f
[0m19:45:27.600716 [debug] [Thread-1 (]: Writing runtime sql for node "test.pulse_transform.accepted_values_stg_weather_condition__clear__mainly_clear__partly_cloudy__overcast__fog__depositing_rime_fog__drizzle_light__drizzle_moderate__drizzle_dense__freezing_drizzle_light__freezing_drizzle_dense__rain_slight__rain_moderate__rain_heavy__freezing_rain_light__freezing_rain_heavy__snow_fall_slight__snow_fall_moderate__snow_fall_heavy__snow_grains__rain_showers_slight__rain_showers_moderate__rain_showers_violent__snow_showers_slight__snow_showers_heavy__thunderstorm_slight_or_moderate__thunderstorm_hail_slight__thunderstorm_hail_heavy__unknown.49df99636f"
[0m19:45:27.601718 [debug] [Thread-1 (]: Using postgres connection "test.pulse_transform.accepted_values_stg_weather_condition__clear__mainly_clear__partly_cloudy__overcast__fog__depositing_rime_fog__drizzle_light__drizzle_moderate__drizzle_dense__freezing_drizzle_light__freezing_drizzle_dense__rain_slight__rain_moderate__rain_heavy__freezing_rain_light__freezing_rain_heavy__snow_fall_slight__snow_fall_moderate__snow_fall_heavy__snow_grains__rain_showers_slight__rain_showers_moderate__rain_showers_violent__snow_showers_slight__snow_showers_heavy__thunderstorm_slight_or_moderate__thunderstorm_hail_slight__thunderstorm_hail_heavy__unknown.49df99636f"
[0m19:45:27.602218 [debug] [Thread-1 (]: On test.pulse_transform.accepted_values_stg_weather_condition__clear__mainly_clear__partly_cloudy__overcast__fog__depositing_rime_fog__drizzle_light__drizzle_moderate__drizzle_dense__freezing_drizzle_light__freezing_drizzle_dense__rain_slight__rain_moderate__rain_heavy__freezing_rain_light__freezing_rain_heavy__snow_fall_slight__snow_fall_moderate__snow_fall_heavy__snow_grains__rain_showers_slight__rain_showers_moderate__rain_showers_violent__snow_showers_slight__snow_showers_heavy__thunderstorm_slight_or_moderate__thunderstorm_hail_slight__thunderstorm_hail_heavy__unknown.49df99636f: /* {"app": "dbt", "dbt_version": "1.12.0", "profile_name": "pulse_transform_profile", "target_name": "dev", "node_id": "test.pulse_transform.accepted_values_stg_weather_condition__clear__mainly_clear__partly_cloudy__overcast__fog__depositing_rime_fog__drizzle_light__drizzle_moderate__drizzle_dense__freezing_drizzle_light__freezing_drizzle_dense__rain_slight__rain_moderate__rain_heavy__freezing_rain_light__freezing_rain_heavy__snow_fall_slight__snow_fall_moderate__snow_fall_heavy__snow_grains__rain_showers_slight__rain_showers_moderate__rain_showers_violent__snow_showers_slight__snow_showers_heavy__thunderstorm_slight_or_moderate__thunderstorm_hail_slight__thunderstorm_hail_heavy__unknown.49df99636f"} */

    
    select
      count(*) as failures,
      count(*) != 0 as should_warn,
      count(*) != 0 as should_error
    from (
      
    
  
    
    

with all_values as (

    select
        condition as value_field,
        count(*) as n_records

    from "pulse"."public_public"."stg_weather"
    group by condition

)

select *
from all_values
where value_field not in (
    'clear','mainly_clear','partly_cloudy','overcast','fog','depositing_rime_fog','drizzle_light','drizzle_moderate','drizzle_dense','freezing_drizzle_light','freezing_drizzle_dense','rain_slight','rain_moderate','rain_heavy','freezing_rain_light','freezing_rain_heavy','snow_fall_slight','snow_fall_moderate','snow_fall_heavy','snow_grains','rain_showers_slight','rain_showers_moderate','rain_showers_violent','snow_showers_slight','snow_showers_heavy','thunderstorm_slight_or_moderate','thunderstorm_hail_slight','thunderstorm_hail_heavy','unknown'
)



  
  
      
    ) dbt_internal_test
[0m19:45:27.602218 [debug] [Thread-1 (]: Opening a new connection, currently in state closed
[0m19:45:27.737895 [debug] [Thread-1 (]: SQL status: SELECT 1 in 0.135 seconds
[0m19:45:27.738895 [debug] [Thread-1 (]: On test.pulse_transform.accepted_values_stg_weather_condition__clear__mainly_clear__partly_cloudy__overcast__fog__depositing_rime_fog__drizzle_light__drizzle_moderate__drizzle_dense__freezing_drizzle_light__freezing_drizzle_dense__rain_slight__rain_moderate__rain_heavy__freezing_rain_light__freezing_rain_heavy__snow_fall_slight__snow_fall_moderate__snow_fall_heavy__snow_grains__rain_showers_slight__rain_showers_moderate__rain_showers_violent__snow_showers_slight__snow_showers_heavy__thunderstorm_slight_or_moderate__thunderstorm_hail_slight__thunderstorm_hail_heavy__unknown.49df99636f: ROLLBACK
[0m19:45:27.739394 [debug] [Thread-1 (]: On test.pulse_transform.accepted_values_stg_weather_condition__clear__mainly_clear__partly_cloudy__overcast__fog__depositing_rime_fog__drizzle_light__drizzle_moderate__drizzle_dense__freezing_drizzle_light__freezing_drizzle_dense__rain_slight__rain_moderate__rain_heavy__freezing_rain_light__freezing_rain_heavy__snow_fall_slight__snow_fall_moderate__snow_fall_heavy__snow_grains__rain_showers_slight__rain_showers_moderate__rain_showers_violent__snow_showers_slight__snow_showers_heavy__thunderstorm_slight_or_moderate__thunderstorm_hail_slight__thunderstorm_hail_heavy__unknown.49df99636f: Close
[0m19:45:27.740395 [info ] [Thread-1 (]: 13 of 22 PASS accepted_values_stg_weather_condition__clear__mainly_clear__partly_cloudy__overcast__fog__depositing_rime_fog__drizzle_light__drizzle_moderate__drizzle_dense__freezing_drizzle_light__freezing_drizzle_dense__rain_slight__rain_moderate__rain_heavy__freezing_rain_light__freezing_rain_heavy__snow_fall_slight__snow_fall_moderate__snow_fall_heavy__snow_grains__rain_showers_slight__rain_showers_moderate__rain_showers_violent__snow_showers_slight__snow_showers_heavy__thunderstorm_slight_or_moderate__thunderstorm_hail_slight__thunderstorm_hail_heavy__unknown  [[32mPASS[0m in 0.23s]
[0m19:45:27.740895 [debug] [Thread-1 (]: Finished running node test.pulse_transform.accepted_values_stg_weather_condition__clear__mainly_clear__partly_cloudy__overcast__fog__depositing_rime_fog__drizzle_light__drizzle_moderate__drizzle_dense__freezing_drizzle_light__freezing_drizzle_dense__rain_slight__rain_moderate__rain_heavy__freezing_rain_light__freezing_rain_heavy__snow_fall_slight__snow_fall_moderate__snow_fall_heavy__snow_grains__rain_showers_slight__rain_showers_moderate__rain_showers_violent__snow_showers_slight__snow_showers_heavy__thunderstorm_slight_or_moderate__thunderstorm_hail_slight__thunderstorm_hail_heavy__unknown.49df99636f
[0m19:45:27.741395 [debug] [Thread-1 (]: Began running node test.pulse_transform.not_null_stg_weather_city.c03e0c0127
[0m19:45:27.741395 [info ] [Thread-1 (]: 14 of 22 START test not_null_stg_weather_city .................................. [RUN]
[0m19:45:27.741895 [debug] [Thread-1 (]: Re-using an available connection from the pool (formerly test.pulse_transform.accepted_values_stg_weather_condition__clear__mainly_clear__partly_cloudy__overcast__fog__depositing_rime_fog__drizzle_light__drizzle_moderate__drizzle_dense__freezing_drizzle_light__freezing_drizzle_dense__rain_slight__rain_moderate__rain_heavy__freezing_rain_light__freezing_rain_heavy__snow_fall_slight__snow_fall_moderate__snow_fall_heavy__snow_grains__rain_showers_slight__rain_showers_moderate__rain_showers_violent__snow_showers_slight__snow_showers_heavy__thunderstorm_slight_or_moderate__thunderstorm_hail_slight__thunderstorm_hail_heavy__unknown.49df99636f, now test.pulse_transform.not_null_stg_weather_city.c03e0c0127)
[0m19:45:27.742395 [debug] [Thread-1 (]: Began compiling node test.pulse_transform.not_null_stg_weather_city.c03e0c0127
[0m19:45:27.747908 [debug] [Thread-1 (]: Writing injected SQL for node "test.pulse_transform.not_null_stg_weather_city.c03e0c0127"
[0m19:45:27.748413 [debug] [Thread-1 (]: Began executing node test.pulse_transform.not_null_stg_weather_city.c03e0c0127
[0m19:45:27.749912 [debug] [Thread-1 (]: Writing runtime sql for node "test.pulse_transform.not_null_stg_weather_city.c03e0c0127"
[0m19:45:27.750413 [debug] [Thread-1 (]: Using postgres connection "test.pulse_transform.not_null_stg_weather_city.c03e0c0127"
[0m19:45:27.750915 [debug] [Thread-1 (]: On test.pulse_transform.not_null_stg_weather_city.c03e0c0127: /* {"app": "dbt", "dbt_version": "1.12.0", "profile_name": "pulse_transform_profile", "target_name": "dev", "node_id": "test.pulse_transform.not_null_stg_weather_city.c03e0c0127"} */

    
    select
      count(*) as failures,
      count(*) != 0 as should_warn,
      count(*) != 0 as should_error
    from (
      
    
  
    
    



select city
from "pulse"."public_public"."stg_weather"
where city is null



  
  
      
    ) dbt_internal_test
[0m19:45:27.750915 [debug] [Thread-1 (]: Opening a new connection, currently in state closed
[0m19:45:27.778958 [debug] [Thread-1 (]: SQL status: SELECT 1 in 0.028 seconds
[0m19:45:27.780456 [debug] [Thread-1 (]: On test.pulse_transform.not_null_stg_weather_city.c03e0c0127: ROLLBACK
[0m19:45:27.780958 [debug] [Thread-1 (]: On test.pulse_transform.not_null_stg_weather_city.c03e0c0127: Close
[0m19:45:27.781956 [info ] [Thread-1 (]: 14 of 22 PASS not_null_stg_weather_city ........................................ [[32mPASS[0m in 0.04s]
[0m19:45:27.782455 [debug] [Thread-1 (]: Finished running node test.pulse_transform.not_null_stg_weather_city.c03e0c0127
[0m19:45:27.782455 [debug] [Thread-1 (]: Began running node test.pulse_transform.not_null_stg_weather_condition.0c9e947318
[0m19:45:27.782455 [info ] [Thread-1 (]: 15 of 22 START test not_null_stg_weather_condition ............................. [RUN]
[0m19:45:27.783458 [debug] [Thread-1 (]: Re-using an available connection from the pool (formerly test.pulse_transform.not_null_stg_weather_city.c03e0c0127, now test.pulse_transform.not_null_stg_weather_condition.0c9e947318)
[0m19:45:27.783963 [debug] [Thread-1 (]: Began compiling node test.pulse_transform.not_null_stg_weather_condition.0c9e947318
[0m19:45:27.790827 [debug] [Thread-1 (]: Writing injected SQL for node "test.pulse_transform.not_null_stg_weather_condition.0c9e947318"
[0m19:45:27.791328 [debug] [Thread-1 (]: Began executing node test.pulse_transform.not_null_stg_weather_condition.0c9e947318
[0m19:45:27.792329 [debug] [Thread-1 (]: Writing runtime sql for node "test.pulse_transform.not_null_stg_weather_condition.0c9e947318"
[0m19:45:27.793837 [debug] [Thread-1 (]: Using postgres connection "test.pulse_transform.not_null_stg_weather_condition.0c9e947318"
[0m19:45:27.793837 [debug] [Thread-1 (]: On test.pulse_transform.not_null_stg_weather_condition.0c9e947318: /* {"app": "dbt", "dbt_version": "1.12.0", "profile_name": "pulse_transform_profile", "target_name": "dev", "node_id": "test.pulse_transform.not_null_stg_weather_condition.0c9e947318"} */

    
    select
      count(*) as failures,
      count(*) != 0 as should_warn,
      count(*) != 0 as should_error
    from (
      
    
  
    
    



select condition
from "pulse"."public_public"."stg_weather"
where condition is null



  
  
      
    ) dbt_internal_test
[0m19:45:27.794338 [debug] [Thread-1 (]: Opening a new connection, currently in state closed
[0m19:45:27.824781 [debug] [Thread-1 (]: SQL status: SELECT 1 in 0.030 seconds
[0m19:45:27.827286 [debug] [Thread-1 (]: On test.pulse_transform.not_null_stg_weather_condition.0c9e947318: ROLLBACK
[0m19:45:27.827786 [debug] [Thread-1 (]: On test.pulse_transform.not_null_stg_weather_condition.0c9e947318: Close
[0m19:45:27.828785 [info ] [Thread-1 (]: 15 of 22 PASS not_null_stg_weather_condition ................................... [[32mPASS[0m in 0.04s]
[0m19:45:27.829285 [debug] [Thread-1 (]: Finished running node test.pulse_transform.not_null_stg_weather_condition.0c9e947318
[0m19:45:27.829785 [debug] [Thread-1 (]: Began running node test.pulse_transform.not_null_stg_weather_id.0e1828fa23
[0m19:45:27.830288 [info ] [Thread-1 (]: 16 of 22 START test not_null_stg_weather_id .................................... [RUN]
[0m19:45:27.830288 [debug] [Thread-1 (]: Re-using an available connection from the pool (formerly test.pulse_transform.not_null_stg_weather_condition.0c9e947318, now test.pulse_transform.not_null_stg_weather_id.0e1828fa23)
[0m19:45:27.830785 [debug] [Thread-1 (]: Began compiling node test.pulse_transform.not_null_stg_weather_id.0e1828fa23
[0m19:45:27.836416 [debug] [Thread-1 (]: Writing injected SQL for node "test.pulse_transform.not_null_stg_weather_id.0e1828fa23"
[0m19:45:27.837964 [debug] [Thread-1 (]: Began executing node test.pulse_transform.not_null_stg_weather_id.0e1828fa23
[0m19:45:27.840468 [debug] [Thread-1 (]: Writing runtime sql for node "test.pulse_transform.not_null_stg_weather_id.0e1828fa23"
[0m19:45:27.841473 [debug] [Thread-1 (]: Using postgres connection "test.pulse_transform.not_null_stg_weather_id.0e1828fa23"
[0m19:45:27.841975 [debug] [Thread-1 (]: On test.pulse_transform.not_null_stg_weather_id.0e1828fa23: /* {"app": "dbt", "dbt_version": "1.12.0", "profile_name": "pulse_transform_profile", "target_name": "dev", "node_id": "test.pulse_transform.not_null_stg_weather_id.0e1828fa23"} */

    
    select
      count(*) as failures,
      count(*) != 0 as should_warn,
      count(*) != 0 as should_error
    from (
      
    
  
    
    



select id
from "pulse"."public_public"."stg_weather"
where id is null



  
  
      
    ) dbt_internal_test
[0m19:45:27.841975 [debug] [Thread-1 (]: Opening a new connection, currently in state closed
[0m19:45:27.875464 [debug] [Thread-1 (]: SQL status: SELECT 1 in 0.033 seconds
[0m19:45:27.876467 [debug] [Thread-1 (]: On test.pulse_transform.not_null_stg_weather_id.0e1828fa23: ROLLBACK
[0m19:45:27.876467 [debug] [Thread-1 (]: On test.pulse_transform.not_null_stg_weather_id.0e1828fa23: Close
[0m19:45:27.877978 [info ] [Thread-1 (]: 16 of 22 PASS not_null_stg_weather_id .......................................... [[32mPASS[0m in 0.05s]
[0m19:45:27.878478 [debug] [Thread-1 (]: Finished running node test.pulse_transform.not_null_stg_weather_id.0e1828fa23
[0m19:45:27.878977 [debug] [Thread-1 (]: Began running node test.pulse_transform.not_null_stg_weather_temperature.fe647a6746
[0m19:45:27.879977 [info ] [Thread-1 (]: 17 of 22 START test not_null_stg_weather_temperature ........................... [RUN]
[0m19:45:27.879977 [debug] [Thread-1 (]: Re-using an available connection from the pool (formerly test.pulse_transform.not_null_stg_weather_id.0e1828fa23, now test.pulse_transform.not_null_stg_weather_temperature.fe647a6746)
[0m19:45:27.880478 [debug] [Thread-1 (]: Began compiling node test.pulse_transform.not_null_stg_weather_temperature.fe647a6746
[0m19:45:27.887486 [debug] [Thread-1 (]: Writing injected SQL for node "test.pulse_transform.not_null_stg_weather_temperature.fe647a6746"
[0m19:45:27.888486 [debug] [Thread-1 (]: Began executing node test.pulse_transform.not_null_stg_weather_temperature.fe647a6746
[0m19:45:27.889986 [debug] [Thread-1 (]: Writing runtime sql for node "test.pulse_transform.not_null_stg_weather_temperature.fe647a6746"
[0m19:45:27.890985 [debug] [Thread-1 (]: Using postgres connection "test.pulse_transform.not_null_stg_weather_temperature.fe647a6746"
[0m19:45:27.890985 [debug] [Thread-1 (]: On test.pulse_transform.not_null_stg_weather_temperature.fe647a6746: /* {"app": "dbt", "dbt_version": "1.12.0", "profile_name": "pulse_transform_profile", "target_name": "dev", "node_id": "test.pulse_transform.not_null_stg_weather_temperature.fe647a6746"} */

    
    select
      count(*) as failures,
      count(*) != 0 as should_warn,
      count(*) != 0 as should_error
    from (
      
    
  
    
    



select temperature
from "pulse"."public_public"."stg_weather"
where temperature is null



  
  
      
    ) dbt_internal_test
[0m19:45:27.891486 [debug] [Thread-1 (]: Opening a new connection, currently in state closed
[0m19:45:27.933577 [debug] [Thread-1 (]: SQL status: SELECT 1 in 0.042 seconds
[0m19:45:27.935586 [debug] [Thread-1 (]: On test.pulse_transform.not_null_stg_weather_temperature.fe647a6746: ROLLBACK
[0m19:45:27.936409 [debug] [Thread-1 (]: On test.pulse_transform.not_null_stg_weather_temperature.fe647a6746: Close
[0m19:45:27.936910 [info ] [Thread-1 (]: 17 of 22 PASS not_null_stg_weather_temperature ................................. [[32mPASS[0m in 0.06s]
[0m19:45:27.937915 [debug] [Thread-1 (]: Finished running node test.pulse_transform.not_null_stg_weather_temperature.fe647a6746
[0m19:45:27.938421 [debug] [Thread-1 (]: Began running node test.pulse_transform.unique_stg_weather_id.c42c665fbe
[0m19:45:27.938920 [info ] [Thread-1 (]: 18 of 22 START test unique_stg_weather_id ...................................... [RUN]
[0m19:45:27.939421 [debug] [Thread-1 (]: Re-using an available connection from the pool (formerly test.pulse_transform.not_null_stg_weather_temperature.fe647a6746, now test.pulse_transform.unique_stg_weather_id.c42c665fbe)
[0m19:45:27.939921 [debug] [Thread-1 (]: Began compiling node test.pulse_transform.unique_stg_weather_id.c42c665fbe
[0m19:45:27.947435 [debug] [Thread-1 (]: Writing injected SQL for node "test.pulse_transform.unique_stg_weather_id.c42c665fbe"
[0m19:45:27.948936 [debug] [Thread-1 (]: Began executing node test.pulse_transform.unique_stg_weather_id.c42c665fbe
[0m19:45:27.951436 [debug] [Thread-1 (]: Writing runtime sql for node "test.pulse_transform.unique_stg_weather_id.c42c665fbe"
[0m19:45:27.951935 [debug] [Thread-1 (]: Using postgres connection "test.pulse_transform.unique_stg_weather_id.c42c665fbe"
[0m19:45:27.952940 [debug] [Thread-1 (]: On test.pulse_transform.unique_stg_weather_id.c42c665fbe: /* {"app": "dbt", "dbt_version": "1.12.0", "profile_name": "pulse_transform_profile", "target_name": "dev", "node_id": "test.pulse_transform.unique_stg_weather_id.c42c665fbe"} */

    
    select
      count(*) as failures,
      count(*) != 0 as should_warn,
      count(*) != 0 as should_error
    from (
      
    
  
    
    

select
    id as unique_field,
    count(*) as n_records

from "pulse"."public_public"."stg_weather"
where id is not null
group by id
having count(*) > 1



  
  
      
    ) dbt_internal_test
[0m19:45:27.953445 [debug] [Thread-1 (]: Opening a new connection, currently in state closed
[0m19:45:28.012464 [debug] [Thread-1 (]: SQL status: SELECT 1 in 0.060 seconds
[0m19:45:28.014823 [debug] [Thread-1 (]: On test.pulse_transform.unique_stg_weather_id.c42c665fbe: ROLLBACK
[0m19:45:28.015828 [debug] [Thread-1 (]: On test.pulse_transform.unique_stg_weather_id.c42c665fbe: Close
[0m19:45:28.016828 [info ] [Thread-1 (]: 18 of 22 PASS unique_stg_weather_id ............................................ [[32mPASS[0m in 0.08s]
[0m19:45:28.017328 [debug] [Thread-1 (]: Finished running node test.pulse_transform.unique_stg_weather_id.c42c665fbe
[0m19:45:28.017828 [debug] [Thread-1 (]: Began running node model.pulse_transform.daily_summary
[0m19:45:28.018827 [info ] [Thread-1 (]: 19 of 22 START sql table model public_public.daily_summary ..................... [RUN]
[0m19:45:28.019328 [debug] [Thread-1 (]: Re-using an available connection from the pool (formerly test.pulse_transform.unique_stg_weather_id.c42c665fbe, now model.pulse_transform.daily_summary)
[0m19:45:28.019830 [debug] [Thread-1 (]: Began compiling node model.pulse_transform.daily_summary
[0m19:45:28.022327 [debug] [Thread-1 (]: Writing injected SQL for node "model.pulse_transform.daily_summary"
[0m19:45:28.023838 [debug] [Thread-1 (]: Began executing node model.pulse_transform.daily_summary
[0m19:45:28.027794 [debug] [Thread-1 (]: Writing runtime sql for node "model.pulse_transform.daily_summary"
[0m19:45:28.029807 [debug] [Thread-1 (]: Using postgres connection "model.pulse_transform.daily_summary"
[0m19:45:28.030307 [debug] [Thread-1 (]: On model.pulse_transform.daily_summary: /* {"app": "dbt", "dbt_version": "1.12.0", "profile_name": "pulse_transform_profile", "target_name": "dev", "node_id": "model.pulse_transform.daily_summary"} */

  
    

  create  table "pulse"."public_public"."daily_summary__dbt_tmp"
  
  
    as
  
  (
    with latest_weather as (
    select
        city,
        temperature,
        condition,
        ingested_at
    from "pulse"."public_public"."stg_weather"
    order by ingested_at desc
    limit 1
),
latest_sports as (
    select
        home_team,
        away_team,
        home_score,
        away_score,
        game_date,
        ingested_at
    from "pulse"."public_public"."stg_sports"
    order by game_date desc
    limit 10
),
top_crypto as (
    select
        coin,
        price_usd,
        ingested_at
    from "pulse"."public_public"."stg_crypto"
    order by price_usd desc
    limit 5
)

select
    w.city as weather_city,
    w.temperature as weather_temperature,
    w.condition as weather_condition,
    w.ingested_at as weather_ingested_at,
    s.home_team,
    s.away_team,
    s.home_score,
    s.away_score,
    s.game_date as sports_game_date,
    s.ingested_at as sports_ingested_at,
    c.coin as crypto_coin,
    c.price_usd as crypto_price_usd,
    c.ingested_at as crypto_ingested_at
from latest_weather w
cross join latest_sports s
cross join top_crypto c
  );
  
[0m19:45:28.030307 [debug] [Thread-1 (]: Opening a new connection, currently in state closed
[0m19:45:28.080792 [debug] [Thread-1 (]: SQL status: SELECT 15 in 0.050 seconds
[0m19:45:28.084300 [debug] [Thread-1 (]: Using postgres connection "model.pulse_transform.daily_summary"
[0m19:45:28.084806 [debug] [Thread-1 (]: On model.pulse_transform.daily_summary: /* {"app": "dbt", "dbt_version": "1.12.0", "profile_name": "pulse_transform_profile", "target_name": "dev", "node_id": "model.pulse_transform.daily_summary"} */
alter table "pulse"."public_public"."daily_summary" rename to "daily_summary__dbt_backup"
[0m19:45:28.085312 [debug] [Thread-1 (]: SQL status: ALTER TABLE in 0.000 seconds
[0m19:45:28.087813 [debug] [Thread-1 (]: Using postgres connection "model.pulse_transform.daily_summary"
[0m19:45:28.088318 [debug] [Thread-1 (]: On model.pulse_transform.daily_summary: /* {"app": "dbt", "dbt_version": "1.12.0", "profile_name": "pulse_transform_profile", "target_name": "dev", "node_id": "model.pulse_transform.daily_summary"} */
alter table "pulse"."public_public"."daily_summary__dbt_tmp" rename to "daily_summary"
[0m19:45:28.088820 [debug] [Thread-1 (]: SQL status: ALTER TABLE in 0.000 seconds
[0m19:45:28.090818 [debug] [Thread-1 (]: On model.pulse_transform.daily_summary: COMMIT
[0m19:45:28.091318 [debug] [Thread-1 (]: Using postgres connection "model.pulse_transform.daily_summary"
[0m19:45:28.091819 [debug] [Thread-1 (]: On model.pulse_transform.daily_summary: COMMIT
[0m19:45:28.092319 [debug] [Thread-1 (]: SQL status: COMMIT in 0.001 seconds
[0m19:45:28.094326 [debug] [Thread-1 (]: Applying DROP to: "pulse"."public_public"."daily_summary__dbt_backup"
[0m19:45:28.094829 [debug] [Thread-1 (]: Using postgres connection "model.pulse_transform.daily_summary"
[0m19:45:28.095327 [debug] [Thread-1 (]: On model.pulse_transform.daily_summary: /* {"app": "dbt", "dbt_version": "1.12.0", "profile_name": "pulse_transform_profile", "target_name": "dev", "node_id": "model.pulse_transform.daily_summary"} */
drop table if exists "pulse"."public_public"."daily_summary__dbt_backup" cascade
[0m19:45:28.098827 [debug] [Thread-1 (]: SQL status: DROP TABLE in 0.003 seconds
[0m19:45:28.099828 [debug] [Thread-1 (]: On model.pulse_transform.daily_summary: Close
[0m19:45:28.100327 [debug] [Thread-1 (]: Sending event: {'category': 'dbt', 'action': 'run_model', 'label': 'ee3840f5-e6c8-4acf-b7a6-ee7aed10b498', 'context': [<snowplow_tracker.self_describing_json.SelfDescribingJson object at 0x000001FC1F20CD70>]}
[0m19:45:28.100827 [info ] [Thread-1 (]: 19 of 22 OK created sql table model public_public.daily_summary ................ [[32mSELECT 15[0m in 0.08s]
[0m19:45:28.101828 [debug] [Thread-1 (]: Finished running node model.pulse_transform.daily_summary
[0m19:45:28.102327 [debug] [Thread-1 (]: Began running node test.pulse_transform.not_null_daily_summary_crypto_coin.2b3c1f82f7
[0m19:45:28.102327 [info ] [Thread-1 (]: 20 of 22 START test not_null_daily_summary_crypto_coin ......................... [RUN]
[0m19:45:28.103330 [debug] [Thread-1 (]: Re-using an available connection from the pool (formerly model.pulse_transform.daily_summary, now test.pulse_transform.not_null_daily_summary_crypto_coin.2b3c1f82f7)
[0m19:45:28.103836 [debug] [Thread-1 (]: Began compiling node test.pulse_transform.not_null_daily_summary_crypto_coin.2b3c1f82f7
[0m19:45:28.109845 [debug] [Thread-1 (]: Writing injected SQL for node "test.pulse_transform.not_null_daily_summary_crypto_coin.2b3c1f82f7"
[0m19:45:28.110847 [debug] [Thread-1 (]: Began executing node test.pulse_transform.not_null_daily_summary_crypto_coin.2b3c1f82f7
[0m19:45:28.112346 [debug] [Thread-1 (]: Writing runtime sql for node "test.pulse_transform.not_null_daily_summary_crypto_coin.2b3c1f82f7"
[0m19:45:28.113349 [debug] [Thread-1 (]: Using postgres connection "test.pulse_transform.not_null_daily_summary_crypto_coin.2b3c1f82f7"
[0m19:45:28.113853 [debug] [Thread-1 (]: On test.pulse_transform.not_null_daily_summary_crypto_coin.2b3c1f82f7: /* {"app": "dbt", "dbt_version": "1.12.0", "profile_name": "pulse_transform_profile", "target_name": "dev", "node_id": "test.pulse_transform.not_null_daily_summary_crypto_coin.2b3c1f82f7"} */

    
    select
      count(*) as failures,
      count(*) != 0 as should_warn,
      count(*) != 0 as should_error
    from (
      
    
  
    
    



select crypto_coin
from "pulse"."public_public"."daily_summary"
where crypto_coin is null



  
  
      
    ) dbt_internal_test
[0m19:45:28.113853 [debug] [Thread-1 (]: Opening a new connection, currently in state closed
[0m19:45:28.146885 [debug] [Thread-1 (]: SQL status: SELECT 1 in 0.033 seconds
[0m19:45:28.149885 [debug] [Thread-1 (]: On test.pulse_transform.not_null_daily_summary_crypto_coin.2b3c1f82f7: ROLLBACK
[0m19:45:28.150385 [debug] [Thread-1 (]: On test.pulse_transform.not_null_daily_summary_crypto_coin.2b3c1f82f7: Close
[0m19:45:28.151385 [info ] [Thread-1 (]: 20 of 22 PASS not_null_daily_summary_crypto_coin ............................... [[32mPASS[0m in 0.05s]
[0m19:45:28.153330 [debug] [Thread-1 (]: Finished running node test.pulse_transform.not_null_daily_summary_crypto_coin.2b3c1f82f7
[0m19:45:28.154336 [debug] [Thread-1 (]: Began running node test.pulse_transform.not_null_daily_summary_sports_game_date.d349270fc3
[0m19:45:28.154837 [info ] [Thread-1 (]: 21 of 22 START test not_null_daily_summary_sports_game_date .................... [RUN]
[0m19:45:28.155341 [debug] [Thread-1 (]: Re-using an available connection from the pool (formerly test.pulse_transform.not_null_daily_summary_crypto_coin.2b3c1f82f7, now test.pulse_transform.not_null_daily_summary_sports_game_date.d349270fc3)
[0m19:45:28.155693 [debug] [Thread-1 (]: Began compiling node test.pulse_transform.not_null_daily_summary_sports_game_date.d349270fc3
[0m19:45:28.162215 [debug] [Thread-1 (]: Writing injected SQL for node "test.pulse_transform.not_null_daily_summary_sports_game_date.d349270fc3"
[0m19:45:28.163219 [debug] [Thread-1 (]: Began executing node test.pulse_transform.not_null_daily_summary_sports_game_date.d349270fc3
[0m19:45:28.164723 [debug] [Thread-1 (]: Writing runtime sql for node "test.pulse_transform.not_null_daily_summary_sports_game_date.d349270fc3"
[0m19:45:28.165724 [debug] [Thread-1 (]: Using postgres connection "test.pulse_transform.not_null_daily_summary_sports_game_date.d349270fc3"
[0m19:45:28.166224 [debug] [Thread-1 (]: On test.pulse_transform.not_null_daily_summary_sports_game_date.d349270fc3: /* {"app": "dbt", "dbt_version": "1.12.0", "profile_name": "pulse_transform_profile", "target_name": "dev", "node_id": "test.pulse_transform.not_null_daily_summary_sports_game_date.d349270fc3"} */

    
    select
      count(*) as failures,
      count(*) != 0 as should_warn,
      count(*) != 0 as should_error
    from (
      
    
  
    
    



select sports_game_date
from "pulse"."public_public"."daily_summary"
where sports_game_date is null



  
  
      
    ) dbt_internal_test
[0m19:45:28.166724 [debug] [Thread-1 (]: Opening a new connection, currently in state closed
[0m19:45:28.204301 [debug] [Thread-1 (]: SQL status: SELECT 1 in 0.038 seconds
[0m19:45:28.205803 [debug] [Thread-1 (]: On test.pulse_transform.not_null_daily_summary_sports_game_date.d349270fc3: ROLLBACK
[0m19:45:28.206304 [debug] [Thread-1 (]: On test.pulse_transform.not_null_daily_summary_sports_game_date.d349270fc3: Close
[0m19:45:28.206804 [info ] [Thread-1 (]: 21 of 22 PASS not_null_daily_summary_sports_game_date .......................... [[32mPASS[0m in 0.05s]
[0m19:45:28.207304 [debug] [Thread-1 (]: Finished running node test.pulse_transform.not_null_daily_summary_sports_game_date.d349270fc3
[0m19:45:28.207804 [debug] [Thread-1 (]: Began running node test.pulse_transform.not_null_daily_summary_weather_city.efc8b36fcc
[0m19:45:28.208302 [info ] [Thread-1 (]: 22 of 22 START test not_null_daily_summary_weather_city ........................ [RUN]
[0m19:45:28.208804 [debug] [Thread-1 (]: Re-using an available connection from the pool (formerly test.pulse_transform.not_null_daily_summary_sports_game_date.d349270fc3, now test.pulse_transform.not_null_daily_summary_weather_city.efc8b36fcc)
[0m19:45:28.208804 [debug] [Thread-1 (]: Began compiling node test.pulse_transform.not_null_daily_summary_weather_city.efc8b36fcc
[0m19:45:28.215310 [debug] [Thread-1 (]: Writing injected SQL for node "test.pulse_transform.not_null_daily_summary_weather_city.efc8b36fcc"
[0m19:45:28.216310 [debug] [Thread-1 (]: Began executing node test.pulse_transform.not_null_daily_summary_weather_city.efc8b36fcc
[0m19:45:28.217813 [debug] [Thread-1 (]: Writing runtime sql for node "test.pulse_transform.not_null_daily_summary_weather_city.efc8b36fcc"
[0m19:45:28.219317 [debug] [Thread-1 (]: Using postgres connection "test.pulse_transform.not_null_daily_summary_weather_city.efc8b36fcc"
[0m19:45:28.219818 [debug] [Thread-1 (]: On test.pulse_transform.not_null_daily_summary_weather_city.efc8b36fcc: /* {"app": "dbt", "dbt_version": "1.12.0", "profile_name": "pulse_transform_profile", "target_name": "dev", "node_id": "test.pulse_transform.not_null_daily_summary_weather_city.efc8b36fcc"} */

    
    select
      count(*) as failures,
      count(*) != 0 as should_warn,
      count(*) != 0 as should_error
    from (
      
    
  
    
    



select weather_city
from "pulse"."public_public"."daily_summary"
where weather_city is null



  
  
      
    ) dbt_internal_test
[0m19:45:28.219818 [debug] [Thread-1 (]: Opening a new connection, currently in state closed
[0m19:45:28.249854 [debug] [Thread-1 (]: SQL status: SELECT 1 in 0.030 seconds
[0m19:45:28.251355 [debug] [Thread-1 (]: On test.pulse_transform.not_null_daily_summary_weather_city.efc8b36fcc: ROLLBACK
[0m19:45:28.251355 [debug] [Thread-1 (]: On test.pulse_transform.not_null_daily_summary_weather_city.efc8b36fcc: Close
[0m19:45:28.252354 [info ] [Thread-1 (]: 22 of 22 PASS not_null_daily_summary_weather_city .............................. [[32mPASS[0m in 0.04s]
[0m19:45:28.252354 [debug] [Thread-1 (]: Finished running node test.pulse_transform.not_null_daily_summary_weather_city.efc8b36fcc
[0m19:45:28.253863 [debug] [MainThread]: On master: COMMIT
[0m19:45:28.254362 [debug] [MainThread]: Using postgres connection "master"
[0m19:45:28.254362 [debug] [MainThread]: On master: COMMIT
[0m19:45:28.254862 [debug] [MainThread]: Opening a new connection, currently in state closed
[0m19:45:28.282414 [debug] [MainThread]: SQL status: COMMIT in 0.028 seconds
[0m19:45:28.282414 [debug] [MainThread]: On master: Close
[0m19:45:28.283418 [debug] [MainThread]: Connection 'master' was properly closed.
[0m19:45:28.283418 [debug] [MainThread]: Connection 'list_pulse' was properly closed.
[0m19:45:28.283418 [debug] [MainThread]: Connection 'list_pulse_public_public' was properly closed.
[0m19:45:28.284433 [debug] [MainThread]: Connection 'test.pulse_transform.not_null_daily_summary_weather_city.efc8b36fcc' was properly closed.
[0m19:45:28.284433 [info ] [MainThread]: 
[0m19:45:28.284937 [info ] [MainThread]: Finished running 4 table models, 18 data tests in 0 hours 0 minutes and 1.92 seconds (1.92s).
[0m19:45:28.287437 [debug] [MainThread]: Command end result
[0m19:45:28.316937 [debug] [MainThread]: Wrote artifact WritableManifest to C:\Users\Steve\OneDrive\Desktop\code\pulse\transform\target\manifest.json
[0m19:45:28.320437 [debug] [MainThread]: Wrote artifact SemanticManifest to C:\Users\Steve\OneDrive\Desktop\code\pulse\transform\target\semantic_manifest.json
[0m19:45:28.322437 [debug] [MainThread]: Wrote artifact OsiDocument to C:\Users\Steve\OneDrive\Desktop\code\pulse\transform\target\osi_document.json
[0m19:45:28.329756 [debug] [MainThread]: Wrote artifact RunExecutionResult to C:\Users\Steve\OneDrive\Desktop\code\pulse\transform\target\run_results.json
[0m19:45:28.330257 [info ] [MainThread]: 
[0m19:45:28.330757 [info ] [MainThread]: [32mCompleted successfully[0m
[0m19:45:28.330757 [info ] [MainThread]: 
[0m19:45:28.331757 [info ] [MainThread]: Done. PASS=22 WARN=0 ERROR=0 SKIP=0 NO-OP=0 REUSED=0 TOTAL=22
[0m19:45:28.332258 [debug] [MainThread]: Command `dbt build` succeeded at 19:45:28.332258 after 2.91 seconds
[0m19:45:28.333261 [debug] [MainThread]: Sending event: {'category': 'dbt', 'action': 'invocation', 'label': 'end', 'context': [<snowplow_tracker.self_describing_json.SelfDescribingJson object at 0x000001FC1E44B4A0>, <snowplow_tracker.self_describing_json.SelfDescribingJson object at 0x000001FC1C6E2420>, <snowplow_tracker.self_describing_json.SelfDescribingJson object at 0x000001FC1CC359A0>]}
[0m19:45:28.333765 [debug] [MainThread]: Flushing usage events
[0m19:45:28.920461 [debug] [MainThread]: An error was encountered while trying to flush usage events
